MIB Module,Object Name,OID,Kind,Syntax,Access,Description
ML540M-SYSTEM-MIB,productModel,1.3.6.1.4.1.5468.100.1.1.1,scalar,OCTET STRING ( SIZE ( 0 .. 25 ) ),read-only,Product Model name.
ML540M-SYSTEM-MIB,swVersion,1.3.6.1.4.1.5468.100.1.1.2,scalar,OCTET STRING ( SIZE ( 0 .. 20 ) ),read-only,System SW version
ML540M-SYSTEM-MIB,swBuildNo,1.3.6.1.4.1.5468.100.1.1.3,scalar,OCTET STRING ( SIZE ( 0 .. 30 ) ),read-only,System SW version built date
ML540M-SYSTEM-MIB,sysMAC,1.3.6.1.4.1.5468.100.1.1.4,scalar,PhysAddress,read-only,
ML540M-SYSTEM-MIB,portCount,1.3.6.1.4.1.5468.100.1.1.5,scalar,Integer32,read-only,
ML540M-SYSTEM-MIB,eventSeqId,1.3.6.1.4.1.5468.100.1.2.1.1.1.1,column,Integer32 ( 1 .. 65535 ),not-accessible,This object is used by the event table to identify the row of this table.
ML540M-SYSTEM-MIB,eventLevel,1.3.6.1.4.1.5468.100.1.2.1.1.1.2,column,VTSSEventLevel,read-only,This object indicates the level of event.
ML540M-SYSTEM-MIB,eventTime,1.3.6.1.4.1.5468.100.1.2.1.1.1.3,column,OCTET STRING ( SIZE ( 32 ) ),read-only,This attribute indicates the event occurence time.
ML540M-SYSTEM-MIB,eventMessage,1.3.6.1.4.1.5468.100.1.2.1.1.1.4,column,OCTET STRING ( SIZE ( 40 ) ),read-only,This attribute indicates the event message.
ML540M-SYSTEM-MIB,currentAlarmRowId,1.3.6.1.4.1.5468.100.1.2.2.1.1.1,column,Unsigned32 ( 1 .. 65535 ),read-only,This object indicates the row index in table.
ML540M-SYSTEM-MIB,currentAlarmSeqId,1.3.6.1.4.1.5468.100.1.2.2.1.1.2,column,Unsigned32 ( 1 .. 65535 ),read-only,"This object indicates the sequence index in table, when new alarm generated, index increases."
ML540M-SYSTEM-MIB,currentAlarmTypeId,1.3.6.1.4.1.5468.100.1.2.2.1.1.3,column,VTSSAlarmType,read-only,This attribute indicates the number of alarm type.
ML540M-SYSTEM-MIB,currentAlarmLevel,1.3.6.1.4.1.5468.100.1.2.2.1.1.4,column,VTSSAlarmLevel,read-only,This attribute indicates the alarm level.
ML540M-SYSTEM-MIB,currentAlarmState,1.3.6.1.4.1.5468.100.1.2.2.1.1.5,column,VTSSAlarmState,read-only,This attribute indicates the alarm state.
ML540M-SYSTEM-MIB,currentAlarmTime,1.3.6.1.4.1.5468.100.1.2.2.1.1.6,column,OCTET STRING (SIZE ( 32 ) ),read-only,This attribute indicates the alarm occurence time.
ML540M-SYSTEM-MIB,historyAlarmRowId,1.3.6.1.4.1.5468.100.1.2.2.2.1.1,column,Unsigned32 ( 1 .. 65535 ),read-only,This object indicates the row index in table.
ML540M-SYSTEM-MIB,historyAlarmSeqId,1.3.6.1.4.1.5468.100.1.2.2.2.1.2,column,Unsigned32 ( 1 .. 65535 ),read-only,"This object indicates the sequence index in table, when new alarm generated/cleard, index increases."
ML540M-SYSTEM-MIB,historyAlarmTypeId,1.3.6.1.4.1.5468.100.1.2.2.2.1.3,column,VTSSAlarmType,read-only,This attribute indicates the number of alarm type.
ML540M-SYSTEM-MIB,historyAlarmLevel,1.3.6.1.4.1.5468.100.1.2.2.2.1.4,column,VTSSAlarmLevel,read-only,This attribute indicates the alarm level.
ML540M-SYSTEM-MIB,historyAlarmState,1.3.6.1.4.1.5468.100.1.2.2.2.1.5,column,VTSSAlarmState,read-only,This attribute indicates the alarm state.
ML540M-SYSTEM-MIB,historyAlarmTime,1.3.6.1.4.1.5468.100.1.2.2.2.1.6,column,OCTET STRING (SIZE ( 32 ) ),read-only,This attribute indicates the alarm occurence time.
ML540M-SYSTEM-MIB,alarmHistoryClear,1.3.6.1.4.1.5468.100.1.2.2.3,scalar,"INTEGER {clear(1), idle(2)}",read-write,Set this object clear(1) to clear system history alarm table.
ML540M-SYSTEM-MIB,alarmProfileId,1.3.6.1.4.1.5468.100.1.2.2.4.1.1,column,VTSSAlarmType,not-accessible,Alarm Profile: 1: alarmGEPort1LinkDown 2: alarmGEPort2LinkDown 3: alarmGEPort3LinkDown 4: alarmGEPort4LinkDown 5: alarmGEPort5LinkDown 6: alarmGEPort6
ML540M-SYSTEM-MIB,alarmProfileAlarmId,1.3.6.1.4.1.5468.100.1.2.2.4.1.2,column,OCTET STRING (SIZE ( 10 ) ),read-only,This attribute indicates the alarm ID.
ML540M-SYSTEM-MIB,alarmProfileMask,1.3.6.1.4.1.5468.100.1.2.2.4.1.3,column,VTSSAlarmMask,read-write,"Alarm Profile Mask/UnMask, default is Mask"
ML540M-SYSTEM-MIB,alarmProfileLevel,1.3.6.1.4.1.5468.100.1.2.2.4.1.4,column,VTSSAlarmLevel,read-write,"Alarm Profile Major/Minor, default is Minor"
ML540M-SYSTEM-MIB,sysTemperatureThreashOn,1.3.6.1.4.1.5468.100.1.2.2.5.1,scalar,INTEGER,read-write,"Set threshold time of alarm on (unit: ms). Temperature is over heat for time of threshold off, alarm will be generate. The value should multiple of 50"
ML540M-SYSTEM-MIB,sysTemperatureThreashOff,1.3.6.1.4.1.5468.100.1.2.2.5.2,scalar,INTEGER,read-write,"Set threshold time of alarm off (unit: ms). Temperature is NOT over heat for time of threshold off, alarm will be cleared. The value should multiple o"
ML540M-SYSTEM-MIB,sysTemperatureOverHeat,1.3.6.1.4.1.5468.100.1.2.2.5.3,scalar,INTEGER,read-write,"Set over heat threshold value. 56~65¢XC, unit: Centigrade"
ML540M-SYSUTIL-MIB,ml540mSysutilCapabilitiesWarmRebootSupported,1.3.6.1.4.1.5468.100.24.1.1.1,scalar,TruthValue,read-only,Indicate if warm restart is supported or not. true means it is supported. false means it is not supported.
ML540M-SYSUTIL-MIB,ml540mSysutilStatusCpuLoadAverage100msec,1.3.6.1.4.1.5468.100.24.1.3.1.1,scalar,Unsigned32,read-only,Average CPU load (%) in 100 milli-seconds.
ML540M-SYSUTIL-MIB,ml540mSysutilStatusCpuLoadAverage1sec,1.3.6.1.4.1.5468.100.24.1.3.1.2,scalar,Unsigned32,read-only,Average CPU load (%) in 1 second.
ML540M-SYSUTIL-MIB,ml540mSysutilStatusCpuLoadAverage10sec,1.3.6.1.4.1.5468.100.24.1.3.1.3,scalar,Unsigned32,read-only,Average CPU load (%) in 10 seconds.
ML540M-SYSUTIL-MIB,ml540mSysutilStatusPowerSupplySwitchId,1.3.6.1.4.1.5468.100.24.1.3.2.1.1,column,Integer32 (1..16),not-accessible,The identification of switch.
ML540M-SYSUTIL-MIB,ml540mSysutilStatusPowerSupplyPsuId,1.3.6.1.4.1.5468.100.24.1.3.2.1.2,column,Integer32 (1..2),not-accessible,The identification of power supply.
ML540M-SYSUTIL-MIB,ml540mSysutilStatusPowerSupplyState,1.3.6.1.4.1.5468.100.24.1.3.2.1.3,column,VTSSSysutilPowerSupplyStateType,read-only,The state of power supply.
ML540M-SYSUTIL-MIB,ml540mSysutilStatusPowerSupplyDescription,1.3.6.1.4.1.5468.100.24.1.3.2.1.4,column,VTSSDisplayString (SIZE(0..30)),read-only,The description of power supply.
ML540M-SYSUTIL-MIB,ml540mSysutilControlRebootSwitchId,1.3.6.1.4.1.5468.100.24.1.4.1.1.1,column,Integer32 (1..16),not-accessible,The identification of switch.
ML540M-SYSUTIL-MIB,ml540mSysutilControlRebootType,1.3.6.1.4.1.5468.100.24.1.4.1.1.2,column,VTSSSysutilRebootType,read-write,"Type of reboot. noReboot(0) does not reboot. coldReboot(1) is to do cold reboot. warmReboot(2) is to do warm reboot, but this is optional. The OID of "
ML540M-FIRMWARE-MIB,ml540mFirmwareStatusImageNumber,1.3.6.1.4.1.5468.100.28.1.3.1.1.1,column,Integer32 (0..2),not-accessible,The number of image. The number starts from 0.
ML540M-FIRMWARE-MIB,ml540mFirmwareStatusImageType,1.3.6.1.4.1.5468.100.28.1.3.1.1.2,column,VTSSFirmwareStatusImageEnum,read-only,Image type of the status. bootloader(0) is for boot loader. activeFirmware(1) is for active (primary) firmware. alternativeFirmware(2) is for alternat
ML540M-FIRMWARE-MIB,ml540mFirmwareStatusImageName,1.3.6.1.4.1.5468.100.28.1.3.1.1.3,column,VTSSDisplayString (SIZE(0..127)),read-only,Image name.
ML540M-FIRMWARE-MIB,ml540mFirmwareStatusImageVersion,1.3.6.1.4.1.5468.100.28.1.3.1.1.4,column,VTSSDisplayString (SIZE(0..255)),read-only,Image version.
ML540M-FIRMWARE-MIB,ml540mFirmwareStatusImageBuiltDate,1.3.6.1.4.1.5468.100.28.1.3.1.1.5,column,VTSSDisplayString (SIZE(0..255)),read-only,The built date when the image is built.
ML540M-FIRMWARE-MIB,ml540mFirmwareStatusImageCodeRevision,1.3.6.1.4.1.5468.100.28.1.3.1.1.6,column,VTSSDisplayString (SIZE(0..127)),read-only,The code revesion which the image is built.
ML540M-FIRMWARE-MIB,ml540mFirmwareStatusImageUploadStatus,1.3.6.1.4.1.5468.100.28.1.3.2.1,scalar,VTSSFirmwareUploadStatusEnum,read-only,The status indicates the status of current upload operation. It is updated automatically. Modifying this flag does not take any effect. none(0) means 
ML540M-FIRMWARE-MIB,ml540mFirmwareStatusSwitchSwitchId,1.3.6.1.4.1.5468.100.28.1.3.3.1.1,column,Integer32 (1..16),not-accessible,The ID of switch.
ML540M-FIRMWARE-MIB,ml540mFirmwareStatusSwitchChipId,1.3.6.1.4.1.5468.100.28.1.3.3.1.2,column,VTSSDisplayString (SIZE(0..31)),read-only,ID of chip.
ML540M-FIRMWARE-MIB,ml540mFirmwareStatusSwitchBoardType,1.3.6.1.4.1.5468.100.28.1.3.3.1.3,column,VTSSDisplayString (SIZE(0..63)),read-only,Type of board.
ML540M-FIRMWARE-MIB,ml540mFirmwareStatusSwitchPortCnt,1.3.6.1.4.1.5468.100.28.1.3.3.1.4,column,Unsigned32,read-only,Count of ports.
ML540M-FIRMWARE-MIB,ml540mFirmwareStatusSwitchProduct,1.3.6.1.4.1.5468.100.28.1.3.3.1.5,column,VTSSDisplayString (SIZE(0..63)),read-only,Product name.
ML540M-FIRMWARE-MIB,ml540mFirmwareStatusSwitchVersion,1.3.6.1.4.1.5468.100.28.1.3.3.1.6,column,VTSSDisplayString (SIZE(0..255)),read-only,Image version.
ML540M-FIRMWARE-MIB,ml540mFirmwareStatusSwitchBuiltDate,1.3.6.1.4.1.5468.100.28.1.3.3.1.7,column,VTSSDisplayString (SIZE(0..255)),read-only,The built date when the image is built.
ML540M-FIRMWARE-MIB,ml540mFirmwareControlGlobalsSwapFirmware,1.3.6.1.4.1.5468.100.28.1.4.1.1,scalar,TruthValue,read-write,Swap firmware between active (primary) and alternative (backup). true is to swap the firmware. false is to do nothing.
ML540M-FIRMWARE-MIB,ml540mFirmwareControlImageUploadDoUpload,1.3.6.1.4.1.5468.100.28.1.4.2.1,scalar,TruthValue,read-write,Action to do upload image or not. true is to do the upload operation. false is to do nothing. The upload operation may need longer time to upload the 
ML540M-FIRMWARE-MIB,ml540mFirmwareControlImageUploadImageType,1.3.6.1.4.1.5468.100.28.1.4.2.2,scalar,VTSSFirmwareUploadImageEnum,read-write,Type of image to upload. bootloader(0) is to upload bootloader. firmware(1) is to upload application firmware.
ML540M-FIRMWARE-MIB,ml540mFirmwareControlImageUploadUrl,1.3.6.1.4.1.5468.100.28.1.4.2.3,scalar,VTSSDisplayString (SIZE(0..255)),read-write,The location of image to upload. It is a specific character string that constitutes a reference to a resource. Syntax: <protocol>://[<username>[:<pass
ML540M-PORT-MIB,ml540mPortConfigIfIndex,1.3.6.1.4.1.5468.100.11.1.2.1.1.1,column,VTSSInterfaceIndex,not-accessible,Logical interface number.
ML540M-PORT-MIB,ml540mPortConfigShutdown,1.3.6.1.4.1.5468.100.11.1.2.1.1.2,column,TruthValue,read-write,Controls whether interface is shutdown or powered up. Set to TRUE in order to power down the interface.
ML540M-PORT-MIB,ml540mPortConfigSpeed,1.3.6.1.4.1.5468.100.11.1.2.1.1.3,column,VTSSPortSpeed,read-write,Controls the port speed and duplex.
ML540M-PORT-MIB,ml540mPortConfigAdvertiseDisabled,1.3.6.1.4.1.5468.100.11.1.2.1.1.4,column,VTSSUnsigned8,read-write,"In auto mode, bitmask that allows features not to be advertised. Bit 0: Disable half duplex advertising. Bit 1: Disable full duplex advertising. Bit 4"
ML540M-PORT-MIB,ml540mPortConfigMediaType,1.3.6.1.4.1.5468.100.11.1.2.1.1.5,column,VTSSPortMedia,read-write,Controls the port media type.
ML540M-PORT-MIB,ml540mPortConfigFC,1.3.6.1.4.1.5468.100.11.1.2.1.1.6,column,VTSSPortFc,read-write,Controls the port flow control mode.
ML540M-PORT-MIB,ml540mPortConfigMTU,1.3.6.1.4.1.5468.100.11.1.2.1.1.7,column,Unsigned32,read-write,Controls the port's Maximum Transmission Unit.
ML540M-PORT-MIB,ml540mPortConfigExcessiveRestart,1.3.6.1.4.1.5468.100.11.1.2.1.1.8,column,TruthValue,read-write,TRUE to restart half-duplex back-off algorithm after 16 collisions. FALSE to discard frame after 16 collisions
ML540M-PORT-MIB,ml540mPortConfigPFC,1.3.6.1.4.1.5468.100.11.1.2.1.1.9,column,VTSSUnsigned8,read-write,"802.1Qbb Priority Flow Control bitmask, one bit for each prioritet.E.g. 0x01 = prio 0, 0x80 = prio 7, 0xFF = prio 0-7"
ML540M-PORT-MIB,ml540mPortConfigFrameLengthCheck,1.3.6.1.4.1.5468.100.11.1.2.1.1.10,column,TruthValue,read-write,TRUE to enforce 802.3 frame length check (from Ethertype field). If enabled frames with length that doesn't match the frame length field will be dropp
ML540M-PORT-MIB,ml540mPortStatusInformationIfIndex,1.3.6.1.4.1.5468.100.11.1.3.1.1.1,column,VTSSInterfaceIndex,not-accessible,Logical interface number.
ML540M-PORT-MIB,ml540mPortStatusInformationLink,1.3.6.1.4.1.5468.100.11.1.3.1.1.2,column,TruthValue,read-only,Shows whether interface has link.
ML540M-PORT-MIB,ml540mPortStatusInformationFdx,1.3.6.1.4.1.5468.100.11.1.3.1.1.3,column,TruthValue,read-only,Shows whether interface is running in full duplex.
ML540M-PORT-MIB,ml540mPortStatusInformationFiber,1.3.6.1.4.1.5468.100.11.1.3.1.1.4,column,TruthValue,read-only,Shows whether interface is a fiber link (fiber SFP or cu SFP).
ML540M-PORT-MIB,ml540mPortStatusInformationSpeed,1.3.6.1.4.1.5468.100.11.1.3.1.1.5,column,VTSSPortStatusSpeed,read-only,Shows the current interface speed.
ML540M-PORT-MIB,ml540mPortStatusInformationSFPType,1.3.6.1.4.1.5468.100.11.1.3.1.1.6,column,VTSSSfpTransceiver,read-only,Shows the current interface SFP type.
ML540M-PORT-MIB,ml540mPortStatusInformationSFPVendorName,1.3.6.1.4.1.5468.100.11.1.3.1.1.7,column,VTSSDisplayString (SIZE(0..19)),read-only,Shows the SFP vendor name.
ML540M-PORT-MIB,ml540mPortStatusInformationSFPVendorPN,1.3.6.1.4.1.5468.100.11.1.3.1.1.8,column,VTSSDisplayString (SIZE(0..19)),read-only,Shows the SFP vendor Product Number.
ML540M-PORT-MIB,ml540mPortStatusInformationSFPVendorRev,1.3.6.1.4.1.5468.100.11.1.3.1.1.9,column,VTSSDisplayString (SIZE(0..5)),read-only,Shows the SFP vendor Revision.
ML540M-PORT-MIB,ml540mPortStatusVeriPhyResultIfIndex,1.3.6.1.4.1.5468.100.11.1.3.3.1.1.1,column,VTSSInterfaceIndex,not-accessible,Logical interface number.
ML540M-PORT-MIB,ml540mPortStatusVeriPhyResultVeriPhyStatusPairA,1.3.6.1.4.1.5468.100.11.1.3.3.1.1.2,column,VTSSPortPhyVeriPhyStatus,read-only,VeriPhy status for the cable pair 0 - Cable is Correctly terminated pair 1 - Open pair 2 - Shorted pair 4 - Abnormal termination 8 - Cross-pair short 
ML540M-PORT-MIB,ml540mPortStatusVeriPhyResultVeriPhyStatusPairB,1.3.6.1.4.1.5468.100.11.1.3.3.1.1.3,column,VTSSPortPhyVeriPhyStatus,read-only,VeriPhy status for the cable pair 0 - Cable is Correctly terminated pair 1 - Open pair 2 - Shorted pair 4 - Abnormal termination 8 - Cross-pair short 
ML540M-PORT-MIB,ml540mPortStatusVeriPhyResultVeriPhyStatusPairC,1.3.6.1.4.1.5468.100.11.1.3.3.1.1.4,column,VTSSPortPhyVeriPhyStatus,read-only,VeriPhy status for the cable pair 0 - Cable is Correctly terminated pair 1 - Open pair 2 - Shorted pair 4 - Abnormal termination 8 - Cross-pair short 
ML540M-PORT-MIB,ml540mPortStatusVeriPhyResultVeriPhyStatusPairD,1.3.6.1.4.1.5468.100.11.1.3.3.1.1.5,column,VTSSPortPhyVeriPhyStatus,read-only,VeriPhy status for the cable pair 0 - Cable is Correctly terminated pair 1 - Open pair 2 - Shorted pair 4 - Abnormal termination 8 - Cross-pair short 
ML540M-PORT-MIB,ml540mPortStatusVeriPhyResultVeriPhyLengthStatusPairA,1.3.6.1.4.1.5468.100.11.1.3.3.1.1.6,column,VTSSUnsigned8,read-only,"VeriPhy status cable length i meters for the cable pair. When VeriPhy is completed, the cable diagnostics results is shown in the VeriPhy status table"
ML540M-PORT-MIB,ml540mPortStatusVeriPhyResultVeriPhyLengthStatusPairB,1.3.6.1.4.1.5468.100.11.1.3.3.1.1.7,column,VTSSUnsigned8,read-only,"VeriPhy status cable length i meters for the cable pair. When VeriPhy is completed, the cable diagnostics results is shown in the VeriPhy status table"
ML540M-PORT-MIB,ml540mPortStatusVeriPhyResultVeriPhyLengthStatusPairC,1.3.6.1.4.1.5468.100.11.1.3.3.1.1.8,column,VTSSUnsigned8,read-only,"VeriPhy status cable length i meters for the cable pair. When VeriPhy is completed, the cable diagnostics results is shown in the VeriPhy status table"
ML540M-PORT-MIB,ml540mPortStatusVeriPhyResultVeriPhyLengthStatusPairD,1.3.6.1.4.1.5468.100.11.1.3.3.1.1.9,column,VTSSUnsigned8,read-only,"VeriPhy status cable length i meters for the cable pair. When VeriPhy is completed, the cable diagnostics results is shown in the VeriPhy status table"
ML540M-PORT-MIB,ml540mPortControlStatisticsClearIfIndex,1.3.6.1.4.1.5468.100.11.1.4.1.1.1.1,column,VTSSInterfaceIndex,not-accessible,Logical interface number.
ML540M-PORT-MIB,ml540mPortControlStatisticsClearStatisticsClear,1.3.6.1.4.1.5468.100.11.1.4.1.1.1.2,column,TruthValue,read-write,Set to TRUE to clear the statistics of an interface.
ML540M-PORT-MIB,ml540mPortControlVeriPhyStartIfIndex,1.3.6.1.4.1.5468.100.11.1.4.2.1.1.1,column,VTSSInterfaceIndex,not-accessible,Logical interface number.
ML540M-PORT-MIB,ml540mPortControlVeriPhyStartStart,1.3.6.1.4.1.5468.100.11.1.4.2.1.1.2,column,TruthValue,read-write,"Set to TRUE to start VeriPHy for the interface. When running 10 and 100 Mbps, ports will be linked down while running VeriPHY. Therefore, running Veri"
ML540M-PORT-MIB,ml540mPortStatisticsRmonStatisticsIfIndex,1.3.6.1.4.1.5468.100.11.1.5.1.1.1,column,VTSSInterfaceIndex,not-accessible,Logical interface number.
ML540M-PORT-MIB,ml540mPortStatisticsRmonStatisticsRxDropEvents,1.3.6.1.4.1.5468.100.11.1.5.1.1.2,column,Counter64,read-only,Shows the number of frames discarded due to ingress congestion.
ML540M-PORT-MIB,ml540mPortStatisticsRmonStatisticsRxOctets,1.3.6.1.4.1.5468.100.11.1.5.1.1.3,column,Counter64,read-only,"Shows the number of received (good and bad) bytes. Includes FCS, but excludes framing bits."
ML540M-PORT-MIB,ml540mPortStatisticsRmonStatisticsRxPkts,1.3.6.1.4.1.5468.100.11.1.5.1.1.4,column,Counter64,read-only,Shows the number of received (good and bad) packets.
ML540M-PORT-MIB,ml540mPortStatisticsRmonStatisticsRxBroadcastPkts,1.3.6.1.4.1.5468.100.11.1.5.1.1.5,column,Counter64,read-only,Shows the number of received (good and bad) broadcast packets.
ML540M-PORT-MIB,ml540mPortStatisticsRmonStatisticsRxMulticastPkts,1.3.6.1.4.1.5468.100.11.1.5.1.1.6,column,Counter64,read-only,Shows the number of received (good and bad) multicast packets.
ML540M-PORT-MIB,ml540mPortStatisticsRmonStatisticsRxCrcAlignErrPkts,1.3.6.1.4.1.5468.100.11.1.5.1.1.7,column,Counter64,read-only,Shows the number of frames received with CRC or alignment errors.
ML540M-PORT-MIB,ml540mPortStatisticsRmonStatisticsRxUndersizePkts,1.3.6.1.4.1.5468.100.11.1.5.1.1.8,column,Counter64,read-only,Shows the number of short frames (frames that are smaller than 64 bytes) received with valid CRC.
ML540M-PORT-MIB,ml540mPortStatisticsRmonStatisticsRxOversizePkts,1.3.6.1.4.1.5468.100.11.1.5.1.1.9,column,Counter64,read-only,Shows the number of long frames received with valid CRC.
ML540M-PORT-MIB,ml540mPortStatisticsRmonStatisticsRxFragmentsPkts,1.3.6.1.4.1.5468.100.11.1.5.1.1.10,column,Counter64,read-only,Shows the number of short frames (frames that are smaller than 64 bytes) received with invalid CRC.
ML540M-PORT-MIB,ml540mPortStatisticsRmonStatisticsRxJabbersPkts,1.3.6.1.4.1.5468.100.11.1.5.1.1.11,column,Counter64,read-only,The number of long frames (frames that are longer than the configured maximum frame length for this interface) received with invalid CRC.
ML540M-PORT-MIB,ml540mPortStatisticsRmonStatisticsRx64Pkts,1.3.6.1.4.1.5468.100.11.1.5.1.1.12,column,Counter64,read-only,The number of 64 bytes frames received.
ML540M-PORT-MIB,ml540mPortStatisticsRmonStatisticsRx65to127Pkts,1.3.6.1.4.1.5468.100.11.1.5.1.1.13,column,Counter64,read-only,The number of received frames with size within 65 to 127 bytes.
ML540M-PORT-MIB,ml540mPortStatisticsRmonStatisticsRx128to255Pkts,1.3.6.1.4.1.5468.100.11.1.5.1.1.14,column,Counter64,read-only,The number of received frames with size within 128 to 255 bytes.
ML540M-PORT-MIB,ml540mPortStatisticsRmonStatisticsRx256to511Pkts,1.3.6.1.4.1.5468.100.11.1.5.1.1.15,column,Counter64,read-only,The number of received frames with size within 256 to 511 bytes.
ML540M-PORT-MIB,ml540mPortStatisticsRmonStatisticsRx512to1023Pkts,1.3.6.1.4.1.5468.100.11.1.5.1.1.16,column,Counter64,read-only,The number of received frames with size within 512 to 1023 bytes.
ML540M-PORT-MIB,ml540mPortStatisticsRmonStatisticsRx1024to1518Pkts,1.3.6.1.4.1.5468.100.11.1.5.1.1.17,column,Counter64,read-only,The number of received frames with size within 1024 to 1518 bytes.
ML540M-PORT-MIB,ml540mPortStatisticsRmonStatisticsRx1519PktsToMax,1.3.6.1.4.1.5468.100.11.1.5.1.1.18,column,Counter64,read-only,The number of received frames with size larger than 1518 bytes.
ML540M-PORT-MIB,ml540mPortStatisticsRmonStatisticsTxDropEvents,1.3.6.1.4.1.5468.100.11.1.5.1.1.19,column,Counter64,read-only,Shows the number of frames discarded due to egress congestion.
ML540M-PORT-MIB,ml540mPortStatisticsRmonStatisticsTxOctets,1.3.6.1.4.1.5468.100.11.1.5.1.1.20,column,Counter64,read-only,"Shows the number of transmitted (good and bad) bytes. Includes FCS, but excludes framing bits."
ML540M-PORT-MIB,ml540mPortStatisticsRmonStatisticsTxPkts,1.3.6.1.4.1.5468.100.11.1.5.1.1.21,column,Counter64,read-only,Shows the number of transmitted (good and bad) packets.
ML540M-PORT-MIB,ml540mPortStatisticsRmonStatisticsTxBroadcastPkts,1.3.6.1.4.1.5468.100.11.1.5.1.1.22,column,Counter64,read-only,Shows the number of transmitted (good and bad) broadcast packets.
ML540M-PORT-MIB,ml540mPortStatisticsRmonStatisticsTxMulticastPkts,1.3.6.1.4.1.5468.100.11.1.5.1.1.23,column,Counter64,read-only,Shows the number of transmitted (good and bad) multicast packets.
ML540M-PORT-MIB,ml540mPortStatisticsRmonStatisticsTx64Pkts,1.3.6.1.4.1.5468.100.11.1.5.1.1.24,column,Counter64,read-only,The number of 64 bytes frames transmitted.
ML540M-PORT-MIB,ml540mPortStatisticsRmonStatisticsTx65to127Pkts,1.3.6.1.4.1.5468.100.11.1.5.1.1.25,column,Counter64,read-only,The number of transmitted frames with size within 65 to 127 bytes.
ML540M-PORT-MIB,ml540mPortStatisticsRmonStatisticsTx128to255Pkts,1.3.6.1.4.1.5468.100.11.1.5.1.1.26,column,Counter64,read-only,The number of transmitted frames with size within 128 to 255 bytes.
ML540M-PORT-MIB,ml540mPortStatisticsRmonStatisticsTx256to511Pkts,1.3.6.1.4.1.5468.100.11.1.5.1.1.27,column,Counter64,read-only,The number of transmitted frames with size within 256 to 511 bytes.
ML540M-PORT-MIB,ml540mPortStatisticsRmonStatisticsTx512to1023Pkts,1.3.6.1.4.1.5468.100.11.1.5.1.1.28,column,Counter64,read-only,The number of transmitted frames with size within 512 to 1023 bytes.
ML540M-PORT-MIB,ml540mPortStatisticsRmonStatisticsTx1024to1518Pkts,1.3.6.1.4.1.5468.100.11.1.5.1.1.29,column,Counter64,read-only,The number of transmitted frames with size within 1024 to 1518 bytes.
ML540M-PORT-MIB,ml540mPortStatisticsRmonStatisticsTx1519PktsToMax,1.3.6.1.4.1.5468.100.11.1.5.1.1.30,column,Counter64,read-only,The number of transmitted frames with size larger than 1518 bytes.
ML540M-PORT-MIB,ml540mPortStatisticsIfGroupStatisticsIfIndex,1.3.6.1.4.1.5468.100.11.1.5.2.1.1,column,VTSSInterfaceIndex,not-accessible,Logical interface number.
ML540M-PORT-MIB,ml540mPortStatisticsIfGroupStatisticsRxOctets,1.3.6.1.4.1.5468.100.11.1.5.2.1.2,column,Counter64,read-only,Shows the number of bytes received.
ML540M-PORT-MIB,ml540mPortStatisticsIfGroupStatisticsRxUnicastPkts,1.3.6.1.4.1.5468.100.11.1.5.2.1.3,column,Counter64,read-only,Shows the number of uni-cast frames received.
ML540M-PORT-MIB,ml540mPortStatisticsIfGroupStatisticsRxMulticastPkts,1.3.6.1.4.1.5468.100.11.1.5.2.1.4,column,Counter64,read-only,Shows the number of multi-cast frames received.
ML540M-PORT-MIB,ml540mPortStatisticsIfGroupStatisticsRxBroadcastPkts,1.3.6.1.4.1.5468.100.11.1.5.2.1.5,column,Counter64,read-only,Shows the number of broad-cast frames received.
ML540M-PORT-MIB,ml540mPortStatisticsIfGroupStatisticsRxNonUnicastPkts,1.3.6.1.4.1.5468.100.11.1.5.2.1.6,column,Counter64,read-only,Shows the number of non uni-cast frames received.
ML540M-PORT-MIB,ml540mPortStatisticsIfGroupStatisticsRxDiscards,1.3.6.1.4.1.5468.100.11.1.5.2.1.7,column,Counter64,read-only,Shows the number of received frames discarded.
ML540M-PORT-MIB,ml540mPortStatisticsIfGroupStatisticsRxErrors,1.3.6.1.4.1.5468.100.11.1.5.2.1.8,column,Counter64,read-only,Shows the number of frames with errors received.
ML540M-PORT-MIB,ml540mPortStatisticsIfGroupStatisticsTxOctets,1.3.6.1.4.1.5468.100.11.1.5.2.1.9,column,Counter64,read-only,Shows the number of bytes transmitted.
ML540M-PORT-MIB,ml540mPortStatisticsIfGroupStatisticsTxUnicastPkts,1.3.6.1.4.1.5468.100.11.1.5.2.1.10,column,Counter64,read-only,Shows the number of uni-cast frames transmitted.
ML540M-PORT-MIB,ml540mPortStatisticsIfGroupStatisticsTxMulticastPkts,1.3.6.1.4.1.5468.100.11.1.5.2.1.11,column,Counter64,read-only,Shows the number of multi-cast frames transmitted.
ML540M-PORT-MIB,ml540mPortStatisticsIfGroupStatisticsTxBroadcastPkts,1.3.6.1.4.1.5468.100.11.1.5.2.1.12,column,Counter64,read-only,Shows the number of broad-cast frames transmitted.
ML540M-PORT-MIB,ml540mPortStatisticsIfGroupStatisticsTxNonUnicastPkts,1.3.6.1.4.1.5468.100.11.1.5.2.1.13,column,Counter64,read-only,Shows the number of non uni-cast frames transmitted.
ML540M-PORT-MIB,ml540mPortStatisticsIfGroupStatisticsTxDiscardPkts,1.3.6.1.4.1.5468.100.11.1.5.2.1.14,column,Counter64,read-only,Shows the number of discard frames which should been transmitted.
ML540M-PORT-MIB,ml540mPortStatisticsIfGroupStatisticsTxErrorPkts,1.3.6.1.4.1.5468.100.11.1.5.2.1.15,column,Counter64,read-only,Shows the number of frames transmit with error.
ML540M-PORT-MIB,ml540mPortStatisticsEthernetLikeStatisticsIfIndex,1.3.6.1.4.1.5468.100.11.1.5.3.1.1,column,VTSSInterfaceIndex,not-accessible,Logical interface number.
ML540M-PORT-MIB,ml540mPortStatisticsEthernetLikeStatisticsRxPauseFrames,1.3.6.1.4.1.5468.100.11.1.5.3.1.2,column,Counter64,read-only,The number of pause frames received.
ML540M-PORT-MIB,ml540mPortStatisticsEthernetLikeStatisticsTxPauseFrames,1.3.6.1.4.1.5468.100.11.1.5.3.1.3,column,Counter64,read-only,The number of pause frames transmitted.
ML540M-PORT-MIB,ml540mPortStatisticsQueuesStatisticsIfIndex,1.3.6.1.4.1.5468.100.11.1.5.4.1.1,column,VTSSInterfaceIndex,not-accessible,Logical interface number.
ML540M-PORT-MIB,ml540mPortStatisticsQueuesStatisticsQueue,1.3.6.1.4.1.5468.100.11.1.5.4.1.2,column,Integer32 (0..7),not-accessible,Queue index.
ML540M-PORT-MIB,ml540mPortStatisticsQueuesStatisticsRxPrio,1.3.6.1.4.1.5468.100.11.1.5.4.1.3,column,Counter64,read-only,The number of frames received for the queue.
ML540M-PORT-MIB,ml540mPortStatisticsQueuesStatisticsTxPrio,1.3.6.1.4.1.5468.100.11.1.5.4.1.4,column,Counter64,read-only,The number of frames transmitted for the queue.
ML540M-PORT-MIB,ml540mPortStatisticsBridgeStatisticsIfIndex,1.3.6.1.4.1.5468.100.11.1.5.5.1.1,column,VTSSInterfaceIndex,not-accessible,Logical interface number.
ML540M-PORT-MIB,ml540mPortStatisticsBridgeStatisticsRxBridgeDiscard,1.3.6.1.4.1.5468.100.11.1.5.5.1.2,column,Counter64,read-only,The number of bridge frames discarded.
ML540M-VLAN-MIB,ml540mVlanCapabilitiesVlanIdMin,1.3.6.1.4.1.5468.100.13.1.1.1,scalar,VTSSVlan,read-only,The minimum VLAN ID that can be configured on the device.
ML540M-VLAN-MIB,ml540mVlanCapabilitiesVlanIdMax,1.3.6.1.4.1.5468.100.13.1.1.2,scalar,VTSSVlan,read-only,The maximum VLAN ID that can be configured on the device.
ML540M-VLAN-MIB,ml540mVlanCapabilitiesFidCnt,1.3.6.1.4.1.5468.100.13.1.1.3,scalar,VTSSUnsigned16,read-only,The number of Shared VLAN Learning (SVL) Filter IDs (FIDs) supported by this device. 0 if SVL is not supported.
ML540M-VLAN-MIB,ml540mVlanConfigGlobalsMainCustomSPortEtherType,1.3.6.1.4.1.5468.100.13.1.2.1.1.1,scalar,VTSSEtherType (1536..65535),read-write,TPID (EtherType) for ports marked as Custom-S tag aware.
ML540M-VLAN-MIB,ml540mVlanConfigGlobalsMainAccessVlans0To1K,1.3.6.1.4.1.5468.100.13.1.2.1.1.2,scalar,VTSSVlanListQuarter,read-write,First quarter of bit-array indicating the enabled access VLANs.
ML540M-VLAN-MIB,ml540mVlanConfigGlobalsMainAccessVlans1KTo2K,1.3.6.1.4.1.5468.100.13.1.2.1.1.3,scalar,VTSSVlanListQuarter,read-write,Second quarter of bit-array indicating the enabled access VLANs.
ML540M-VLAN-MIB,ml540mVlanConfigGlobalsMainAccessVlans2KTo3K,1.3.6.1.4.1.5468.100.13.1.2.1.1.4,scalar,VTSSVlanListQuarter,read-write,Third quarter of bit-array indicating the enabled access VLANs.
ML540M-VLAN-MIB,ml540mVlanConfigGlobalsMainAccessVlans3KTo4K,1.3.6.1.4.1.5468.100.13.1.2.1.1.5,scalar,VTSSVlanListQuarter,read-write,Last quarter of bit-array indicating the enabled access VLANs.
ML540M-VLAN-MIB,ml540mVlanConfigGlobalsNameVlanId,1.3.6.1.4.1.5468.100.13.1.2.1.2.1.1,column,VTSSVlan,not-accessible,VLAN ID. Valid range is 1 - 4095.
ML540M-VLAN-MIB,ml540mVlanConfigGlobalsNameName,1.3.6.1.4.1.5468.100.13.1.2.1.2.1.2,column,VTSSDisplayString (SIZE(0..32)),read-write,"VLAN Name. Default for VLAN 1 is 'default'. Default for any other VLAN is 'VLANxxxx', where 'xxxx' is a decimal representation of the VLAN ID with lea"
ML540M-VLAN-MIB,ml540mVlanConfigInterfacesIfIndex,1.3.6.1.4.1.5468.100.13.1.2.2.1.1.1,column,VTSSInterfaceIndex,not-accessible,Logical interface index.
ML540M-VLAN-MIB,ml540mVlanConfigInterfacesMode,1.3.6.1.4.1.5468.100.13.1.2.2.1.1.2,column,VTSSVlanPortMode,read-write,VLAN mode of the port.
ML540M-VLAN-MIB,ml540mVlanConfigInterfacesAccessVlan,1.3.6.1.4.1.5468.100.13.1.2.2.1.1.3,column,VTSSVlan,read-write,The port VLAN ID the port will be assigned when Mode is Access.
ML540M-VLAN-MIB,ml540mVlanConfigInterfacesTrunkNativeVlan,1.3.6.1.4.1.5468.100.13.1.2.2.1.1.4,column,VTSSVlan,read-write,The port VLAN ID the port will be assigned when Mode is trunk.
ML540M-VLAN-MIB,ml540mVlanConfigInterfacesTrunkTagNativeVlan,1.3.6.1.4.1.5468.100.13.1.2.2.1.1.5,column,TruthValue,read-write,Controls whether frames classified to TrunkNativeVlan get tagged on egress. Used when Mode is trunk.
ML540M-VLAN-MIB,ml540mVlanConfigInterfacesTrunkVlans0KTo1K,1.3.6.1.4.1.5468.100.13.1.2.2.1.1.6,column,VTSSVlanListQuarter,read-write,First quarter of bit-array indicating whether the port is member of a VLAN ('1') or not ('0'). Used when Mode is trunk.
ML540M-VLAN-MIB,ml540mVlanConfigInterfacesTrunkVlans1KTo2K,1.3.6.1.4.1.5468.100.13.1.2.2.1.1.7,column,VTSSVlanListQuarter,read-write,Second quarter of bit-array indicating whether the port is member of a VLAN ('1') or not ('0'). Used when Mode is trunk.
ML540M-VLAN-MIB,ml540mVlanConfigInterfacesTrunkVlans2KTo3K,1.3.6.1.4.1.5468.100.13.1.2.2.1.1.8,column,VTSSVlanListQuarter,read-write,Third quarter of bit-array indicating whether the port is member of a VLAN ('1') or not ('0'). Used when Mode is trunk.
ML540M-VLAN-MIB,ml540mVlanConfigInterfacesTrunkVlans3KTo4K,1.3.6.1.4.1.5468.100.13.1.2.2.1.1.9,column,VTSSVlanListQuarter,read-write,Last quarter of bit-array indicating whether the port is member of a VLAN ('1') or not ('0'). Used when Mode is trunk.
ML540M-VLAN-MIB,ml540mVlanConfigInterfacesHybridNativeVlan,1.3.6.1.4.1.5468.100.13.1.2.2.1.1.10,column,VTSSVlan,read-write,The port VLAN ID the port will be assigned when Mode is hybrid.
ML540M-VLAN-MIB,ml540mVlanConfigInterfacesHybridPortType,1.3.6.1.4.1.5468.100.13.1.2.2.1.1.11,column,VTSSVlanPortType,read-write,"Controls awareness and whether it reacts to C-tags, S-tags, Custom-S-tags. Used when Mode is hybrid."
ML540M-VLAN-MIB,ml540mVlanConfigInterfacesHybridIngressFiltering,1.3.6.1.4.1.5468.100.13.1.2.2.1.1.12,column,TruthValue,read-write,Controls whether frames classified to a certain VLAN ID get discarded (true) or not (false) if the port is not member of the VLAN ID. Used when Mode i
ML540M-VLAN-MIB,ml540mVlanConfigInterfacesHybridIngressAcceptance,1.3.6.1.4.1.5468.100.13.1.2.2.1.1.13,column,VTSSVlanIngressAcceptance,read-write,Controls whether frames are accepted on ingress depending on VLAN tag in frame. Used when Mode is hybrid.
ML540M-VLAN-MIB,ml540mVlanConfigInterfacesHybridEgressTagging,1.3.6.1.4.1.5468.100.13.1.2.2.1.1.14,column,VTSSVlanEgressTagging,read-write,Controls tagging of frames on egress. tagThis(1) is not allowed. Used when Mode is hybrid.
ML540M-VLAN-MIB,ml540mVlanConfigInterfacesHybridVlans0KTo1K,1.3.6.1.4.1.5468.100.13.1.2.2.1.1.15,column,VTSSVlanListQuarter,read-write,First quarter of bit-array indicating whether the port is member of a VLAN ('1') or not ('0'). Used when Mode is hybrid.
ML540M-VLAN-MIB,ml540mVlanConfigInterfacesHybridVlans1KTo2K,1.3.6.1.4.1.5468.100.13.1.2.2.1.1.16,column,VTSSVlanListQuarter,read-write,Second quarter of bit-array indicating whether the port is member of a VLAN ('1') or not ('0'). Used when Mode is hybrid.
ML540M-VLAN-MIB,ml540mVlanConfigInterfacesHybridVlans2KTo3K,1.3.6.1.4.1.5468.100.13.1.2.2.1.1.17,column,VTSSVlanListQuarter,read-write,Third quarter of bit-array indicating whether the port is member of a VLAN ('1') or not ('0'). Used when Mode is hybrid.
ML540M-VLAN-MIB,ml540mVlanConfigInterfacesHybridVlans3KTo4K,1.3.6.1.4.1.5468.100.13.1.2.2.1.1.18,column,VTSSVlanListQuarter,read-write,Last quarter of bit-array indicating whether the port is member of a VLAN ('1') or not ('0'). Used when Mode is hybrid.
ML540M-VLAN-MIB,ml540mVlanConfigInterfacesForbiddenVlans0KTo1K,1.3.6.1.4.1.5468.100.13.1.2.2.1.1.19,column,VTSSVlanListQuarter,read-write,First quarter of bit-array indicating whether the port can ever become a member of a VLAN ('0') or not ('1'). Used in all modes.
ML540M-VLAN-MIB,ml540mVlanConfigInterfacesForbiddenVlans1KTo2K,1.3.6.1.4.1.5468.100.13.1.2.2.1.1.20,column,VTSSVlanListQuarter,read-write,Second quarter of bit-array indicating whether the port can ever become a member of a VLAN ('0') or not ('1'). Used in all modes.
ML540M-VLAN-MIB,ml540mVlanConfigInterfacesForbiddenVlans2KTo3K,1.3.6.1.4.1.5468.100.13.1.2.2.1.1.21,column,VTSSVlanListQuarter,read-write,Third quarter of bit-array indicating whether the port can ever become a member of a VLAN ('0') or not ('1'). Used in all modes.
ML540M-VLAN-MIB,ml540mVlanConfigInterfacesForbiddenVlans3KTo4K,1.3.6.1.4.1.5468.100.13.1.2.2.1.1.22,column,VTSSVlanListQuarter,read-write,Last quarter of bit-array indicating whether the port can ever become a member of a VLAN ('0') or not ('1'). Used in all modes.
ML540M-VLAN-MIB,ml540mVlanConfigInterfacesSvlVlanId,1.3.6.1.4.1.5468.100.13.1.2.2.2.1.1,column,VTSSVlan,not-accessible,VLAN ID. Valid range is 1 - 4095.
ML540M-VLAN-MIB,ml540mVlanConfigInterfacesSvlFilterId,1.3.6.1.4.1.5468.100.13.1.2.2.2.1.2,column,VTSSUnsigned16,read-write,Filter ID (FID) used in Shared VLAN Learning. Zero or more VLANs may map into the same FID.
ML540M-VLAN-MIB,ml540mVlanConfigInterfacesSvlAction,1.3.6.1.4.1.5468.100.13.1.2.2.2.1.100,column,VTSSRowEditorState,read-write,Action
ML540M-VLAN-MIB,ml540mVlanConfigInterfacesSvlTableRowEditorVlanId,1.3.6.1.4.1.5468.100.13.1.2.2.3.1,scalar,VTSSVlan,read-write,VLAN ID. Valid range is 1 - 4095.
ML540M-VLAN-MIB,ml540mVlanConfigInterfacesSvlTableRowEditorFilterId,1.3.6.1.4.1.5468.100.13.1.2.2.3.2,scalar,VTSSUnsigned16,read-write,Filter ID (FID) used in Shared VLAN Learning. Zero or more VLANs may map into the same FID.
ML540M-VLAN-MIB,ml540mVlanConfigInterfacesSvlTableRowEditorAction,1.3.6.1.4.1.5468.100.13.1.2.2.3.100,scalar,VTSSRowEditorState,read-write,Action
ML540M-VLAN-MIB,ml540mVlanStatusInterfacesIfIndex,1.3.6.1.4.1.5468.100.13.1.3.1.1.1.1,column,VTSSInterfaceIndex,not-accessible,Logical interface index.
ML540M-VLAN-MIB,ml540mVlanStatusInterfacesVlanUser,1.3.6.1.4.1.5468.100.13.1.3.1.1.1.2,column,VTSSVlanUserType,not-accessible,VLAN user.
ML540M-VLAN-MIB,ml540mVlanStatusInterfacesPvid,1.3.6.1.4.1.5468.100.13.1.3.1.1.1.3,column,VTSSVlan,read-only,Port VLAN ID set by this user.
ML540M-VLAN-MIB,ml540mVlanStatusInterfacesUvid,1.3.6.1.4.1.5468.100.13.1.3.1.1.1.4,column,VTSSVlan,read-only,Untagged VLAN ID set by a user. This may only be populated by non-admin users.
ML540M-VLAN-MIB,ml540mVlanStatusInterfacesPortType,1.3.6.1.4.1.5468.100.13.1.3.1.1.1.5,column,VTSSVlanPortType,read-only,VLAN Awareness and tag reaction set by this user.
ML540M-VLAN-MIB,ml540mVlanStatusInterfacesIngressFiltering,1.3.6.1.4.1.5468.100.13.1.3.1.1.1.6,column,TruthValue,read-only,Ingress filtering enabled or disabled by this user.
ML540M-VLAN-MIB,ml540mVlanStatusInterfacesIngressAcceptance,1.3.6.1.4.1.5468.100.13.1.3.1.1.1.7,column,VTSSVlanIngressAcceptance,read-only,VLAN tagging accepted upon ingress configured by this user.
ML540M-VLAN-MIB,ml540mVlanStatusInterfacesEgressTagging,1.3.6.1.4.1.5468.100.13.1.3.1.1.1.8,column,VTSSVlanEgressTagging,read-only,Egress tagging configured by this user.
ML540M-VLAN-MIB,ml540mVlanStatusMembershipsVlanVlanId,1.3.6.1.4.1.5468.100.13.1.3.2.1.1.1,column,VTSSVlan,not-accessible,VLAN ID. Valid range is 1 - 4095.
ML540M-VLAN-MIB,ml540mVlanStatusMembershipsVlanVlanUser,1.3.6.1.4.1.5468.100.13.1.3.2.1.1.2,column,VTSSVlanUserType,not-accessible,VLAN user.
ML540M-VLAN-MIB,ml540mVlanStatusMembershipsVlanPortList,1.3.6.1.4.1.5468.100.13.1.3.2.1.1.3,column,VTSSPortList,read-only,Port list.
ML540M-LACP-MIB,ml540mLacpConfigPortInterfaceNo,1.3.6.1.4.1.5468.100.35.1.2.1.1.1,column,VTSSInterfaceIndex,not-accessible,Logical interface number.
ML540M-LACP-MIB,ml540mLacpConfigPortDot3adAggrActorAdminMode,1.3.6.1.4.1.5468.100.35.1.2.1.1.2,column,TruthValue,read-write,Control whether port is LACP enabled(1) or disabled(0).
ML540M-LACP-MIB,ml540mLacpConfigPortDot3adAggrActorAdminKey,1.3.6.1.4.1.5468.100.35.1.2.1.1.3,column,Unsigned32,read-write,The current administrative value of the Key for the Aggregator. The administrative Key value may differ from the operational Key value for the reasons
ML540M-LACP-MIB,ml540mLacpConfigPortDot3adAggrRole,1.3.6.1.4.1.5468.100.35.1.2.1.1.4,column,TruthValue,read-write,"The Role shows the LACP activity status. The Active(true) will transmit LACP packets each second, while Passive(false) will wait for a LACP packet fro"
ML540M-LACP-MIB,ml540mLacpConfigPortDot3adAggrTimeout,1.3.6.1.4.1.5468.100.35.1.2.1.1.5,column,TruthValue,read-write,"The Timeout controls the period between BPDU transmissions. Fast(true) will transmit LACP packets each second, while Slow(0) will wait for 30 seconds "
ML540M-LACP-MIB,ml540mLacpConfigPortDot3adAggrPortPriority,1.3.6.1.4.1.5468.100.35.1.2.1.1.6,column,Unsigned32 (1..65535),read-write,The Port Priority controls the priority of the port. If the LACP partner wants to form a larger group than is supported by this device then this param
ML540M-LACP-MIB,ml540mLacpConfigGlobalsDot3adAggrSystemPriority,1.3.6.1.4.1.5468.100.35.1.2.2.1,scalar,Unsigned32 (1..65535),read-write,LACP system priority is a value.
ML540M-LACP-MIB,ml540mLacpStatusSystemInterfaceNo,1.3.6.1.4.1.5468.100.35.1.3.1.1.1,column,VTSSInterfaceIndex,not-accessible,Logical interface number.
ML540M-LACP-MIB,ml540mLacpStatusSystemDot3adAggrID,1.3.6.1.4.1.5468.100.35.1.3.1.1.2,column,VTSSUnsigned16,read-only,The aggregation ID for a particular link aggregation group.
ML540M-LACP-MIB,ml540mLacpStatusSystemDot3adAggrPartnerSystemID,1.3.6.1.4.1.5468.100.35.1.3.1.1.3,column,MacAddress,read-only,The system ID (MAC address) of the aggregation partner.
ML540M-LACP-MIB,ml540mLacpStatusSystemDot3adAggrPartnerOperKey,1.3.6.1.4.1.5468.100.35.1.3.1.1.4,column,VTSSUnsigned16,read-only,The Key that the partner has assigned to this aggregation ID.
ML540M-LACP-MIB,ml540mLacpStatusSystemDot3adAggrPartnerOperSystemPriority,1.3.6.1.4.1.5468.100.35.1.3.1.1.5,column,VTSSUnsigned16,read-only,A 2-octet read-only value indicating the operational value of priority associated with the Partner's System ID. The value of this attribute may contai
ML540M-LACP-MIB,ml540mLacpStatusSystemDot3adAggrPartnerStateLastChanged,1.3.6.1.4.1.5468.100.35.1.3.1.1.6,column,Unsigned32,read-only,The time in second since this aggregation changed
ML540M-LACP-MIB,ml540mLacpStatusSystemDot3adAggrLocalPorts,1.3.6.1.4.1.5468.100.35.1.3.1.1.7,column,VTSSPortList,read-only,Local port list
ML540M-LACP-MIB,ml540mLacpStatusPortInterfaceNo,1.3.6.1.4.1.5468.100.35.1.3.2.1.1,column,VTSSInterfaceIndex,not-accessible,Logical interface number.
ML540M-LACP-MIB,ml540mLacpStatusPortDot3adAggrActorAdminMode,1.3.6.1.4.1.5468.100.35.1.3.2.1.2,column,TruthValue,read-only,"Shows the current Admin mode of port, if LACP enabled then returns true else returns false."
ML540M-LACP-MIB,ml540mLacpStatusPortDot3adAggrActorAdminKey,1.3.6.1.4.1.5468.100.35.1.3.2.1.3,column,VTSSUnsigned16,read-only,Shows the current administrative value of the Key for the Aggregator. The administrative Key value may differ from the operational Key value for the r
ML540M-LACP-MIB,ml540mLacpStatusPortDot3adAggrPartnerOperPortIndex,1.3.6.1.4.1.5468.100.35.1.3.2.1.4,column,VTSSUnsigned8,read-only,Shows the port index of the partner port connected to this port.
ML540M-LACP-MIB,ml540mLacpStatusPortDot3adAggrPartnerOperPortPriority,1.3.6.1.4.1.5468.100.35.1.3.2.1.5,column,VTSSUnsigned16,read-only,Shows the port priority of the port partner port connected to this port.
ML540M-LACP-MIB,ml540mLacpControlPortStatsClearInterfaceNo,1.3.6.1.4.1.5468.100.35.1.4.1.1.1,column,VTSSInterfaceIndex,not-accessible,Logical interface number.
ML540M-LACP-MIB,ml540mLacpControlPortStatsClearPortStatisticsClear,1.3.6.1.4.1.5468.100.35.1.4.1.1.2,column,TruthValue,read-write,Set to true to clear the statistics of a port.
ML540M-LACP-MIB,ml540mLacpStatisticsPortInterfaceNo,1.3.6.1.4.1.5468.100.35.1.5.3.1.1,column,VTSSInterfaceIndex,not-accessible,Logical interface number.
ML540M-LACP-MIB,ml540mLacpStatisticsPortDot3adAggrRxFrames,1.3.6.1.4.1.5468.100.35.1.5.3.1.2,column,Counter64,read-only,Shows received LACP frame count.
ML540M-LACP-MIB,ml540mLacpStatisticsPortDot3adAggrTxFrames,1.3.6.1.4.1.5468.100.35.1.5.3.1.3,column,Counter64,read-only,Shows transmitted LACP frame count.
ML540M-LACP-MIB,ml540mLacpStatisticsPortDot3adAggrRxIllegalFrames,1.3.6.1.4.1.5468.100.35.1.5.3.1.4,column,Counter64,read-only,Shows recevied illegal LACP frame count.
ML540M-LACP-MIB,ml540mLacpStatisticsPortDot3adAggrRxUnknownFrames,1.3.6.1.4.1.5468.100.35.1.5.3.1.5,column,Counter64,read-only,Shows recevied unknown LACP frame count.
ML540M-AGGR-MIB,ml540mAggrConfigModeGlobalsSmacAddr,1.3.6.1.4.1.5468.100.19.1.2.1.1,scalar,TruthValue,read-write,"Set to true to enable the use of the Source MAC address, or false to disable. By default, Source MAC Address is enabled."
ML540M-AGGR-MIB,ml540mAggrConfigModeGlobalsDmacAddr,1.3.6.1.4.1.5468.100.19.1.2.1.2,scalar,TruthValue,read-write,"Set to true to enable the use of the Destination MAC address, or false to disable. By default, Destination MAC Address is disabled."
ML540M-AGGR-MIB,ml540mAggrConfigModeGlobalsSourceAndDestinationIpAddr,1.3.6.1.4.1.5468.100.19.1.2.1.3,scalar,TruthValue,read-write,"Set to true to enable the use of the IP address, or false to disable. By default, Destination MAC Address is enabled."
ML540M-AGGR-MIB,ml540mAggrConfigModeGlobalsTcpOrUdpSportAndDportNo,1.3.6.1.4.1.5468.100.19.1.2.1.4,scalar,TruthValue,read-write,"Set to true to enable the use of the TCP/UDP Port Number, or false to disable. By default, TCP/UDP Port Number is enabled."
ML540M-AGGR-MIB,ml540mAggrConfigGroupAggrIndexNo,1.3.6.1.4.1.5468.100.19.1.2.2.1.1,column,VTSSInterfaceIndex,not-accessible,Link Aggregation Group Identifier.
ML540M-AGGR-MIB,ml540mAggrConfigGroupPortMembers,1.3.6.1.4.1.5468.100.19.1.2.2.1.2,column,VTSSPortList,read-write,The list of port members for this Link Aggregation Group.
ML540M-AGGR-MIB,ml540mAggrConfigGroupAction,1.3.6.1.4.1.5468.100.19.1.2.2.1.100,column,VTSSRowEditorState,read-write,Action
ML540M-AGGR-MIB,ml540mAggrConfigGroupTableRowEditorAggrIndexNo,1.3.6.1.4.1.5468.100.19.1.2.3.1,scalar,VTSSInterfaceIndex,read-write,Link Aggregation Group Identifier.
ML540M-AGGR-MIB,ml540mAggrConfigGroupTableRowEditorPortMembers,1.3.6.1.4.1.5468.100.19.1.2.3.2,scalar,VTSSPortList,read-write,The list of port members for this Link Aggregation Group.
ML540M-AGGR-MIB,ml540mAggrConfigGroupTableRowEditorAction,1.3.6.1.4.1.5468.100.19.1.2.3.100,scalar,VTSSRowEditorState,read-write,Action
ML540M-AGGR-MIB,ml540mAggrStatusGroupAggrIndexNo,1.3.6.1.4.1.5468.100.19.1.3.1.1.1,column,VTSSInterfaceIndex,not-accessible,Link Aggregation Group Identifier.
ML540M-AGGR-MIB,ml540mAggrStatusGroupConfiguredPorts,1.3.6.1.4.1.5468.100.19.1.3.1.1.2,column,VTSSPortList,read-only,Configured member ports of the aggregation Group.
ML540M-AGGR-MIB,ml540mAggrStatusGroupAggregatedPorts,1.3.6.1.4.1.5468.100.19.1.3.1.1.3,column,VTSSPortList,read-only,Aggregated member ports of the aggregation Group.
ML540M-AGGR-MIB,ml540mAggrStatusGroupSpeed,1.3.6.1.4.1.5468.100.19.1.3.1.1.4,column,VTSSAggrLinkSpeedStatusEnum,read-only,Speed of the Aggregation Group.
ML540M-AGGR-MIB,ml540mAggrStatusGroupType,1.3.6.1.4.1.5468.100.19.1.3.1.1.5,column,VTSSDisplayString (SIZE(0..6)),read-only,Type of the Aggregation Group.
ML540M-MSTP-MIB,ml540mMstpConfigBridgeParamsBridgeMaxAge,1.3.6.1.4.1.5468.100.20.1.2.1.1,scalar,Unsigned32,read-write,"Bridge Max Age, IEEE-802.1D-2004 sect 13.23.4"
ML540M-MSTP-MIB,ml540mMstpConfigBridgeParamsBridgeHelloTime,1.3.6.1.4.1.5468.100.20.1.2.1.2,scalar,Unsigned32,read-write,"Bridge Hello Time, 13.25.7 of IEEE-802.1Q-2005. Fixed value of two seconds by the standard, but this implementation allow a compatibility range from 1"
ML540M-MSTP-MIB,ml540mMstpConfigBridgeParamsBridgeForwardDelay,1.3.6.1.4.1.5468.100.20.1.2.1.3,scalar,Unsigned32,read-write,"Bridge Forward Delay, IEEE-802.1D-2004 sect 17.20"
ML540M-MSTP-MIB,ml540mMstpConfigBridgeParamsForceVersion,1.3.6.1.4.1.5468.100.20.1.2.1.4,scalar,VTSSMSTPForceVersion,read-write,value of the Force Protocol Version parameter - 13.6.2 of IEEE-802.1Q-2005
ML540M-MSTP-MIB,ml540mMstpConfigBridgeParamsTxHoldCount,1.3.6.1.4.1.5468.100.20.1.2.1.5,scalar,Unsigned32,read-write,TxHoldCount - 17.13.12 of IEEE Std 802.1D
ML540M-MSTP-MIB,ml540mMstpConfigBridgeParamsMaxHops,1.3.6.1.4.1.5468.100.20.1.2.1.6,scalar,VTSSUnsigned8,read-write,MaxHops - 13.22.1 of IEEE-802.1Q-2005
ML540M-MSTP-MIB,ml540mMstpConfigBridgeParamsBpduFiltering,1.3.6.1.4.1.5468.100.20.1.2.1.7,scalar,TruthValue,read-write,BPDU filtering for edge ports. Control whether a port explicitly configured as Edge will transmit and receive BPDUs
ML540M-MSTP-MIB,ml540mMstpConfigBridgeParamsBpduGuard,1.3.6.1.4.1.5468.100.20.1.2.1.8,scalar,TruthValue,read-write,BPDU guard for edge ports. Control whether a port explicitly configured as Edge will disable itself upon reception of a BPDU. The port will enter the 
ML540M-MSTP-MIB,ml540mMstpConfigBridgeParamsErrorRecoveryDelay,1.3.6.1.4.1.5468.100.20.1.2.1.9,scalar,Unsigned32,read-write,The number of seconds until a STP inconsistent port is recovered. Valid values are zero (recovery disabled) or between 30 and 86400 (24 hours)
ML540M-MSTP-MIB,ml540mMstpConfigMstiParamInstance,1.3.6.1.4.1.5468.100.20.1.2.2.1.1,column,Integer32 (0..255),not-accessible,"Bridge instance number. The CIST = 0, MSTI1 = 1, etc"
ML540M-MSTP-MIB,ml540mMstpConfigMstiParamPriority,1.3.6.1.4.1.5468.100.20.1.2.2.1.2,column,VTSSUnsigned8,read-write,Bridge Priority
ML540M-MSTP-MIB,ml540mMstpConfigMstiConfigIdName,1.3.6.1.4.1.5468.100.20.1.2.3.1.1,scalar,VTSSDisplayString (SIZE(0..31)),read-write,The configuration name
ML540M-MSTP-MIB,ml540mMstpConfigMstiConfigIdRevision,1.3.6.1.4.1.5468.100.20.1.2.3.1.2,scalar,VTSSUnsigned16,read-write,The configuration revision
ML540M-MSTP-MIB,ml540mMstpConfigMstiConfigVid,1.3.6.1.4.1.5468.100.20.1.2.3.2.1.1,column,Integer32 (1..4095),not-accessible,Vlan id
ML540M-MSTP-MIB,ml540mMstpConfigMstiConfigMstid,1.3.6.1.4.1.5468.100.20.1.2.3.2.1.2,column,VTSSUnsigned8,read-write,The MSTID value associated with the vlan id
ML540M-MSTP-MIB,ml540mMstpConfigCistInterfaceParamInterfaceNo,1.3.6.1.4.1.5468.100.20.1.2.4.1.1,column,VTSSInterfaceIndex,not-accessible,Logical interface number.
ML540M-MSTP-MIB,ml540mMstpConfigCistInterfaceParamEnable,1.3.6.1.4.1.5468.100.20.1.2.4.1.2,column,TruthValue,read-write,"Control whether port is controlled by xSTP. If disabled, the port forwarding state follow the MAC state"
ML540M-MSTP-MIB,ml540mMstpConfigCistInterfaceParamAdminEdgePort,1.3.6.1.4.1.5468.100.20.1.2.4.1.3,column,TruthValue,read-write,adminEdgePort parameter - 18.3.3 of IEEE Std 802.1D
ML540M-MSTP-MIB,ml540mMstpConfigCistInterfaceParamAdminAutoEdgePort,1.3.6.1.4.1.5468.100.20.1.2.4.1.4,column,TruthValue,read-write,adminAutoEdgePort parameter - 17.13.3 of IEEE Std 802.1D
ML540M-MSTP-MIB,ml540mMstpConfigCistInterfaceParamAdminPointToPointMAC,1.3.6.1.4.1.5468.100.20.1.2.4.1.5,column,VTSSMstpPoint2Point,read-write,adminPointToPointMAC parameter - 6.4.3 of IEEE Std 802.1D
ML540M-MSTP-MIB,ml540mMstpConfigCistInterfaceParamRestrictedRole,1.3.6.1.4.1.5468.100.20.1.2.4.1.6,column,TruthValue,read-write,restrictedRole parameter - 13.25.14 of IEEE Std 802.1Q-2005
ML540M-MSTP-MIB,ml540mMstpConfigCistInterfaceParamRestrictedTcn,1.3.6.1.4.1.5468.100.20.1.2.4.1.7,column,TruthValue,read-write,restrictedRole parameter - 13.25.15 of IEEE Std 802.1Q-2005
ML540M-MSTP-MIB,ml540mMstpConfigCistInterfaceParamBpduGuard,1.3.6.1.4.1.5468.100.20.1.2.4.1.8,column,TruthValue,read-write,"If enabled, causes the port to disable itself upon receiving valid BPDU's. Contrary to the similar bridge setting, the port Edge status does not effec"
ML540M-MSTP-MIB,ml540mMstpConfigAggrParamsEnable,1.3.6.1.4.1.5468.100.20.1.2.5.1,scalar,TruthValue,read-write,"Control whether port is controlled by xSTP. If disabled, the port forwarding state follow the MAC state"
ML540M-MSTP-MIB,ml540mMstpConfigAggrParamsAdminEdgePort,1.3.6.1.4.1.5468.100.20.1.2.5.2,scalar,TruthValue,read-write,adminEdgePort parameter - 18.3.3 of IEEE Std 802.1D
ML540M-MSTP-MIB,ml540mMstpConfigAggrParamsAdminAutoEdgePort,1.3.6.1.4.1.5468.100.20.1.2.5.3,scalar,TruthValue,read-write,adminAutoEdgePort parameter - 17.13.3 of IEEE Std 802.1D
ML540M-MSTP-MIB,ml540mMstpConfigAggrParamsAdminPointToPointMAC,1.3.6.1.4.1.5468.100.20.1.2.5.4,scalar,VTSSMstpPoint2Point,read-write,adminPointToPointMAC parameter - 6.4.3 of IEEE Std 802.1D
ML540M-MSTP-MIB,ml540mMstpConfigAggrParamsRestrictedRole,1.3.6.1.4.1.5468.100.20.1.2.5.5,scalar,TruthValue,read-write,restrictedRole parameter - 13.25.14 of IEEE Std 802.1Q-2005
ML540M-MSTP-MIB,ml540mMstpConfigAggrParamsRestrictedTcn,1.3.6.1.4.1.5468.100.20.1.2.5.6,scalar,TruthValue,read-write,restrictedRole parameter - 13.25.15 of IEEE Std 802.1Q-2005
ML540M-MSTP-MIB,ml540mMstpConfigAggrParamsBpduGuard,1.3.6.1.4.1.5468.100.20.1.2.5.7,scalar,TruthValue,read-write,"If enabled, causes the port to disable itself upon receiving valid BPDU's. Contrary to the similar bridge setting, the port Edge status does not effec"
ML540M-MSTP-MIB,ml540mMstpConfigMstiInterfaceParamInterfaceNo,1.3.6.1.4.1.5468.100.20.1.2.6.1.1,column,VTSSInterfaceIndex,not-accessible,Logical interface number.
ML540M-MSTP-MIB,ml540mMstpConfigMstiInterfaceParamInstance,1.3.6.1.4.1.5468.100.20.1.2.6.1.2,column,Integer32 (0..255),not-accessible,"Bridge instance number. The CIST = 0, MSTI1 = 1, etc"
ML540M-MSTP-MIB,ml540mMstpConfigMstiInterfaceParamAdminPathCost,1.3.6.1.4.1.5468.100.20.1.2.6.1.3,column,Unsigned32,read-write,Path Cost - 13.37.1 of 802.1Q-2005
ML540M-MSTP-MIB,ml540mMstpConfigMstiInterfaceParamAdminPortPriority,1.3.6.1.4.1.5468.100.20.1.2.6.1.4,column,VTSSUnsigned8,read-write,priority field for the Port Identifier - 13.24.12 of 802.1Q-2005
ML540M-MSTP-MIB,ml540mMstpConfigMstiAggrParamInstance,1.3.6.1.4.1.5468.100.20.1.2.7.1.1,column,Integer32 (0..255),not-accessible,"Bridge instance number. The CIST = 0, MSTI1 = 1, etc"
ML540M-MSTP-MIB,ml540mMstpConfigMstiAggrParamAdminPathCost,1.3.6.1.4.1.5468.100.20.1.2.7.1.3,column,Unsigned32,read-write,Path Cost - 13.37.1 of 802.1Q-2005
ML540M-MSTP-MIB,ml540mMstpConfigMstiAggrParamAdminPortPriority,1.3.6.1.4.1.5468.100.20.1.2.7.1.4,column,VTSSUnsigned8,read-write,priority field for the Port Identifier - 13.24.12 of 802.1Q-2005
ML540M-MSTP-MIB,ml540mMstpStatusBridgeInstance,1.3.6.1.4.1.5468.100.20.1.3.1.1.1,column,Integer32 (0..255),not-accessible,"Bridge instance number. The CIST = 0, MSTI1 = 1, etc"
ML540M-MSTP-MIB,ml540mMstpStatusBridgeBridgeId,1.3.6.1.4.1.5468.100.20.1.3.1.1.2,column,OCTET STRING (SIZE(8)),read-only,Bridge Identifier of this bridge
ML540M-MSTP-MIB,ml540mMstpStatusBridgeTimeSinceTopologyChange,1.3.6.1.4.1.5468.100.20.1.3.1.1.3,column,Unsigned32,read-only,The count in seconds of the time elapsed since the Topology Change flag was last True
ML540M-MSTP-MIB,ml540mMstpStatusBridgeTopologyChangeCount,1.3.6.1.4.1.5468.100.20.1.3.1.1.4,column,Unsigned32,read-only,The count of the times the Topology Change flag parameter for the Bridge has been set since the Bridge was powered on or initialized
ML540M-MSTP-MIB,ml540mMstpStatusBridgeTopologyChange,1.3.6.1.4.1.5468.100.20.1.3.1.1.5,column,TruthValue,read-only,Topology Change Flag current status
ML540M-MSTP-MIB,ml540mMstpStatusBridgeDesignatedRoot,1.3.6.1.4.1.5468.100.20.1.3.1.1.6,column,OCTET STRING (SIZE(8)),read-only,Designated Root Bridge
ML540M-MSTP-MIB,ml540mMstpStatusBridgeRootPathCost,1.3.6.1.4.1.5468.100.20.1.3.1.1.7,column,Unsigned32,read-only,Root Path Cost
ML540M-MSTP-MIB,ml540mMstpStatusBridgeRootPort,1.3.6.1.4.1.5468.100.20.1.3.1.1.8,column,Unsigned32,read-only,Root Port
ML540M-MSTP-MIB,ml540mMstpStatusBridgeMaxAge,1.3.6.1.4.1.5468.100.20.1.3.1.1.9,column,Unsigned32,read-only,"Max Age, IEEE-802.1D-2004 sect 13.23.7"
ML540M-MSTP-MIB,ml540mMstpStatusBridgeForwardDelay,1.3.6.1.4.1.5468.100.20.1.3.1.1.10,column,Unsigned32,read-only,"Forward Delay, IEEE-802.1D-2004 sect 13.23.7"
ML540M-MSTP-MIB,ml540mMstpStatusBridgeBridgeMaxAge,1.3.6.1.4.1.5468.100.20.1.3.1.1.11,column,Unsigned32,read-only,"Bridge Max Age, IEEE-802.1D-2004 sect 13.23.4"
ML540M-MSTP-MIB,ml540mMstpStatusBridgeBridgeHelloTime,1.3.6.1.4.1.5468.100.20.1.3.1.1.12,column,Unsigned32,read-only,"Bridge Hello Time, IEEE-802.1D-2004 sect 13.23.4"
ML540M-MSTP-MIB,ml540mMstpStatusBridgeBridgeForwardDelay,1.3.6.1.4.1.5468.100.20.1.3.1.1.13,column,Unsigned32,read-only,"Bridge Forward Delay, IEEE-802.1D-2004 sect 13.23.4"
ML540M-MSTP-MIB,ml540mMstpStatusBridgeTxHoldCount,1.3.6.1.4.1.5468.100.20.1.3.1.1.14,column,Unsigned32,read-only,"Hold Time / Transmission Limit, IEEE-802.1D-2004 sect 13.22"
ML540M-MSTP-MIB,ml540mMstpStatusBridgeForceVersion,1.3.6.1.4.1.5468.100.20.1.3.1.1.15,column,VTSSMSTPForceVersion,read-only,Value of the Force Protocol Version parameter - IEEE-802.1D-2004 sect 17.16.1
ML540M-MSTP-MIB,ml540mMstpStatusBridgeCistRegionalRoot,1.3.6.1.4.1.5468.100.20.1.3.1.1.16,column,OCTET STRING (SIZE(8)),read-only,CIST Regional Root Identifier (13.16.4)
ML540M-MSTP-MIB,ml540mMstpStatusBridgeCistInternalPathCost,1.3.6.1.4.1.5468.100.20.1.3.1.1.17,column,Unsigned32,read-only,CIST Path Cost
ML540M-MSTP-MIB,ml540mMstpStatusBridgeMaxHops,1.3.6.1.4.1.5468.100.20.1.3.1.1.18,column,VTSSUnsigned8,read-only,MaxHops (13.22.1)
ML540M-MSTP-MIB,ml540mMstpStatusInterfaceInterfaceNo,1.3.6.1.4.1.5468.100.20.1.3.2.1.1,column,VTSSInterfaceIndex,not-accessible,Logical interface number.
ML540M-MSTP-MIB,ml540mMstpStatusInterfaceInstance,1.3.6.1.4.1.5468.100.20.1.3.2.1.2,column,Integer32 (0..255),not-accessible,"Bridge instance number. The CIST = 0, MSTI1 = 1, etc"
ML540M-MSTP-MIB,ml540mMstpStatusInterfaceEnabled,1.3.6.1.4.1.5468.100.20.1.3.2.1.3,column,TruthValue,read-only,Whether port is controlled by xSTP
ML540M-MSTP-MIB,ml540mMstpStatusInterfaceActive,1.3.6.1.4.1.5468.100.20.1.3.2.1.4,column,TruthValue,read-only,Whether port is active
ML540M-MSTP-MIB,ml540mMstpStatusInterfaceParentPort,1.3.6.1.4.1.5468.100.20.1.3.2.1.5,column,Unsigned32,read-only,Parent port if physical port is aggregated. (Otherwise 0xffff)
ML540M-MSTP-MIB,ml540mMstpStatusInterfaceUpTime,1.3.6.1.4.1.5468.100.20.1.3.2.1.6,column,Unsigned32,read-only,seconds of the time elapsed since the Port was last reset or initialized
ML540M-MSTP-MIB,ml540mMstpStatusInterfacePortState,1.3.6.1.4.1.5468.100.20.1.3.2.1.7,column,VTSSMstpPortState,read-only,Current state of the Port
ML540M-MSTP-MIB,ml540mMstpStatusInterfacePortId,1.3.6.1.4.1.5468.100.20.1.3.2.1.8,column,OCTET STRING (SIZE(2)),read-only,"Unique Port identifier comprising two parts, the Port Number and the Port Priority field"
ML540M-MSTP-MIB,ml540mMstpStatusInterfacePathCost,1.3.6.1.4.1.5468.100.20.1.3.2.1.9,column,Unsigned32,read-only,Path Cost (17.16.5 of IEEE Std 802.1D)
ML540M-MSTP-MIB,ml540mMstpStatusInterfaceDesignatedRoot,1.3.6.1.4.1.5468.100.20.1.3.2.1.10,column,OCTET STRING (SIZE(8)),read-only,Designated Root
ML540M-MSTP-MIB,ml540mMstpStatusInterfaceDesignatedCost,1.3.6.1.4.1.5468.100.20.1.3.2.1.11,column,Unsigned32,read-only,Designated Cost
ML540M-MSTP-MIB,ml540mMstpStatusInterfaceDesignatedBridge,1.3.6.1.4.1.5468.100.20.1.3.2.1.12,column,OCTET STRING (SIZE(8)),read-only,Designated Bridge
ML540M-MSTP-MIB,ml540mMstpStatusInterfaceDesignatedPort,1.3.6.1.4.1.5468.100.20.1.3.2.1.13,column,OCTET STRING (SIZE(2)),read-only,Designated Port
ML540M-MSTP-MIB,ml540mMstpStatusInterfaceTcAck,1.3.6.1.4.1.5468.100.20.1.3.2.1.14,column,TruthValue,read-only,Topology Change Acknowledge
ML540M-MSTP-MIB,ml540mMstpStatusInterfaceHelloTime,1.3.6.1.4.1.5468.100.20.1.3.2.1.15,column,Unsigned32,read-only,Hello Time
ML540M-MSTP-MIB,ml540mMstpStatusInterfaceAdminEdgePort,1.3.6.1.4.1.5468.100.20.1.3.2.1.16,column,TruthValue,read-only,adminEdgePort (18.3.3 of IEEE Std 802.1D)
ML540M-MSTP-MIB,ml540mMstpStatusInterfaceOperEdgePort,1.3.6.1.4.1.5468.100.20.1.3.2.1.17,column,TruthValue,read-only,operEdgePort (18.3.4 of IEEE Std 802.1D)
ML540M-MSTP-MIB,ml540mMstpStatusInterfaceAutoEdgePort,1.3.6.1.4.1.5468.100.20.1.3.2.1.18,column,TruthValue,read-only,autoEdgePort (17.13.3 of IEEE Std 802.1D)
ML540M-MSTP-MIB,ml540mMstpStatusInterfaceMacOperational,1.3.6.1.4.1.5468.100.20.1.3.2.1.19,column,TruthValue,read-only,"Current state of the MAC Operational parameter (6.4.2 of IEEE Std 802.1D,)"
ML540M-MSTP-MIB,ml540mMstpStatusInterfaceAdminPointToPointMAC,1.3.6.1.4.1.5468.100.20.1.3.2.1.20,column,VTSSMstpPoint2Point,read-only,Current state of the adminPointToPointMAC parameter (6.4.3 of IEEE Std 802.1D)
ML540M-MSTP-MIB,ml540mMstpStatusInterfaceOperPointToPointMAC,1.3.6.1.4.1.5468.100.20.1.3.2.1.21,column,TruthValue,read-only,Current state of the operPointToPointMAC parameter (6.4.3 of IEEE Std 802.1D)
ML540M-MSTP-MIB,ml540mMstpStatusInterfaceRestrictedRole,1.3.6.1.4.1.5468.100.20.1.3.2.1.22,column,TruthValue,read-only,Current state of the restrictedRole parameter for the Port (13.25.14)
ML540M-MSTP-MIB,ml540mMstpStatusInterfaceRestrictedTcn,1.3.6.1.4.1.5468.100.20.1.3.2.1.23,column,TruthValue,read-only,Current state of the restrictedTcn parameter for the Port (13.25.15)
ML540M-MSTP-MIB,ml540mMstpStatusInterfacePortRole,1.3.6.1.4.1.5468.100.20.1.3.2.1.24,column,VTSSDisplayString (SIZE(0..15)),read-only,Current Port Role
ML540M-MSTP-MIB,ml540mMstpStatusInterfaceDisputed,1.3.6.1.4.1.5468.100.20.1.3.2.1.25,column,TruthValue,read-only,Current value of the disputed variable for the CIST Port
ML540M-MSTP-MIB,ml540mMstpStatusInterfaceStatisticsInterfaceNo,1.3.6.1.4.1.5468.100.20.1.3.3.1.1,column,VTSSInterfaceIndex,not-accessible,Logical interface number.
ML540M-MSTP-MIB,ml540mMstpStatusInterfaceStatisticsStpFrameXmits,1.3.6.1.4.1.5468.100.20.1.3.3.1.2,column,Unsigned32,read-only,Number of STP frames transmitted
ML540M-MSTP-MIB,ml540mMstpStatusInterfaceStatisticsStpFrameReceived,1.3.6.1.4.1.5468.100.20.1.3.3.1.3,column,Unsigned32,read-only,Number of STP frames received
ML540M-MSTP-MIB,ml540mMstpStatusInterfaceStatisticsRstpFrameXmits,1.3.6.1.4.1.5468.100.20.1.3.3.1.4,column,Unsigned32,read-only,Number of RSTP frames transmitted
ML540M-MSTP-MIB,ml540mMstpStatusInterfaceStatisticsRstpFrameReceived,1.3.6.1.4.1.5468.100.20.1.3.3.1.5,column,Unsigned32,read-only,Number of RSTP frames received
ML540M-MSTP-MIB,ml540mMstpStatusInterfaceStatisticsMstpFrameXmits,1.3.6.1.4.1.5468.100.20.1.3.3.1.6,column,Unsigned32,read-only,Number of MSTP frames transmitted
ML540M-MSTP-MIB,ml540mMstpStatusInterfaceStatisticsMstpFrameReceived,1.3.6.1.4.1.5468.100.20.1.3.3.1.7,column,Unsigned32,read-only,Number of MSTP frames received
ML540M-MSTP-MIB,ml540mMstpStatusInterfaceStatisticsUnknownFramesReceived,1.3.6.1.4.1.5468.100.20.1.3.3.1.8,column,Unsigned32,read-only,Number of unknown frames received and discarded in error
ML540M-MSTP-MIB,ml540mMstpStatusInterfaceStatisticsIllegalFrameReceived,1.3.6.1.4.1.5468.100.20.1.3.3.1.9,column,Unsigned32,read-only,Number of illegal frames received and discarded in error
ML540M-LLDP-MIB,ml540mLldpConfigGlobalReInitDelay,1.3.6.1.4.1.5468.100.34.1.2.1.1,scalar,VTSSUnsigned16,read-write,"Set the LLDP tx reinitialization delay in seconds. Valid range 1-10. When a port is disabled, LLDP is disabled or the switch is rebooted, a LLDP shutd"
ML540M-LLDP-MIB,ml540mLldpConfigGlobalMsgTxHold,1.3.6.1.4.1.5468.100.34.1.2.1.2,scalar,VTSSUnsigned16,read-write,Set the LLDP tx hold times . Valid range 2-10. Each LLDP frame contains information about how long time the information in the LLDP frame shall be con
ML540M-LLDP-MIB,ml540mLldpConfigGlobalMsgTxInterval,1.3.6.1.4.1.5468.100.34.1.2.1.3,scalar,VTSSUnsigned16,read-write,Set the LLDP tx interval in seconds. The switch periodically transmits LLDP frames to its neighbors for having the network discovery information up-to
ML540M-LLDP-MIB,ml540mLldpConfigGlobalTxDelay,1.3.6.1.4.1.5468.100.34.1.2.1.4,scalar,VTSSUnsigned16,read-write,"Set the LLDP tx delay in seconds. Valid range 1-8192. If some configuration is changed (e.g. the IP address) a new LLDP frame is transmitted, but the "
ML540M-LLDP-MIB,ml540mLldpConfigIfIndex,1.3.6.1.4.1.5468.100.34.1.2.2.1.1,column,VTSSInterfaceIndex,not-accessible,Logical interface number index.
ML540M-LLDP-MIB,ml540mLldpConfigAdminState,1.3.6.1.4.1.5468.100.34.1.2.2.1.3,column,VTSSlldpAdminState,read-write,Sets the LLDP admin state for the interface.
ML540M-LLDP-MIB,ml540mLldpConfigCdpAware,1.3.6.1.4.1.5468.100.34.1.2.2.1.4,column,TruthValue,read-write,Enables/disables CDP awareness for the interface. CDP is Cisco's equivalent to LLDP. The CDP operation is restricted to decoding incoming CDP frames (
ML540M-LLDP-MIB,ml540mLldpConfigOptionalTlvs,1.3.6.1.4.1.5468.100.34.1.2.2.1.5,column,VTSSUnsigned8,read-write,"Enables/Disables the LLDP optional TLVs. Bit mask, where setting the bit to 1 means enable transmission of the corresponding TLV. Bit 0 represents Por"
ML540M-LLDP-MIB,ml540mLldpConfigMedIfIndex,1.3.6.1.4.1.5468.100.34.1.2.3.1.1.1,column,VTSSInterfaceIndex,not-accessible,Logical interface number index.
ML540M-LLDP-MIB,ml540mLldpConfigMedOptionalTlvs,1.3.6.1.4.1.5468.100.34.1.2.3.1.1.3,column,VTSSUnsigned8,read-write,"Enables/Disables the LLDP optional TLVs. Bit mask, where setting the bit to 1 means enable transmission of the corresponding optional TLV. Bit 0 repre"
ML540M-LLDP-MIB,ml540mLldpConfigMedDeviceType,1.3.6.1.4.1.5468.100.34.1.2.3.1.1.4,column,VTSSlldpmedDeviceType,read-write,Setting device type to configure the mode the device shall operate as.
ML540M-LLDP-MIB,ml540mLldpConfigMedPolicyLldpmedPolicy,1.3.6.1.4.1.5468.100.34.1.2.3.2.1.1,column,Integer32 (0..31),not-accessible,Policy index.
ML540M-LLDP-MIB,ml540mLldpConfigMedPolicyApplicationType,1.3.6.1.4.1.5468.100.34.1.2.3.2.1.3,column,VTSSlldpmedRemoteNetworkPolicyApplicationType,read-write,The LLDP policy application type.
ML540M-LLDP-MIB,ml540mLldpConfigMedPolicyTagged,1.3.6.1.4.1.5468.100.34.1.2.3.2.1.4,column,TruthValue,read-write,The LLDP policy tagged flag. Defines if LLDP policy uses tagged VLAN.
ML540M-LLDP-MIB,ml540mLldpConfigMedPolicyVlanId,1.3.6.1.4.1.5468.100.34.1.2.3.2.1.5,column,VTSSUnsigned16 (1..4095),read-write,The LLDP policy VLAN ID. Only valid when policy 'Tagged' is TRUE
ML540M-LLDP-MIB,ml540mLldpConfigMedPolicyL2Priority,1.3.6.1.4.1.5468.100.34.1.2.3.2.1.6,column,VTSSUnsigned8 (0..7),read-write,The LLDP policy L2 priority.
ML540M-LLDP-MIB,ml540mLldpConfigMedPolicyDscp,1.3.6.1.4.1.5468.100.34.1.2.3.2.1.7,column,VTSSUnsigned8 (0..63),read-write,The LLDP policy DSCP.
ML540M-LLDP-MIB,ml540mLldpConfigMedPolicyAction,1.3.6.1.4.1.5468.100.34.1.2.3.2.1.100,column,VTSSRowEditorState,read-write,Action
ML540M-LLDP-MIB,ml540mLldpConfigMedPolicyListIfIndex,1.3.6.1.4.1.5468.100.34.1.2.3.3.1.1,column,VTSSInterfaceIndex,not-accessible,Logical interface number index.
ML540M-LLDP-MIB,ml540mLldpConfigMedPolicyListLldpmedPolicy,1.3.6.1.4.1.5468.100.34.1.2.3.3.1.3,column,Integer32 (0..31),not-accessible,Policy index.
ML540M-LLDP-MIB,ml540mLldpConfigMedPolicyListLldpmedPoliciesList,1.3.6.1.4.1.5468.100.34.1.2.3.3.1.4,column,TruthValue,read-write,Set to TRUE assign the corresponding policy index to the interface.
ML540M-LLDP-MIB,ml540mLldpConfigMedGlobalFastRepeatCount,1.3.6.1.4.1.5468.100.34.1.2.3.4.1,scalar,VTSSUnsigned8 (1..10),read-write,Number of times to repeat LLDP frame transmission at fast start Rapid startup and Emergency Call Service Location Identification Discovery of endpoint
ML540M-LLDP-MIB,ml540mLldpConfigMedGlobalLatitude,1.3.6.1.4.1.5468.100.34.1.2.3.4.2,scalar,VTSSInteger64,read-write,Latitude degrees in 2s-complement as specified in RFC 3825. Positive numbers are north of the equator and negative numbers are south of the equator.
ML540M-LLDP-MIB,ml540mLldpConfigMedGlobalLongitude,1.3.6.1.4.1.5468.100.34.1.2.3.4.3,scalar,VTSSInteger64,read-write,Longitude degrees in 2s-complement as specified in RFC 3825. Positive values are East of the prime meridian and negative numbers are West of the prime
ML540M-LLDP-MIB,ml540mLldpConfigMedGlobalAltitudeType,1.3.6.1.4.1.5468.100.34.1.2.3.4.4,scalar,VTSSlldpmedAltitudeType,read-write,Setting altitude type Possible to select between two altitude types (floors or meters). Meters are representing meters of altitude defined by the vert
ML540M-LLDP-MIB,ml540mLldpConfigMedGlobalAltitude,1.3.6.1.4.1.5468.100.34.1.2.3.4.5,scalar,Integer32,read-write,Altitude value in 2s-complement as specified in RFC 3825
ML540M-LLDP-MIB,ml540mLldpConfigMedGlobalElinAddr,1.3.6.1.4.1.5468.100.34.1.2.3.4.6,scalar,VTSSDisplayString (SIZE(0..25)),read-write,Emergency Call Service ELIN identifier data format is defined to carry the ELIN identifier as used during emergency call setup to a traditional CAMA o
ML540M-LLDP-MIB,ml540mLldpConfigMedGlobalDatum,1.3.6.1.4.1.5468.100.34.1.2.3.4.7,scalar,VTSSlldpmedDatumType,read-write,Setting datum to configure the datum (geodetic system) to use. The Map Datum is used for the coordinates given in these options: WGS84: (Geographical 
ML540M-LLDP-MIB,ml540mLldpConfigMedGlobalCountryCode,1.3.6.1.4.1.5468.100.34.1.2.3.4.8,scalar,VTSSDisplayString (SIZE(0..2)),read-write,"The two-letter ISO 3166 country code in capital ASCII letters - Example: DK, DE or US."
ML540M-LLDP-MIB,ml540mLldpConfigMedLocationInformationLldpmedIndex,1.3.6.1.4.1.5468.100.34.1.2.3.5.1.2,column,VTSSlldpmedCivicAddressType,not-accessible,"Civic address type. 1 - State/National subdivisions 2 - County, parish, gun (JP), district (IN) 3 - City, township 4 - City division, borough, city di"
ML540M-LLDP-MIB,ml540mLldpConfigMedLocationInformationCivicAddress,1.3.6.1.4.1.5468.100.34.1.2.3.5.1.3,column,VTSSDisplayString (SIZE(0..250)),read-write,Civic address
ML540M-LLDP-MIB,ml540mLldpConfigMedPolicyRowEditorLldpmedPolicy,1.3.6.1.4.1.5468.100.34.1.2.3.6.1,scalar,Integer32 (0..31),read-write,Policy index.
ML540M-LLDP-MIB,ml540mLldpConfigMedPolicyRowEditorApplicationType,1.3.6.1.4.1.5468.100.34.1.2.3.6.3,scalar,VTSSlldpmedRemoteNetworkPolicyApplicationType,read-write,The LLDP policy application type.
ML540M-LLDP-MIB,ml540mLldpConfigMedPolicyRowEditorTagged,1.3.6.1.4.1.5468.100.34.1.2.3.6.4,scalar,TruthValue,read-write,The LLDP policy tagged flag. Defines if LLDP policy uses tagged VLAN.
ML540M-LLDP-MIB,ml540mLldpConfigMedPolicyRowEditorVlanId,1.3.6.1.4.1.5468.100.34.1.2.3.6.5,scalar,VTSSUnsigned16 (1..4095),read-write,The LLDP policy VLAN ID. Only valid when policy 'Tagged' is TRUE
ML540M-LLDP-MIB,ml540mLldpConfigMedPolicyRowEditorL2Priority,1.3.6.1.4.1.5468.100.34.1.2.3.6.6,scalar,VTSSUnsigned8 (0..7),read-write,The LLDP policy L2 priority.
ML540M-LLDP-MIB,ml540mLldpConfigMedPolicyRowEditorDscp,1.3.6.1.4.1.5468.100.34.1.2.3.6.7,scalar,VTSSUnsigned8 (0..63),read-write,The LLDP policy DSCP.
ML540M-LLDP-MIB,ml540mLldpConfigMedPolicyRowEditorAction,1.3.6.1.4.1.5468.100.34.1.2.3.6.100,scalar,VTSSRowEditorState,read-write,Action
ML540M-LLDP-MIB,ml540mLldpStatusStatisticsGlobalCountersTableInserts,1.3.6.1.4.1.5468.100.34.1.3.1.1.1,scalar,Unsigned32,read-only,Shows the number of new entries added since switch reboot.
ML540M-LLDP-MIB,ml540mLldpStatusStatisticsGlobalCountersTableDeletes,1.3.6.1.4.1.5468.100.34.1.3.1.1.2,scalar,Unsigned32,read-only,Shows the number of new entries deleted since switch reboot.
ML540M-LLDP-MIB,ml540mLldpStatusStatisticsGlobalCountersTableDrops,1.3.6.1.4.1.5468.100.34.1.3.1.1.3,scalar,Unsigned32,read-only,Shows the number of LLDP frames dropped due to the entry table being full.
ML540M-LLDP-MIB,ml540mLldpStatusStatisticsGlobalCountersTableAgeOuts,1.3.6.1.4.1.5468.100.34.1.3.1.1.4,scalar,Unsigned32,read-only,Shows the number of entries deleted due to Time-To-Live expiring.
ML540M-LLDP-MIB,ml540mLldpStatusStatisticsGlobalCountersLastChangeTime,1.3.6.1.4.1.5468.100.34.1.3.1.1.5,scalar,VTSSUnsigned64,read-only,Shows the time when the last entry was last deleted or added. It also shows the time elapsed since the last change was detected.
ML540M-LLDP-MIB,ml540mLldpStatusStatisticsIfIndex,1.3.6.1.4.1.5468.100.34.1.3.1.2.1.1,column,VTSSInterfaceIndex,not-accessible,Logical interface number index.
ML540M-LLDP-MIB,ml540mLldpStatusStatisticsTxTotal,1.3.6.1.4.1.5468.100.34.1.3.1.2.1.2,column,Unsigned32,read-only,Shows the number of LLDP frames transmitted.
ML540M-LLDP-MIB,ml540mLldpStatusStatisticsRxTotal,1.3.6.1.4.1.5468.100.34.1.3.1.2.1.3,column,Unsigned32,read-only,Shows the number of LLDP frames received.
ML540M-LLDP-MIB,ml540mLldpStatusStatisticsRxError,1.3.6.1.4.1.5468.100.34.1.3.1.2.1.4,column,Unsigned32,read-only,Shows the number of received LLDP frames containing some kind of error.
ML540M-LLDP-MIB,ml540mLldpStatusStatisticsRxDiscarded,1.3.6.1.4.1.5468.100.34.1.3.1.2.1.5,column,Unsigned32,read-only,"Show the number of LLDP frames discarded. If a LLDP frame is received at an interface, and the switch's internal table has run full, the LLDP frame is"
ML540M-LLDP-MIB,ml540mLldpStatusStatisticsTLVsDiscarded,1.3.6.1.4.1.5468.100.34.1.3.1.2.1.6,column,Unsigned32,read-only,"Shows the number of TLVs discarded. Each LLDP frame can contain multiple pieces of information, known as TLVs (TLV is short for 'Type Length Value'). "
ML540M-LLDP-MIB,ml540mLldpStatusStatisticsTLVsUnrecognized,1.3.6.1.4.1.5468.100.34.1.3.1.2.1.7,column,Unsigned32,read-only,"Shows the number of well-formed TLVs, but with an unknown type value."
ML540M-LLDP-MIB,ml540mLldpStatusStatisticsTLVsOrgDiscarded,1.3.6.1.4.1.5468.100.34.1.3.1.2.1.8,column,Unsigned32,read-only,"Shows the number of well-formed TLVs, but with an organizationally TLV which is not supported."
ML540M-LLDP-MIB,ml540mLldpStatusStatisticsAgeOuts,1.3.6.1.4.1.5468.100.34.1.3.1.2.1.9,column,Unsigned32,read-only,Show the number of age-outs. Each frame contains information about how long time the LLDP information is valid (age-out time). If no new LLDP frame is
ML540M-LLDP-MIB,ml540mLldpStatusNeighborsInformationIfIndex,1.3.6.1.4.1.5468.100.34.1.3.2.1.1,column,VTSSInterfaceIndex,not-accessible,Logical interface number index.
ML540M-LLDP-MIB,ml540mLldpStatusNeighborsInformationLldpmedIndex,1.3.6.1.4.1.5468.100.34.1.3.2.1.2,column,Integer32 (0..192),not-accessible,Neighbor information table entry index.
ML540M-LLDP-MIB,ml540mLldpStatusNeighborsInformationChassisId,1.3.6.1.4.1.5468.100.34.1.3.2.1.4,column,VTSSDisplayString (SIZE(0..254)),read-only,Shows the LLDP neighbor's chassis Id.
ML540M-LLDP-MIB,ml540mLldpStatusNeighborsInformationPortId,1.3.6.1.4.1.5468.100.34.1.3.2.1.5,column,VTSSDisplayString (SIZE(0..254)),read-only,Shows the LLDP neighbor's port id.
ML540M-LLDP-MIB,ml540mLldpStatusNeighborsInformationPortDescription,1.3.6.1.4.1.5468.100.34.1.3.2.1.6,column,VTSSDisplayString (SIZE(0..254)),read-only,Shows the LLDP neighbor's port description.
ML540M-LLDP-MIB,ml540mLldpStatusNeighborsInformationSystemName,1.3.6.1.4.1.5468.100.34.1.3.2.1.7,column,VTSSDisplayString (SIZE(0..254)),read-only,Shows the LLDP neighbor's system name.
ML540M-LLDP-MIB,ml540mLldpStatusNeighborsInformationSystemDescription,1.3.6.1.4.1.5468.100.34.1.3.2.1.8,column,VTSSDisplayString (SIZE(0..254)),read-only,Shows the LLDP neighbor's system description.
ML540M-LLDP-MIB,ml540mLldpStatusNeighborsInformationSystemCapabilities,1.3.6.1.4.1.5468.100.34.1.3.2.1.9,column,VTSSUnsigned16,read-only,"Shows the LLDP neighbor's system capabilities as bit mask. If the bit is set, it means that the functionality is supported by the neighbor system. Bit"
ML540M-LLDP-MIB,ml540mLldpStatusNeighborsInformationSystemCapabilitiesEnable,1.3.6.1.4.1.5468.100.34.1.3.2.1.10,column,VTSSUnsigned16,read-only,"Shows the LLDP neighbor's system capabilities which is enabled. If the bit is set, it means that the functionality is currently enabled at the neighbo"
ML540M-LLDP-MIB,ml540mLldpStatusNeighborsMgmtInformationIfIndex,1.3.6.1.4.1.5468.100.34.1.3.3.1.1,column,VTSSInterfaceIndex,not-accessible,Logical interface number index.
ML540M-LLDP-MIB,ml540mLldpStatusNeighborsMgmtInformationLldpmedIndex,1.3.6.1.4.1.5468.100.34.1.3.3.1.2,column,Integer32 (0..192),not-accessible,Neighbor information table entry index.
ML540M-LLDP-MIB,ml540mLldpStatusNeighborsMgmtInformationLldpManagement,1.3.6.1.4.1.5468.100.34.1.3.3.1.4,column,Integer32 (0..1),not-accessible,Neighbor management information table entry index.
ML540M-LLDP-MIB,ml540mLldpStatusNeighborsMgmtInformationSystemMgmAddressSubtype,1.3.6.1.4.1.5468.100.34.1.3.3.1.5,column,VTSSUnsigned8,read-only,"LLDP neighbor's management address subtype , section 9.5.9.3 IEEE802.1AB-2005."
ML540M-LLDP-MIB,ml540mLldpStatusNeighborsMgmtInformationSystemMgmtAddress,1.3.6.1.4.1.5468.100.34.1.3.3.1.6,column,VTSSDisplayString (SIZE(0..31)),read-only,"LLDP neighbor's management address string, section 9.5.9.4 IEEE802.1AB-2005."
ML540M-LLDP-MIB,ml540mLldpStatusNeighborsMgmtInformationSystemMgmtInterfaceSubtype,1.3.6.1.4.1.5468.100.34.1.3.3.1.7,column,Integer32,read-only,"Interface numbering subtype, section 9.5.9.5 IEEE802.1AB-2005."
ML540M-LLDP-MIB,ml540mLldpStatusNeighborsMgmtInformationSystemMgmtInterface,1.3.6.1.4.1.5468.100.34.1.3.3.1.8,column,Integer32,read-only,"Interface number, section 9.5.9.6 IEEE802.1AB-2005."
ML540M-LLDP-MIB,ml540mLldpStatusNeighborsMgmtInformationSystemMgmtOid,1.3.6.1.4.1.5468.100.34.1.3.3.1.9,column,OBJECT IDENTIFIER,read-only,"Object identifier, section 9.5.9.8 IEEE802.1AB-2005."
ML540M-LLDP-MIB,ml540mLldpStatusMedRemoteDeviceInfoIfIndex,1.3.6.1.4.1.5468.100.34.1.3.4.1.1.1,column,VTSSInterfaceIndex,not-accessible,Logical interface number index.
ML540M-LLDP-MIB,ml540mLldpStatusMedRemoteDeviceInfoLldpmedIndex,1.3.6.1.4.1.5468.100.34.1.3.4.1.1.2,column,Integer32 (0..192),not-accessible,Neighbor information table entry index.
ML540M-LLDP-MIB,ml540mLldpStatusMedRemoteDeviceInfoCapabilities,1.3.6.1.4.1.5468.100.34.1.3.4.1.1.4,column,VTSSUnsigned16,read-only,LLDP neighbor's capabilities bit mask. Bit 0 represents LLDP-MED capabilities. Bit 1 represents Network Policy. Bit 2 represents Location Identificati
ML540M-LLDP-MIB,ml540mLldpStatusMedRemoteDeviceInfoCapabilitiesEnabled,1.3.6.1.4.1.5468.100.34.1.3.4.1.1.5,column,VTSSUnsigned16,read-only,LLDP neighbor's capabilities bit mask for the capabilities which are currently enabled. Bit 0 represents LLDP-MED capabilities. Bit 1 represents Netwo
ML540M-LLDP-MIB,ml540mLldpStatusMedRemoteDeviceInfoLatitude,1.3.6.1.4.1.5468.100.34.1.3.4.1.1.6,column,VTSSInteger64,read-only,Latitude degrees in 2s-complement as specified in RFC 3825. Positive numbers are north of the equator and negative numbers are south of the equator.
ML540M-LLDP-MIB,ml540mLldpStatusMedRemoteDeviceInfoLongitude,1.3.6.1.4.1.5468.100.34.1.3.4.1.1.7,column,VTSSInteger64,read-only,Longitude degrees in 2s-complement as specified in RFC 3825. Positive values are East of the prime meridian and negative numbers are West of the prime
ML540M-LLDP-MIB,ml540mLldpStatusMedRemoteDeviceInfoAltitudeType,1.3.6.1.4.1.5468.100.34.1.3.4.1.1.8,column,VTSSlldpmedAltitudeType,read-only,Altitude type as either floors or meters. Meters are representing meters of altitude defined by the vertical datum specified. Floors are representing 
ML540M-LLDP-MIB,ml540mLldpStatusMedRemoteDeviceInfoAltitude,1.3.6.1.4.1.5468.100.34.1.3.4.1.1.9,column,Integer32,read-only,Altitude value in 2s-complement as specified in RFC 3825
ML540M-LLDP-MIB,ml540mLldpStatusMedRemoteDeviceInfoDatum,1.3.6.1.4.1.5468.100.34.1.3.4.1.1.10,column,VTSSlldpmedDatumType,read-only,"Datum (geodetic system) . The Map Datum is used for the coordinates given in these options: WGS84: (Geographical 3D) - World Geodesic System 1984, CRS"
ML540M-LLDP-MIB,ml540mLldpStatusMedRemoteDeviceInfoElinaddr,1.3.6.1.4.1.5468.100.34.1.3.4.1.1.11,column,VTSSDisplayString (SIZE(0..25)),read-only,Emergency Call Service ELIN identifier data format is defined to carry the ELIN identifier as used during emergency call setup to a traditional CAMA o
ML540M-LLDP-MIB,ml540mLldpStatusMedRemoteDeviceInfoDeviceType,1.3.6.1.4.1.5468.100.34.1.3.4.1.1.12,column,VTSSlldpmedRemoteDeviceType,read-only,Shows the LLDP neighbor's device type.
ML540M-LLDP-MIB,ml540mLldpStatusMedRemoteDeviceInfoHwRev,1.3.6.1.4.1.5468.100.34.1.3.4.1.1.13,column,VTSSDisplayString (SIZE(0..31)),read-only,Shows the LLDP neighbor's hardware revision.
ML540M-LLDP-MIB,ml540mLldpStatusMedRemoteDeviceInfoFwRev,1.3.6.1.4.1.5468.100.34.1.3.4.1.1.14,column,VTSSDisplayString (SIZE(0..31)),read-only,Shows the LLDP neighbor's firmware revision.
ML540M-LLDP-MIB,ml540mLldpStatusMedRemoteDeviceInfoSwRev,1.3.6.1.4.1.5468.100.34.1.3.4.1.1.15,column,VTSSDisplayString (SIZE(0..31)),read-only,Shows the LLDP neighbor's software revision.
ML540M-LLDP-MIB,ml540mLldpStatusMedRemoteDeviceInfoSerialNo,1.3.6.1.4.1.5468.100.34.1.3.4.1.1.16,column,VTSSDisplayString (SIZE(0..31)),read-only,Shows the LLDP neighbor's serial number.
ML540M-LLDP-MIB,ml540mLldpStatusMedRemoteDeviceInfoManufacturerName,1.3.6.1.4.1.5468.100.34.1.3.4.1.1.17,column,VTSSDisplayString (SIZE(0..31)),read-only,Shows the LLDP neighbor's manufacturer name.
ML540M-LLDP-MIB,ml540mLldpStatusMedRemoteDeviceInfoModelName,1.3.6.1.4.1.5468.100.34.1.3.4.1.1.18,column,VTSSDisplayString (SIZE(0..31)),read-only,Shows the LLDP neighbor's model name.
ML540M-LLDP-MIB,ml540mLldpStatusMedRemoteDeviceInfoAssetId,1.3.6.1.4.1.5468.100.34.1.3.4.1.1.19,column,VTSSDisplayString (SIZE(0..31)),read-only,Shows the LLDP neighbor's asset id.
ML540M-LLDP-MIB,ml540mLldpStatusMedRemoteDeviceInfoEeeRxTwSys,1.3.6.1.4.1.5468.100.34.1.3.4.1.1.20,column,VTSSUnsigned16,read-only,Shows the LLDP neighbor's Receive tw_sys_rx . Tw_sys_rx is defined as the time (expressed in microseconds) that the transmitting link partner will wai
ML540M-LLDP-MIB,ml540mLldpStatusMedRemoteDeviceInfoEeeTxTwSys,1.3.6.1.4.1.5468.100.34.1.3.4.1.1.21,column,VTSSUnsigned16,read-only,Shows the LLDP neighbor's Transmit Tw_sys_tx . Tw_sys_tx is defined as the time (expressed in microseconds) that the receiving link partner is request
ML540M-LLDP-MIB,ml540mLldpStatusMedRemoteDeviceInfoEeeFbTwSys,1.3.6.1.4.1.5468.100.34.1.3.4.1.1.22,column,VTSSUnsigned16,read-only,Shows the LLDP neighbor's Fallback tw_sys_tx. A receiving link partner may inform the transmitter of an alternate desired Tw_sys_tx. Since a receiving
ML540M-LLDP-MIB,ml540mLldpStatusMedRemoteDeviceInfoEeeTxTwSysEcho,1.3.6.1.4.1.5468.100.34.1.3.4.1.1.23,column,VTSSUnsigned16,read-only,Shows the LLDP neighbor's echo transmit Tw. The respective echo values shall be defined as the local link partners reflection (echo) of the remote lin
ML540M-LLDP-MIB,ml540mLldpStatusMedRemoteDeviceInfoEeeRxTwSysEcho,1.3.6.1.4.1.5468.100.34.1.3.4.1.1.24,column,VTSSUnsigned16,read-only,Shows the LLDP neighbor's echo receive Tw. The respective echo values shall be defined as the local link partners reflection (echo) of the remote link
ML540M-LLDP-MIB,ml540mLldpStatusMedRemoteDeviceLocInfoIfIndex,1.3.6.1.4.1.5468.100.34.1.3.4.2.1.1,column,VTSSInterfaceIndex,not-accessible,Logical interface number index.
ML540M-LLDP-MIB,ml540mLldpStatusMedRemoteDeviceLocInfoLldpmedIndex,1.3.6.1.4.1.5468.100.34.1.3.4.2.1.2,column,Integer32 (0..192),not-accessible,Neighbor information table entry index.
ML540M-LLDP-MIB,ml540mLldpStatusMedRemoteDeviceLocInfoState,1.3.6.1.4.1.5468.100.34.1.3.4.2.1.5,column,VTSSDisplayString (SIZE(0..250)),read-only,National subdivision
ML540M-LLDP-MIB,ml540mLldpStatusMedRemoteDeviceLocInfoCounty,1.3.6.1.4.1.5468.100.34.1.3.4.2.1.6,column,VTSSDisplayString (SIZE(0..250)),read-only,County
ML540M-LLDP-MIB,ml540mLldpStatusMedRemoteDeviceLocInfoCity,1.3.6.1.4.1.5468.100.34.1.3.4.2.1.7,column,VTSSDisplayString (SIZE(0..250)),read-only,City
ML540M-LLDP-MIB,ml540mLldpStatusMedRemoteDeviceLocInfoDistrict,1.3.6.1.4.1.5468.100.34.1.3.4.2.1.8,column,VTSSDisplayString (SIZE(0..250)),read-only,City district
ML540M-LLDP-MIB,ml540mLldpStatusMedRemoteDeviceLocInfoBlock,1.3.6.1.4.1.5468.100.34.1.3.4.2.1.9,column,VTSSDisplayString (SIZE(0..250)),read-only,Block (Neighborhood)
ML540M-LLDP-MIB,ml540mLldpStatusMedRemoteDeviceLocInfoStreet,1.3.6.1.4.1.5468.100.34.1.3.4.2.1.10,column,VTSSDisplayString (SIZE(0..250)),read-only,Street
ML540M-LLDP-MIB,ml540mLldpStatusMedRemoteDeviceLocInfoLeadingStreetDirection,1.3.6.1.4.1.5468.100.34.1.3.4.2.1.11,column,VTSSDisplayString (SIZE(0..250)),read-only,Street Direction
ML540M-LLDP-MIB,ml540mLldpStatusMedRemoteDeviceLocInfoTrailingStreetSuffix,1.3.6.1.4.1.5468.100.34.1.3.4.2.1.12,column,VTSSDisplayString (SIZE(0..250)),read-only,Trailing Street Suffix
ML540M-LLDP-MIB,ml540mLldpStatusMedRemoteDeviceLocInfoStreetSuffix,1.3.6.1.4.1.5468.100.34.1.3.4.2.1.13,column,VTSSDisplayString (SIZE(0..250)),read-only,Street Suffix
ML540M-LLDP-MIB,ml540mLldpStatusMedRemoteDeviceLocInfoHouseNo,1.3.6.1.4.1.5468.100.34.1.3.4.2.1.14,column,VTSSDisplayString (SIZE(0..250)),read-only,House No.
ML540M-LLDP-MIB,ml540mLldpStatusMedRemoteDeviceLocInfoHouseNoSuffix,1.3.6.1.4.1.5468.100.34.1.3.4.2.1.15,column,VTSSDisplayString (SIZE(0..250)),read-only,House No. Suffix
ML540M-LLDP-MIB,ml540mLldpStatusMedRemoteDeviceLocInfoLandmark,1.3.6.1.4.1.5468.100.34.1.3.4.2.1.16,column,VTSSDisplayString (SIZE(0..250)),read-only,Landmark
ML540M-LLDP-MIB,ml540mLldpStatusMedRemoteDeviceLocInfoAdditionalInfo,1.3.6.1.4.1.5468.100.34.1.3.4.2.1.17,column,VTSSDisplayString (SIZE(0..250)),read-only,Additional Location Info
ML540M-LLDP-MIB,ml540mLldpStatusMedRemoteDeviceLocInfoName,1.3.6.1.4.1.5468.100.34.1.3.4.2.1.18,column,VTSSDisplayString (SIZE(0..250)),read-only,Name
ML540M-LLDP-MIB,ml540mLldpStatusMedRemoteDeviceLocInfoZipCode,1.3.6.1.4.1.5468.100.34.1.3.4.2.1.19,column,VTSSDisplayString (SIZE(0..250)),read-only,Zip code
ML540M-LLDP-MIB,ml540mLldpStatusMedRemoteDeviceLocInfoBuilding,1.3.6.1.4.1.5468.100.34.1.3.4.2.1.20,column,VTSSDisplayString (SIZE(0..250)),read-only,Building
ML540M-LLDP-MIB,ml540mLldpStatusMedRemoteDeviceLocInfoApartment,1.3.6.1.4.1.5468.100.34.1.3.4.2.1.21,column,VTSSDisplayString (SIZE(0..250)),read-only,Apartment/unit
ML540M-LLDP-MIB,ml540mLldpStatusMedRemoteDeviceLocInfoFloor,1.3.6.1.4.1.5468.100.34.1.3.4.2.1.22,column,VTSSDisplayString (SIZE(0..250)),read-only,Floor
ML540M-LLDP-MIB,ml540mLldpStatusMedRemoteDeviceLocInfoRoomNumber,1.3.6.1.4.1.5468.100.34.1.3.4.2.1.23,column,VTSSDisplayString (SIZE(0..250)),read-only,Room Number
ML540M-LLDP-MIB,ml540mLldpStatusMedRemoteDeviceLocInfoPlaceType,1.3.6.1.4.1.5468.100.34.1.3.4.2.1.24,column,VTSSDisplayString (SIZE(0..250)),read-only,Place type
ML540M-LLDP-MIB,ml540mLldpStatusMedRemoteDeviceLocInfoPostalCommunityName,1.3.6.1.4.1.5468.100.34.1.3.4.2.1.25,column,VTSSDisplayString (SIZE(0..250)),read-only,Postal Community Name
ML540M-LLDP-MIB,ml540mLldpStatusMedRemoteDeviceLocInfoPoBox,1.3.6.1.4.1.5468.100.34.1.3.4.2.1.26,column,VTSSDisplayString (SIZE(0..250)),read-only,Post Office Box
ML540M-LLDP-MIB,ml540mLldpStatusMedRemoteDeviceLocInfoAdditionalCode,1.3.6.1.4.1.5468.100.34.1.3.4.2.1.27,column,VTSSDisplayString (SIZE(0..250)),read-only,Addination Code
ML540M-LLDP-MIB,ml540mLldpStatusMedRemoteDeviceLocInfoCountryCode,1.3.6.1.4.1.5468.100.34.1.3.4.2.1.28,column,VTSSDisplayString (SIZE(0..2)),read-only,"The two-letter ISO 3166 country code in capital ASCII letters - Example: DK, DE or US."
ML540M-LLDP-MIB,ml540mLldpStatusMedRemoteDeviceNetworkPolicyInfoIfIndex,1.3.6.1.4.1.5468.100.34.1.3.4.3.1.1,column,VTSSInterfaceIndex,not-accessible,Logical interface number index.
ML540M-LLDP-MIB,ml540mLldpStatusMedRemoteDeviceNetworkPolicyInfoLldpmedIndex,1.3.6.1.4.1.5468.100.34.1.3.4.3.1.2,column,Integer32 (0..192),not-accessible,Neighbor information table entry index.
ML540M-LLDP-MIB,ml540mLldpStatusMedRemoteDeviceNetworkPolicyInfoLldpmedPolicy,1.3.6.1.4.1.5468.100.34.1.3.4.3.1.3,column,Integer32 (0..31),not-accessible,Policy index.
ML540M-LLDP-MIB,ml540mLldpStatusMedRemoteDeviceNetworkPolicyInfoApplicationType,1.3.6.1.4.1.5468.100.34.1.3.4.3.1.5,column,VTSSlldpmedRemoteNetworkPolicyApplicationType,read-only,The LLDP policy application type.
ML540M-LLDP-MIB,ml540mLldpStatusMedRemoteDeviceNetworkPolicyInfoUnknownPolicy,1.3.6.1.4.1.5468.100.34.1.3.4.3.1.6,column,TruthValue,read-only,Policy indicates that an Endpoint Device wants to explicitly advertise that the policy is required by the device. Can be either Defined or Unknown Unk
ML540M-LLDP-MIB,ml540mLldpStatusMedRemoteDeviceNetworkPolicyInfoTagged,1.3.6.1.4.1.5468.100.34.1.3.4.3.1.7,column,TruthValue,read-only,Defines if LLDP policy uses tagged VLAN.
ML540M-LLDP-MIB,ml540mLldpStatusMedRemoteDeviceNetworkPolicyInfoVlanId,1.3.6.1.4.1.5468.100.34.1.3.4.3.1.8,column,VTSSUnsigned16 (1..4095),read-only,The policy VLAN ID. Only valid when policy 'Tagged' is TRUE
ML540M-LLDP-MIB,ml540mLldpStatusMedRemoteDeviceNetworkPolicyInfoL2Priority,1.3.6.1.4.1.5468.100.34.1.3.4.3.1.9,column,VTSSUnsigned8 (0..7),read-only,Shows the LLDP neighbor's policy L2 priority.
ML540M-LLDP-MIB,ml540mLldpStatusMedRemoteDeviceNetworkPolicyInfoDscp,1.3.6.1.4.1.5468.100.34.1.3.4.3.1.10,column,VTSSUnsigned8 (0..63),read-only,LLDP policy DSCP.
ML540M-LLDP-MIB,ml540mLldpControlStatisticsClearIfIndex,1.3.6.1.4.1.5468.100.34.1.4.1.1.1.1,column,VTSSInterfaceIndex,not-accessible,Logical interface number index.
ML540M-LLDP-MIB,ml540mLldpControlStatisticsClearStatisticsClear,1.3.6.1.4.1.5468.100.34.1.4.1.1.1.2,column,TruthValue,read-write,Set to TRUE to clear the LLDP statistics of an interface.
ML540M-LLDP-MIB,ml540mLldpControlStatisticsClearGlobalClear,1.3.6.1.4.1.5468.100.34.1.4.1.2.1,scalar,VTSSUnsigned8,read-write,Clear LLDP global counters.
ML540M-MAC-MIB,ml540mMacCapabilitiesNonVolatileMax,1.3.6.1.4.1.5468.100.12.1.1.1,scalar,Unsigned32,read-only,Max number of static non-volatile MAC addresses that can be stored in the system.
ML540M-MAC-MIB,ml540mMacConfigFdbGlobalAgeTime,1.3.6.1.4.1.5468.100.12.1.2.1.1,scalar,Unsigned32,read-write,Mac address aging time in the FDB.
ML540M-MAC-MIB,ml540mMacConfigFdbVlanId,1.3.6.1.4.1.5468.100.12.1.2.2.1.1,column,VTSSVlan,not-accessible,Vlan id used for indexing.
ML540M-MAC-MIB,ml540mMacConfigFdbMacAddress,1.3.6.1.4.1.5468.100.12.1.2.2.1.2,column,MacAddress,not-accessible,The destination MAC address which this entry applies.
ML540M-MAC-MIB,ml540mMacConfigFdbPortList,1.3.6.1.4.1.5468.100.12.1.2.2.1.3,column,VTSSPortList,read-write,List of destination ports for which frames with this DMAC is forwarded to.
ML540M-MAC-MIB,ml540mMacConfigFdbAction,1.3.6.1.4.1.5468.100.12.1.2.2.1.100,column,VTSSRowEditorState,read-write,Action
ML540M-MAC-MIB,ml540mMacConfigFdbTableRowEditorVlanId,1.3.6.1.4.1.5468.100.12.1.2.3.1,scalar,VTSSVlan,read-write,Vlan id used for indexing.
ML540M-MAC-MIB,ml540mMacConfigFdbTableRowEditorMacAddress,1.3.6.1.4.1.5468.100.12.1.2.3.2,scalar,MacAddress,read-write,The destination MAC address which this entry applies.
ML540M-MAC-MIB,ml540mMacConfigFdbTableRowEditorPortList,1.3.6.1.4.1.5468.100.12.1.2.3.3,scalar,VTSSPortList,read-write,List of destination ports for which frames with this DMAC is forwarded to.
ML540M-MAC-MIB,ml540mMacConfigFdbTableRowEditorAction,1.3.6.1.4.1.5468.100.12.1.2.3.100,scalar,VTSSRowEditorState,read-write,Action
ML540M-MAC-MIB,ml540mMacConfigPortLearnIfIndex,1.3.6.1.4.1.5468.100.12.1.2.4.1.1,column,VTSSInterfaceIndex,not-accessible,Interface index.
ML540M-MAC-MIB,ml540mMacConfigPortLearnLearnMode,1.3.6.1.4.1.5468.100.12.1.2.4.1.2,column,VTSSMACPortLearnMode,read-write,The learn mode of the port. Auto(0) means auto learning. Disable(1) means that learning is disabled. Secure(2) means that learning frames are discarde
ML540M-MAC-MIB,ml540mMacConfigPortLearnChangeAllowed,1.3.6.1.4.1.5468.100.12.1.2.4.1.3,column,TruthValue,read-write,If internal modules have changed the learned mode then the user is not allowed to change it from this interface. This entry tells you if the LearnMode
ML540M-MAC-MIB,ml540mMacConfigVlanLearnVlanId,1.3.6.1.4.1.5468.100.12.1.2.5.1.1,column,VTSSVlan,not-accessible,Vlan id used for indexing.
ML540M-MAC-MIB,ml540mMacConfigVlanLearnMode,1.3.6.1.4.1.5468.100.12.1.2.5.1.2,column,TruthValue,read-write,"Learn mode of the VLAN, True = Enabled, False = Disabled"
ML540M-MAC-MIB,ml540mMacStatusFdbVlanId,1.3.6.1.4.1.5468.100.12.1.3.1.1.1,column,VTSSVlan,not-accessible,Vlan id used for indexing.
ML540M-MAC-MIB,ml540mMacStatusFdbMacAddress,1.3.6.1.4.1.5468.100.12.1.3.1.1.2,column,MacAddress,not-accessible,The destination MAC address which this entry applies.
ML540M-MAC-MIB,ml540mMacStatusFdbPortList,1.3.6.1.4.1.5468.100.12.1.3.1.1.3,column,VTSSPortList,read-only,List of destination ports for which frames with this DMAC is forwarded to.
ML540M-MAC-MIB,ml540mMacStatusFdbDynamic,1.3.6.1.4.1.5468.100.12.1.3.1.1.4,column,VTSSUnsigned8,read-only,The entry is dynamically learned (True) or statically added (False)
ML540M-MAC-MIB,ml540mMacStatusFdbCopyToCpu,1.3.6.1.4.1.5468.100.12.1.3.1.1.5,column,VTSSUnsigned8,read-only,Copy this frame to the CPU (True) or not (False)
ML540M-MAC-MIB,ml540mMacStatusFdbStaticVlanId,1.3.6.1.4.1.5468.100.12.1.3.2.1.1,column,VTSSVlan,not-accessible,Vlan id used for indexing.
ML540M-MAC-MIB,ml540mMacStatusFdbStaticMacAddress,1.3.6.1.4.1.5468.100.12.1.3.2.1.2,column,MacAddress,not-accessible,The destination MAC address which this entry applies.
ML540M-MAC-MIB,ml540mMacStatusFdbStaticPortList,1.3.6.1.4.1.5468.100.12.1.3.2.1.3,column,VTSSPortList,read-only,List of destination ports for which frames with this DMAC is forwarded to.
ML540M-MAC-MIB,ml540mMacStatusFdbStaticDynamic,1.3.6.1.4.1.5468.100.12.1.3.2.1.4,column,VTSSUnsigned8,read-only,The entry is dynamically learned (True) or statically added (False)
ML540M-MAC-MIB,ml540mMacStatusFdbStaticCopyToCpu,1.3.6.1.4.1.5468.100.12.1.3.2.1.5,column,VTSSUnsigned8,read-only,Copy this frame to the CPU (True) or not (False)
ML540M-MAC-MIB,ml540mMacStatusFdbPortStatisticsIfIndex,1.3.6.1.4.1.5468.100.12.1.3.3.1.1,column,VTSSInterfaceIndex,not-accessible,Interface index.
ML540M-MAC-MIB,ml540mMacStatusFdbPortStatisticsDynamic,1.3.6.1.4.1.5468.100.12.1.3.3.1.2,column,Unsigned32,read-only,Total number of dynamic learned addresses on the port
ML540M-MAC-MIB,ml540mMacStatusFdbStatisticsTotalDynamic,1.3.6.1.4.1.5468.100.12.1.3.4.1,scalar,Unsigned32,read-only,Total dynamic learned addresses in the FDB
ML540M-MAC-MIB,ml540mMacStatusFdbStatisticsTotalStatic,1.3.6.1.4.1.5468.100.12.1.3.4.2,scalar,Unsigned32,read-only,Total static addresses in the FDB
ML540M-MAC-MIB,ml540mMacControlFlushAll,1.3.6.1.4.1.5468.100.12.1.4.1,scalar,TruthValue,read-write,Flush all dynamic learned Mac addresses. Set the value to 'true' to perform the action. Read will always return 'false'.
ML540M-IP-MIB,ml540mIpCapabilitiesHasIpv4HostCapabilities,1.3.6.1.4.1.5468.100.102.1.1.1,scalar,TruthValue,read-only,The device has IPv4 host capabilities for management.
ML540M-IP-MIB,ml540mIpCapabilitiesHasIpv6HostCapabilities,1.3.6.1.4.1.5468.100.102.1.1.2,scalar,TruthValue,read-only,The device has IPv6 host capabilities for management.
ML540M-IP-MIB,ml540mIpCapabilitiesHasIpv4UnicastRoutingCapabilities,1.3.6.1.4.1.5468.100.102.1.1.3,scalar,TruthValue,read-only,The device has IPv4 unicast routing capabilities.
ML540M-IP-MIB,ml540mIpCapabilitiesHasIpv4UnicastHwRoutingCapabilities,1.3.6.1.4.1.5468.100.102.1.1.4,scalar,TruthValue,read-only,The device has IPv4 unicast hardware accelerated routing capabilities.
ML540M-IP-MIB,ml540mIpCapabilitiesHasIpv6UnicastRoutingCapabilities,1.3.6.1.4.1.5468.100.102.1.1.5,scalar,TruthValue,read-only,The device has IPv6 unicast routing capabilities.
ML540M-IP-MIB,ml540mIpCapabilitiesHasIpv6UnicastHwRoutingCapabilities,1.3.6.1.4.1.5468.100.102.1.1.6,scalar,TruthValue,read-only,The device has IPv6 unicast hardware accelerated routing capabilities.
ML540M-IP-MIB,ml540mIpCapabilitiesMaxNumberOfIpInterfaces,1.3.6.1.4.1.5468.100.102.1.1.7,scalar,Unsigned32,read-only,Maximum number of IP interfaces supported by the device.
ML540M-IP-MIB,ml540mIpCapabilitiesMaxNumberOfStaticRoutes,1.3.6.1.4.1.5468.100.102.1.1.8,scalar,Unsigned32,read-only,Maximum number of static configured IP routes (shared by IPv4 and IPv6).
ML540M-IP-MIB,ml540mIpCapabilitiesNumberOfLpmHardwareEntries,1.3.6.1.4.1.5468.100.102.1.1.9,scalar,Unsigned32,read-only,Number of hardware LPM (longest prefix match) entries.
ML540M-IP-MIB,ml540mIpConfigGlobalsMainEnableRouting,1.3.6.1.4.1.5468.100.102.1.2.1.1.1,scalar,TruthValue,read-write,Enable routing.
ML540M-IP-MIB,ml540mIpConfigInterfacesIfIndex,1.3.6.1.4.1.5468.100.102.1.2.2.1.1.1,column,VTSSInterfaceIndex,not-accessible,Interface index number.
ML540M-IP-MIB,ml540mIpConfigInterfacesAction,1.3.6.1.4.1.5468.100.102.1.2.2.1.1.100,column,VTSSRowEditorState,read-write,Action
ML540M-IP-MIB,ml540mIpConfigInterfacesTableRowEditorIfIndex,1.3.6.1.4.1.5468.100.102.1.2.2.2.1,scalar,VTSSInterfaceIndex,read-write,Interface index number.
ML540M-IP-MIB,ml540mIpConfigInterfacesTableRowEditorAction,1.3.6.1.4.1.5468.100.102.1.2.2.2.100,scalar,VTSSRowEditorState,read-write,Action
ML540M-IP-MIB,ml540mIpConfigInterfacesIpv4IfIndex,1.3.6.1.4.1.5468.100.102.1.2.2.3.1.1,column,VTSSInterfaceIndex,not-accessible,Interface index number.
ML540M-IP-MIB,ml540mIpConfigInterfacesIpv4Active,1.3.6.1.4.1.5468.100.102.1.2.2.3.1.2,column,TruthValue,read-write,"Enable IPv4. IPv4 can only be enabled if either the DHCP client is enabled, or a valid address has been configured."
ML540M-IP-MIB,ml540mIpConfigInterfacesIpv4EnableDhcpClient,1.3.6.1.4.1.5468.100.102.1.2.2.3.1.3,column,TruthValue,read-write,"Enable IPv4 DHCP client. Note: the DHCP client can only be enabled if there is no conflict in the values of: ipv4Address, prefixSize, and dhcpClientFa"
ML540M-IP-MIB,ml540mIpConfigInterfacesIpv4Ipv4Address,1.3.6.1.4.1.5468.100.102.1.2.2.3.1.4,column,IpAddress,read-write,IPv4 address. Note: Multiple interfaces may not have overlapping networks.
ML540M-IP-MIB,ml540mIpConfigInterfacesIpv4PrefixSize,1.3.6.1.4.1.5468.100.102.1.2.2.3.1.5,column,Unsigned32,read-write,Prefix size of the network. Note: Multiple interfaces may not have overlapping networks.
ML540M-IP-MIB,ml540mIpConfigInterfacesIpv4DhcpClientFallbackTimeout,1.3.6.1.4.1.5468.100.102.1.2.2.3.1.6,column,Unsigned32,read-write,DHCP client fallback timer. If DHCP is disabled then this object has no effect. If DHCP is enabled and the fallback timeout value is different from ze
ML540M-IP-MIB,ml540mIpConfigInterfacesIpv6IfIndex,1.3.6.1.4.1.5468.100.102.1.2.2.4.1.1,column,VTSSInterfaceIndex,not-accessible,Interface index number.
ML540M-IP-MIB,ml540mIpConfigInterfacesIpv6Active,1.3.6.1.4.1.5468.100.102.1.2.2.4.1.2,column,TruthValue,read-write,Enable the static configured IPv6 address. The static configured IPv6 address can only be configured if a valid address has been written into 'ipv6Add
ML540M-IP-MIB,ml540mIpConfigInterfacesIpv6Ipv6Address,1.3.6.1.4.1.5468.100.102.1.2.2.4.1.3,column,InetAddressIPv6,read-write,Static configured IPv6 address.
ML540M-IP-MIB,ml540mIpConfigInterfacesIpv6PrefixSize,1.3.6.1.4.1.5468.100.102.1.2.2.4.1.4,column,Unsigned32,read-write,Prefix size of the network.
ML540M-IP-MIB,ml540mIpConfigRoutesIpv4NetworkAddress,1.3.6.1.4.1.5468.100.102.1.2.3.1.1.1,column,IpAddress,not-accessible,Network address.
ML540M-IP-MIB,ml540mIpConfigRoutesIpv4NetworkPrefixSize,1.3.6.1.4.1.5468.100.102.1.2.3.1.1.2,column,Integer32 (0..32),not-accessible,Network prefix size.
ML540M-IP-MIB,ml540mIpConfigRoutesIpv4NextHop,1.3.6.1.4.1.5468.100.102.1.2.3.1.1.3,column,IpAddress,not-accessible,Next-hop address.
ML540M-IP-MIB,ml540mIpConfigRoutesIpv4Action,1.3.6.1.4.1.5468.100.102.1.2.3.1.1.100,column,VTSSRowEditorState,read-write,Action
ML540M-IP-MIB,ml540mIpConfigRoutesIpv4RowEditorNetworkAddress,1.3.6.1.4.1.5468.100.102.1.2.3.2.1,scalar,IpAddress,read-write,Network address.
ML540M-IP-MIB,ml540mIpConfigRoutesIpv4RowEditorNetworkPrefixSize,1.3.6.1.4.1.5468.100.102.1.2.3.2.2,scalar,Integer32 (0..32),read-write,Network prefix size.
ML540M-IP-MIB,ml540mIpConfigRoutesIpv4RowEditorNextHop,1.3.6.1.4.1.5468.100.102.1.2.3.2.3,scalar,IpAddress,read-write,Next-hop address.
ML540M-IP-MIB,ml540mIpConfigRoutesIpv4RowEditorAction,1.3.6.1.4.1.5468.100.102.1.2.3.2.100,scalar,VTSSRowEditorState,read-write,Action
ML540M-IP-MIB,ml540mIpConfigRoutesIpv6NetworkAddress,1.3.6.1.4.1.5468.100.102.1.2.3.3.1.1,column,InetAddressIPv6,not-accessible,Network address.
ML540M-IP-MIB,ml540mIpConfigRoutesIpv6NetworkPrefixSize,1.3.6.1.4.1.5468.100.102.1.2.3.3.1.2,column,Integer32 (0..128),not-accessible,Network prefix size.
ML540M-IP-MIB,ml540mIpConfigRoutesIpv6NextHop,1.3.6.1.4.1.5468.100.102.1.2.3.3.1.3,column,InetAddressIPv6,not-accessible,Next-hop address.
ML540M-IP-MIB,ml540mIpConfigRoutesIpv6NextHopInterface,1.3.6.1.4.1.5468.100.102.1.2.3.3.1.4,column,VTSSInterfaceIndex,not-accessible,"If the next-hop address is a link-local address, then the interface of the link-local address must be specified here. Otherwise this value is not used"
ML540M-IP-MIB,ml540mIpConfigRoutesIpv6Action,1.3.6.1.4.1.5468.100.102.1.2.3.3.1.100,column,VTSSRowEditorState,read-write,Action
ML540M-IP-MIB,ml540mIpConfigRoutesIpv6RowEditorNetworkAddress,1.3.6.1.4.1.5468.100.102.1.2.3.4.1,scalar,InetAddressIPv6,read-write,Network address.
ML540M-IP-MIB,ml540mIpConfigRoutesIpv6RowEditorNetworkPrefixSize,1.3.6.1.4.1.5468.100.102.1.2.3.4.2,scalar,Integer32 (0..128),read-write,Network prefix size.
ML540M-IP-MIB,ml540mIpConfigRoutesIpv6RowEditorNextHop,1.3.6.1.4.1.5468.100.102.1.2.3.4.3,scalar,InetAddressIPv6,read-write,Next-hop address.
ML540M-IP-MIB,ml540mIpConfigRoutesIpv6RowEditorNextHopInterface,1.3.6.1.4.1.5468.100.102.1.2.3.4.4,scalar,VTSSInterfaceIndex,read-write,"If the next-hop address is a link-local address, then the interface of the link-local address must be specified here. Otherwise this value is not used"
ML540M-IP-MIB,ml540mIpConfigRoutesIpv6RowEditorAction,1.3.6.1.4.1.5468.100.102.1.2.3.4.100,scalar,VTSSRowEditorState,read-write,Action
ML540M-IP-MIB,ml540mIpStatusGlobalsIpv4NeighbourIpv4,1.3.6.1.4.1.5468.100.102.1.3.1.1.1.1,column,IpAddress,not-accessible,IPv4 address.
ML540M-IP-MIB,ml540mIpStatusGlobalsIpv4NeighbourMacAddress,1.3.6.1.4.1.5468.100.102.1.3.1.1.1.2,column,MacAddress,read-only,MAC address associated with the IP address
ML540M-IP-MIB,ml540mIpStatusGlobalsIpv4NeighbourInterface,1.3.6.1.4.1.5468.100.102.1.3.1.1.1.3,column,VTSSInterfaceIndex,read-only,Interface the neighbour can be reached on.
ML540M-IP-MIB,ml540mIpStatusGlobalsIpv6NeighbourIpAddress,1.3.6.1.4.1.5468.100.102.1.3.1.2.1.1,column,InetAddressIPv6,not-accessible,IP address.
ML540M-IP-MIB,ml540mIpStatusGlobalsIpv6NeighbourInterfaceQuery,1.3.6.1.4.1.5468.100.102.1.3.1.2.1.2,column,Integer32 (0..2147483647),not-accessible,"If 'ipAddress' is a link-local address, then the interface index where the host can be reached must be specified here, otherwise set this to zero."
ML540M-IP-MIB,ml540mIpStatusGlobalsIpv6NeighbourMacAddress,1.3.6.1.4.1.5468.100.102.1.3.1.2.1.3,column,MacAddress,read-only,MAC address associated with the IP address
ML540M-IP-MIB,ml540mIpStatusGlobalsIpv6NeighbourInterface,1.3.6.1.4.1.5468.100.102.1.3.1.2.1.4,column,VTSSInterfaceIndex,read-only,Interface the neighbour can be reached on.
ML540M-IP-MIB,ml540mIpStatusInterfacesLinkIfIndex,1.3.6.1.4.1.5468.100.102.1.3.2.1.1.1,column,VTSSInterfaceIndex,not-accessible,Interface index number.
ML540M-IP-MIB,ml540mIpStatusInterfacesLinkOsInterfaceIndex,1.3.6.1.4.1.5468.100.102.1.3.2.1.1.2,column,Unsigned32,read-only,Interface index used by the operating system.
ML540M-IP-MIB,ml540mIpStatusInterfacesLinkMtu,1.3.6.1.4.1.5468.100.102.1.3.2.1.1.3,column,Unsigned32,read-only,MTU for the interface.
ML540M-IP-MIB,ml540mIpStatusInterfacesLinkMacAddress,1.3.6.1.4.1.5468.100.102.1.3.2.1.1.4,column,MacAddress,read-only,MAC-address of the interface.
ML540M-IP-MIB,ml540mIpStatusInterfacesLinkUp,1.3.6.1.4.1.5468.100.102.1.3.2.1.1.5,column,TruthValue,read-only,Indicates if the interface is up.
ML540M-IP-MIB,ml540mIpStatusInterfacesLinkBroadcast,1.3.6.1.4.1.5468.100.102.1.3.2.1.1.6,column,TruthValue,read-only,Indicates if the interface is capable of transmitting broadcast traffic.
ML540M-IP-MIB,ml540mIpStatusInterfacesLinkLoopback,1.3.6.1.4.1.5468.100.102.1.3.2.1.1.7,column,TruthValue,read-only,Indicates if the interface is a loop-back interface.
ML540M-IP-MIB,ml540mIpStatusInterfacesLinkRunning,1.3.6.1.4.1.5468.100.102.1.3.2.1.1.8,column,TruthValue,read-only,Interface is running (according to the operating system).
ML540M-IP-MIB,ml540mIpStatusInterfacesLinkNoarp,1.3.6.1.4.1.5468.100.102.1.3.2.1.1.9,column,TruthValue,read-only,Indicates if the interface will answer to ARP requests.
ML540M-IP-MIB,ml540mIpStatusInterfacesLinkPromisc,1.3.6.1.4.1.5468.100.102.1.3.2.1.1.10,column,TruthValue,read-only,Indicates if the interface is in promisc mode.
ML540M-IP-MIB,ml540mIpStatusInterfacesLinkMulticast,1.3.6.1.4.1.5468.100.102.1.3.2.1.1.11,column,TruthValue,read-only,Indicates if the interface supports multicast.
ML540M-IP-MIB,ml540mIpStatusInterfacesIpv4IfIndex,1.3.6.1.4.1.5468.100.102.1.3.2.2.1.1,column,VTSSInterfaceIndex,not-accessible,Interface index number.
ML540M-IP-MIB,ml540mIpStatusInterfacesIpv4NetworkAddress,1.3.6.1.4.1.5468.100.102.1.3.2.2.1.2,column,IpAddress,not-accessible,IPv4 network address.
ML540M-IP-MIB,ml540mIpStatusInterfacesIpv4NetworkMaskLength,1.3.6.1.4.1.5468.100.102.1.3.2.2.1.3,column,Integer32 (0..32),not-accessible,IPv4 network mask length.
ML540M-IP-MIB,ml540mIpStatusInterfacesIpv4Broadcast,1.3.6.1.4.1.5468.100.102.1.3.2.2.1.4,column,IpAddress,read-only,Broadcast address.
ML540M-IP-MIB,ml540mIpStatusInterfacesDhcpClientV4IfIndex,1.3.6.1.4.1.5468.100.102.1.3.2.3.1.1,column,VTSSInterfaceIndex,not-accessible,Interface index number.
ML540M-IP-MIB,ml540mIpStatusInterfacesDhcpClientV4State,1.3.6.1.4.1.5468.100.102.1.3.2.3.1.2,column,VTSSIpDhcpClientState,read-only,State of the DHCP client.
ML540M-IP-MIB,ml540mIpStatusInterfacesDhcpClientV4ServerIp,1.3.6.1.4.1.5468.100.102.1.3.2.3.1.3,column,IpAddress,read-only,IP address of the DHCP server that has provided the DHCP offer.
ML540M-IP-MIB,ml540mIpStatusInterfacesIpv6IfIndex,1.3.6.1.4.1.5468.100.102.1.3.2.4.1.1,column,VTSSInterfaceIndex,not-accessible,Interface index number.
ML540M-IP-MIB,ml540mIpStatusInterfacesIpv6NetworkAddress,1.3.6.1.4.1.5468.100.102.1.3.2.4.1.2,column,InetAddressIPv6,not-accessible,IPv6 network address.
ML540M-IP-MIB,ml540mIpStatusInterfacesIpv6NetworkMaskLength,1.3.6.1.4.1.5468.100.102.1.3.2.4.1.3,column,Integer32 (0..128),not-accessible,IPv6 network mask length.
ML540M-IP-MIB,ml540mIpStatusInterfacesIpv6Tentative,1.3.6.1.4.1.5468.100.102.1.3.2.4.1.4,column,TruthValue,read-only,"An address whose uniqueness on a link is being verified, prior to its assignment to an interface. A tentative address is not considered assigned to an"
ML540M-IP-MIB,ml540mIpStatusInterfacesIpv6Duplicated,1.3.6.1.4.1.5468.100.102.1.3.2.4.1.5,column,TruthValue,read-only,Indicates the address duplication is detected by Duplicate Address Detection (DAD). If the address is a link-local address formed from an interface id
ML540M-IP-MIB,ml540mIpStatusInterfacesIpv6Detached,1.3.6.1.4.1.5468.100.102.1.3.2.4.1.6,column,TruthValue,read-only,Indicates this address is ready to be detached from the link (IPv6 network).
ML540M-IP-MIB,ml540mIpStatusInterfacesIpv6Nodad,1.3.6.1.4.1.5468.100.102.1.3.2.4.1.7,column,TruthValue,read-only,Indicates this address does not perform Duplicate Address Detection (DAD).
ML540M-IP-MIB,ml540mIpStatusInterfacesIpv6Autoconf,1.3.6.1.4.1.5468.100.102.1.3.2.4.1.8,column,TruthValue,read-only,Indicates this address is capable of being retrieved by stateless address autoconfiguration.
ML540M-IP-MIB,ml540mIpStatusRoutesIpv4NetworkAddress,1.3.6.1.4.1.5468.100.102.1.3.3.1.1.1,column,IpAddress,not-accessible,Network address.
ML540M-IP-MIB,ml540mIpStatusRoutesIpv4NetworkPrefixSize,1.3.6.1.4.1.5468.100.102.1.3.3.1.1.2,column,Integer32 (0..32),not-accessible,Network prefix size.
ML540M-IP-MIB,ml540mIpStatusRoutesIpv4NextHop,1.3.6.1.4.1.5468.100.102.1.3.3.1.1.3,column,IpAddress,not-accessible,Next-hop address.
ML540M-IP-MIB,ml540mIpStatusRoutesIpv4DerivedNextHopInterface,1.3.6.1.4.1.5468.100.102.1.3.3.1.1.4,column,VTSSInterfaceIndex,read-only,Next-hop interface.
ML540M-IP-MIB,ml540mIpStatusRoutesIpv4FlagUp,1.3.6.1.4.1.5468.100.102.1.3.3.1.1.35,column,TruthValue,read-only,The route is up.
ML540M-IP-MIB,ml540mIpStatusRoutesIpv4FlagHost,1.3.6.1.4.1.5468.100.102.1.3.3.1.1.36,column,TruthValue,read-only,The route is forwarding to this host (loop-back).
ML540M-IP-MIB,ml540mIpStatusRoutesIpv4FlagGateway,1.3.6.1.4.1.5468.100.102.1.3.3.1.1.37,column,TruthValue,read-only,"The route is using a gateway as next-hop, of not set then an interface is used."
ML540M-IP-MIB,ml540mIpStatusRoutesIpv4OwnerConf,1.3.6.1.4.1.5468.100.102.1.3.3.1.1.67,column,TruthValue,read-only,The route is installed as part of the user configuration.
ML540M-IP-MIB,ml540mIpStatusRoutesIpv4OwnerDhcp,1.3.6.1.4.1.5468.100.102.1.3.3.1.1.68,column,TruthValue,read-only,The route is installed by a DHCP client.
ML540M-IP-MIB,ml540mIpStatusRoutesIpv4OwnerDynamic,1.3.6.1.4.1.5468.100.102.1.3.3.1.1.69,column,TruthValue,read-only,The route is installed by a routing protocol.
ML540M-IP-MIB,ml540mIpStatusRoutesIpv6NetworkAddress,1.3.6.1.4.1.5468.100.102.1.3.3.2.1.1,column,InetAddressIPv6,not-accessible,Network address.
ML540M-IP-MIB,ml540mIpStatusRoutesIpv6NetworkPrefixSize,1.3.6.1.4.1.5468.100.102.1.3.3.2.1.2,column,Integer32 (0..128),not-accessible,Network prefix size.
ML540M-IP-MIB,ml540mIpStatusRoutesIpv6NextHop,1.3.6.1.4.1.5468.100.102.1.3.3.2.1.3,column,InetAddressIPv6,not-accessible,Next-hop address.
ML540M-IP-MIB,ml540mIpStatusRoutesIpv6NextHopInterface,1.3.6.1.4.1.5468.100.102.1.3.3.2.1.4,column,VTSSInterfaceIndex,not-accessible,"If the next-hop address is a link-local address, then the interface of the link-local address must be specified here. Otherwise this value is not used"
ML540M-IP-MIB,ml540mIpStatusRoutesIpv6DerivedNextHopInterface,1.3.6.1.4.1.5468.100.102.1.3.3.2.1.5,column,VTSSInterfaceIndex,read-only,Next-hop interface.
ML540M-IP-MIB,ml540mIpStatusRoutesIpv6FlagUp,1.3.6.1.4.1.5468.100.102.1.3.3.2.1.36,column,TruthValue,read-only,The route is up.
ML540M-IP-MIB,ml540mIpStatusRoutesIpv6FlagHost,1.3.6.1.4.1.5468.100.102.1.3.3.2.1.37,column,TruthValue,read-only,The route is forwarding to this host (loop-back).
ML540M-IP-MIB,ml540mIpStatusRoutesIpv6FlagGateway,1.3.6.1.4.1.5468.100.102.1.3.3.2.1.38,column,TruthValue,read-only,"The route is using a gateway as next-hop, of not set then an interface is used."
ML540M-IP-MIB,ml540mIpStatusRoutesIpv6OwnerConf,1.3.6.1.4.1.5468.100.102.1.3.3.2.1.68,column,TruthValue,read-only,The route is installed as part of the user configuration.
ML540M-IP-MIB,ml540mIpStatusRoutesIpv6OwnerDhcp,1.3.6.1.4.1.5468.100.102.1.3.3.2.1.69,column,TruthValue,read-only,The route is installed by a DHCP client.
ML540M-IP-MIB,ml540mIpStatusRoutesIpv6OwnerDynamic,1.3.6.1.4.1.5468.100.102.1.3.3.2.1.70,column,TruthValue,read-only,The route is installed by a routing protocol.
ML540M-IP-MIB,ml540mIpControlGlobalsIpv4NeighbourTableClear,1.3.6.1.4.1.5468.100.102.1.4.1.1,scalar,TruthValue,read-write,Flush the entries in IPv4 ARP cache except for the permanent ones.
ML540M-IP-MIB,ml540mIpControlGlobalsIpv6NeighbourTableClear,1.3.6.1.4.1.5468.100.102.1.4.1.2,scalar,TruthValue,read-write,Erase all the NDP (Neighbor Discovery Protocol) entries registered in IPv6 neighbour cache.
ML540M-IP-MIB,ml540mIpControlGlobalsIpv4SystemStatisticsClear,1.3.6.1.4.1.5468.100.102.1.4.1.3,scalar,VTSSUnsigned8,read-write,Clear the system-wide IPv4 traffic statistics.
ML540M-IP-MIB,ml540mIpControlGlobalsIpv6SystemStatisticsClear,1.3.6.1.4.1.5468.100.102.1.4.1.4,scalar,VTSSUnsigned8,read-write,Clear the system-wide IPv6 traffic statistics.
ML540M-IP-MIB,ml540mIpControlInterfaceDhcpClientIfIndex,1.3.6.1.4.1.5468.100.102.1.4.2.1.1.1,column,VTSSInterfaceIndex,not-accessible,Interface index number.
ML540M-IP-MIB,ml540mIpControlInterfaceDhcpClientRestart,1.3.6.1.4.1.5468.100.102.1.4.2.1.1.2,column,TruthValue,read-write,Restart the DHCP client.
ML540M-IP-MIB,ml540mIpStatisticsGlobalsIpv4InReceives,1.3.6.1.4.1.5468.100.102.1.5.1.1.1,scalar,Unsigned32,read-only,"Number of input IP datagrams received, including those received in error. Discontinuities in the value of this counter may occur at re-initialization "
ML540M-IP-MIB,ml540mIpStatisticsGlobalsIpv4HCInReceives,1.3.6.1.4.1.5468.100.102.1.5.1.1.2,scalar,Counter64,read-only,"Number of input IP datagrams received, including those received in error. This object counts the same datagrams as InReceives, but allows for larger v"
ML540M-IP-MIB,ml540mIpStatisticsGlobalsIpv4InOctets,1.3.6.1.4.1.5468.100.102.1.5.1.1.3,scalar,Unsigned32,read-only,"Number of octets received in input IP datagrams, including those received in error. Octets from datagrams counted in InReceives must be counted here. "
ML540M-IP-MIB,ml540mIpStatisticsGlobalsIpv4HCInOctets,1.3.6.1.4.1.5468.100.102.1.5.1.1.4,scalar,Counter64,read-only,"Number of octets received in input IP datagrams, including those received in error. This object counts the same octets as InOctets, but allows for a l"
ML540M-IP-MIB,ml540mIpStatisticsGlobalsIpv4InHdrErrors,1.3.6.1.4.1.5468.100.102.1.5.1.1.5,scalar,Unsigned32,read-only,"Number of input IP datagrams discarded due to errors in their IP headers, including version number mismatch, other format errors, hop count exceeded, "
ML540M-IP-MIB,ml540mIpStatisticsGlobalsIpv4InNoRoutes,1.3.6.1.4.1.5468.100.102.1.5.1.1.6,scalar,Unsigned32,read-only,Number of input IP datagrams discarded because no route could be found to transmit them to their destination. Discontinuities in the value of this cou
ML540M-IP-MIB,ml540mIpStatisticsGlobalsIpv4InAddrErrors,1.3.6.1.4.1.5468.100.102.1.5.1.1.7,scalar,Unsigned32,read-only,Number of input IP datagrams discarded because the IP address in their IP header's destination field was not a valid address to be received at this en
ML540M-IP-MIB,ml540mIpStatisticsGlobalsIpv4InUnknownProtos,1.3.6.1.4.1.5468.100.102.1.5.1.1.8,scalar,Unsigned32,read-only,Number of locally-addressed IP datagrams received successfully but discarded because of an unknown or unsupported protocol. When tracking interface st
ML540M-IP-MIB,ml540mIpStatisticsGlobalsIpv4InTruncatedPkts,1.3.6.1.4.1.5468.100.102.1.5.1.1.9,scalar,Unsigned32,read-only,Number of input IP datagrams discarded because the datagram frame didn't carry enough data. Discontinuities in the value of this counter may occur at 
ML540M-IP-MIB,ml540mIpStatisticsGlobalsIpv4InForwDatagrams,1.3.6.1.4.1.5468.100.102.1.5.1.1.10,scalar,Unsigned32,read-only,Number of input datagrams for which this entity was not their final IP destination and for which this entity attempted to find a route to forward them
ML540M-IP-MIB,ml540mIpStatisticsGlobalsIpv4HCInForwDatagrams,1.3.6.1.4.1.5468.100.102.1.5.1.1.11,scalar,Counter64,read-only,Number of input datagrams for which this entity was not their final IP destination and for which this entity attempted to find a route to forward them
ML540M-IP-MIB,ml540mIpStatisticsGlobalsIpv4ReasmReqds,1.3.6.1.4.1.5468.100.102.1.5.1.1.12,scalar,Unsigned32,read-only,"Number of IP fragments received that needed to be reassembled at this interface. When tracking interface statistics, the counter of the interface to w"
ML540M-IP-MIB,ml540mIpStatisticsGlobalsIpv4ReasmOKs,1.3.6.1.4.1.5468.100.102.1.5.1.1.13,scalar,Unsigned32,read-only,"Number of IP datagrams successfully reassembled. When tracking interface statistics, the counter of the interface to which these datagrams were addres"
ML540M-IP-MIB,ml540mIpStatisticsGlobalsIpv4ReasmFails,1.3.6.1.4.1.5468.100.102.1.5.1.1.14,scalar,Unsigned32,read-only,Number of failures detected by the IP re-assembly algorithm. Note: this is not necessarily a count of discarded IP fragments because some algorithms (
ML540M-IP-MIB,ml540mIpStatisticsGlobalsIpv4InDiscards,1.3.6.1.4.1.5468.100.102.1.5.1.1.15,scalar,Unsigned32,read-only,"Number of input IP datagrams for which no problems were encountered to prevent their continued processing, but were discarded. Note: this counter does"
ML540M-IP-MIB,ml540mIpStatisticsGlobalsIpv4InDelivers,1.3.6.1.4.1.5468.100.102.1.5.1.1.16,scalar,Unsigned32,read-only,"Number of datagrams successfully delivered to IP user-protocols (including ICMP). When tracking interface statistics, the counter of the interface to "
ML540M-IP-MIB,ml540mIpStatisticsGlobalsIpv4HCInDelivers,1.3.6.1.4.1.5468.100.102.1.5.1.1.17,scalar,Counter64,read-only,"Number of datagrams successfully delivered to IP user-protocols (including ICMP). This object counts the same packets as ipSystemStatsInDelivers, but "
ML540M-IP-MIB,ml540mIpStatisticsGlobalsIpv4OutRequests,1.3.6.1.4.1.5468.100.102.1.5.1.1.18,scalar,Unsigned32,read-only,Number of IP datagrams that local IP user-protocols (including ICMP) supplied to IP in requests for transmission. Note: this counter does not include 
ML540M-IP-MIB,ml540mIpStatisticsGlobalsIpv4HCOutRequests,1.3.6.1.4.1.5468.100.102.1.5.1.1.19,scalar,Counter64,read-only,Number of IP datagrams that local IP user-protocols (including ICMP) supplied to IP in requests for transmission. This object counts the same packets 
ML540M-IP-MIB,ml540mIpStatisticsGlobalsIpv4OutNoRoutes,1.3.6.1.4.1.5468.100.102.1.5.1.1.20,scalar,Unsigned32,read-only,Number of locally generated IP datagrams discarded because no route could be found to transmit them to their destination. Discontinuities in the value
ML540M-IP-MIB,ml540mIpStatisticsGlobalsIpv4OutForwDatagrams,1.3.6.1.4.1.5468.100.102.1.5.1.1.21,scalar,Unsigned32,read-only,Number of datagrams for which this entity was not their final IP destination and for which it was successful in finding a path to their final destinat
ML540M-IP-MIB,ml540mIpStatisticsGlobalsIpv4HCOutForwDatagrams,1.3.6.1.4.1.5468.100.102.1.5.1.1.22,scalar,Counter64,read-only,Number of datagrams for which this entity was not their final IP destination and for which it was successful in finding a path to their final destinat
ML540M-IP-MIB,ml540mIpStatisticsGlobalsIpv4OutDiscards,1.3.6.1.4.1.5468.100.102.1.5.1.1.23,scalar,Unsigned32,read-only,"Number of output IP datagrams for which no problem was encountered to prevent their transmission to their destination, but were discarded. Note: this "
ML540M-IP-MIB,ml540mIpStatisticsGlobalsIpv4OutFragReqds,1.3.6.1.4.1.5468.100.102.1.5.1.1.24,scalar,Unsigned32,read-only,"Number of IP datagrams that require fragmentation in order to be transmitted. When tracking interface statistics, the counter of the outgoing interfac"
ML540M-IP-MIB,ml540mIpStatisticsGlobalsIpv4OutFragOKs,1.3.6.1.4.1.5468.100.102.1.5.1.1.25,scalar,Unsigned32,read-only,"Number of IP datagrams that have been successfully fragmented. When tracking interface statistics, the counter of the outgoing interface is incremente"
ML540M-IP-MIB,ml540mIpStatisticsGlobalsIpv4OutFragFails,1.3.6.1.4.1.5468.100.102.1.5.1.1.26,scalar,Unsigned32,read-only,Number of IP datagrams that have been discarded because they needed to be fragmented but could not be. This includes IPv4 packets that have the DF bit
ML540M-IP-MIB,ml540mIpStatisticsGlobalsIpv4OutFragCreates,1.3.6.1.4.1.5468.100.102.1.5.1.1.27,scalar,Unsigned32,read-only,"Number of output datagram fragments that have been generated as a result of IP fragmentation. When tracking interface statistics, the counter of the o"
ML540M-IP-MIB,ml540mIpStatisticsGlobalsIpv4OutTransmits,1.3.6.1.4.1.5468.100.102.1.5.1.1.28,scalar,Unsigned32,read-only,Number of IP datagrams that this entity supplied to the lower layers for transmission. This includes datagrams generated locally and those forwarded b
ML540M-IP-MIB,ml540mIpStatisticsGlobalsIpv4HCOutTransmits,1.3.6.1.4.1.5468.100.102.1.5.1.1.29,scalar,Counter64,read-only,"Number of IP datagrams that this entity supplied to the lower layers for transmission. This object counts the same datagrams as OutTransmits, but allo"
ML540M-IP-MIB,ml540mIpStatisticsGlobalsIpv4OutOctets,1.3.6.1.4.1.5468.100.102.1.5.1.1.30,scalar,Unsigned32,read-only,Number of octets in IP datagrams delivered to the lower layers for transmission. Octets from datagrams counted in OutTransmits must be counted here. D
ML540M-IP-MIB,ml540mIpStatisticsGlobalsIpv4HCOutOctets,1.3.6.1.4.1.5468.100.102.1.5.1.1.31,scalar,Counter64,read-only,"Number of octets in IP datagrams delivered to the lower layers for transmission. This objects counts the same octets as OutOctets, but allows for larg"
ML540M-IP-MIB,ml540mIpStatisticsGlobalsIpv4InMcastPkts,1.3.6.1.4.1.5468.100.102.1.5.1.1.32,scalar,Unsigned32,read-only,"Number of IP multicast datagrams received. Discontinuities in the value of this counter may occur at re-initialization of the system, and at other tim"
ML540M-IP-MIB,ml540mIpStatisticsGlobalsIpv4HCInMcastPkts,1.3.6.1.4.1.5468.100.102.1.5.1.1.33,scalar,Counter64,read-only,Number of IP multicast datagrams received. This object counts the same datagrams as InMcastPkts but allows for larger values. Discontinuities in the v
ML540M-IP-MIB,ml540mIpStatisticsGlobalsIpv4InMcastOctets,1.3.6.1.4.1.5468.100.102.1.5.1.1.34,scalar,Unsigned32,read-only,Number of octets received in IP multicast datagrams. Octets from datagrams counted in InMcastPkts MUST be counted here. Discontinuities in the value o
ML540M-IP-MIB,ml540mIpStatisticsGlobalsIpv4HCInMcastOctets,1.3.6.1.4.1.5468.100.102.1.5.1.1.35,scalar,Counter64,read-only,"Number of octets received in IP multicast datagrams. This object counts the same octets as InMcastOctets, but allows for larger values. Discontinuitie"
ML540M-IP-MIB,ml540mIpStatisticsGlobalsIpv4OutMcastPkts,1.3.6.1.4.1.5468.100.102.1.5.1.1.36,scalar,Unsigned32,read-only,"Number of IP multicast datagrams transmitted. Discontinuities in the value of this counter may occur at re-initialization of the system, and at other "
ML540M-IP-MIB,ml540mIpStatisticsGlobalsIpv4HCOutMcastPkts,1.3.6.1.4.1.5468.100.102.1.5.1.1.37,scalar,Counter64,read-only,"Number of IP multicast datagrams transmitted. This object counts the same datagrams as OutMcastPkts, but allows for larger values. Discontinuities in "
ML540M-IP-MIB,ml540mIpStatisticsGlobalsIpv4OutMcastOctets,1.3.6.1.4.1.5468.100.102.1.5.1.1.38,scalar,Unsigned32,read-only,Number of octets transmitted in IP multicast datagrams. Octets from datagrams counted in OutMcastPkts must be counted here. Discontinuities in the val
ML540M-IP-MIB,ml540mIpStatisticsGlobalsIpv4HCOutMcastOctets,1.3.6.1.4.1.5468.100.102.1.5.1.1.39,scalar,Counter64,read-only,"Number of octets transmitted in IP multicast datagrams. This object counts the same octets as OutMcastOctets, but allows for larger values. Discontinu"
ML540M-IP-MIB,ml540mIpStatisticsGlobalsIpv4InBcastPkts,1.3.6.1.4.1.5468.100.102.1.5.1.1.40,scalar,Unsigned32,read-only,"Number of IP broadcast datagrams received. Discontinuities in the value of this counter may occur at re-initialization of the system, and at other tim"
ML540M-IP-MIB,ml540mIpStatisticsGlobalsIpv4HCInBcastPkts,1.3.6.1.4.1.5468.100.102.1.5.1.1.41,scalar,Counter64,read-only,Number of IP broadcast datagrams received. This object counts the same datagrams as InBcastPkts but allows for larger values. Discontinuities in the v
ML540M-IP-MIB,ml540mIpStatisticsGlobalsIpv4OutBcastPkts,1.3.6.1.4.1.5468.100.102.1.5.1.1.42,scalar,Unsigned32,read-only,"Number of IP broadcast datagrams transmitted. Discontinuities in the value of this counter may occur at re-initialization of the system, and at other "
ML540M-IP-MIB,ml540mIpStatisticsGlobalsIpv4HCOutBcastPkts,1.3.6.1.4.1.5468.100.102.1.5.1.1.43,scalar,Counter64,read-only,"Number of IP broadcast datagrams transmitted. This object counts the same datagrams as OutBcastPkts, but allows for larger values. Discontinuities in "
ML540M-IP-MIB,ml540mIpStatisticsGlobalsIpv4DiscontinuityTime,1.3.6.1.4.1.5468.100.102.1.5.1.1.44,scalar,Counter64,read-only,Value of sysUpTime on the most recent occasion when any one or more of this entry's counters suffered a discontinuity. If no such discontinuities have
ML540M-IP-MIB,ml540mIpStatisticsGlobalsIpv4RefreshRate,1.3.6.1.4.1.5468.100.102.1.5.1.1.45,scalar,Unsigned32,read-only,The minimum reasonable polling interval for this entry. This object provides an indication of the minimum amount of time required to update the counte
ML540M-IP-MIB,ml540mIpStatisticsGlobalsIpv6InReceives,1.3.6.1.4.1.5468.100.102.1.5.1.2.1,scalar,Unsigned32,read-only,"Number of input IP datagrams received, including those received in error. Discontinuities in the value of this counter may occur at re-initialization "
ML540M-IP-MIB,ml540mIpStatisticsGlobalsIpv6HCInReceives,1.3.6.1.4.1.5468.100.102.1.5.1.2.2,scalar,Counter64,read-only,"Number of input IP datagrams received, including those received in error. This object counts the same datagrams as InReceives, but allows for larger v"
ML540M-IP-MIB,ml540mIpStatisticsGlobalsIpv6InOctets,1.3.6.1.4.1.5468.100.102.1.5.1.2.3,scalar,Unsigned32,read-only,"Number of octets received in input IP datagrams, including those received in error. Octets from datagrams counted in InReceives must be counted here. "
ML540M-IP-MIB,ml540mIpStatisticsGlobalsIpv6HCInOctets,1.3.6.1.4.1.5468.100.102.1.5.1.2.4,scalar,Counter64,read-only,"Number of octets received in input IP datagrams, including those received in error. This object counts the same octets as InOctets, but allows for a l"
ML540M-IP-MIB,ml540mIpStatisticsGlobalsIpv6InHdrErrors,1.3.6.1.4.1.5468.100.102.1.5.1.2.5,scalar,Unsigned32,read-only,"Number of input IP datagrams discarded due to errors in their IP headers, including version number mismatch, other format errors, hop count exceeded, "
ML540M-IP-MIB,ml540mIpStatisticsGlobalsIpv6InNoRoutes,1.3.6.1.4.1.5468.100.102.1.5.1.2.6,scalar,Unsigned32,read-only,Number of input IP datagrams discarded because no route could be found to transmit them to their destination. Discontinuities in the value of this cou
ML540M-IP-MIB,ml540mIpStatisticsGlobalsIpv6InAddrErrors,1.3.6.1.4.1.5468.100.102.1.5.1.2.7,scalar,Unsigned32,read-only,Number of input IP datagrams discarded because the IP address in their IP header's destination field was not a valid address to be received at this en
ML540M-IP-MIB,ml540mIpStatisticsGlobalsIpv6InUnknownProtos,1.3.6.1.4.1.5468.100.102.1.5.1.2.8,scalar,Unsigned32,read-only,Number of locally-addressed IP datagrams received successfully but discarded because of an unknown or unsupported protocol. When tracking interface st
ML540M-IP-MIB,ml540mIpStatisticsGlobalsIpv6InTruncatedPkts,1.3.6.1.4.1.5468.100.102.1.5.1.2.9,scalar,Unsigned32,read-only,Number of input IP datagrams discarded because the datagram frame didn't carry enough data. Discontinuities in the value of this counter may occur at 
ML540M-IP-MIB,ml540mIpStatisticsGlobalsIpv6InForwDatagrams,1.3.6.1.4.1.5468.100.102.1.5.1.2.10,scalar,Unsigned32,read-only,Number of input datagrams for which this entity was not their final IP destination and for which this entity attempted to find a route to forward them
ML540M-IP-MIB,ml540mIpStatisticsGlobalsIpv6HCInForwDatagrams,1.3.6.1.4.1.5468.100.102.1.5.1.2.11,scalar,Counter64,read-only,Number of input datagrams for which this entity was not their final IP destination and for which this entity attempted to find a route to forward them
ML540M-IP-MIB,ml540mIpStatisticsGlobalsIpv6ReasmReqds,1.3.6.1.4.1.5468.100.102.1.5.1.2.12,scalar,Unsigned32,read-only,"Number of IP fragments received that needed to be reassembled at this interface. When tracking interface statistics, the counter of the interface to w"
ML540M-IP-MIB,ml540mIpStatisticsGlobalsIpv6ReasmOKs,1.3.6.1.4.1.5468.100.102.1.5.1.2.13,scalar,Unsigned32,read-only,"Number of IP datagrams successfully reassembled. When tracking interface statistics, the counter of the interface to which these datagrams were addres"
ML540M-IP-MIB,ml540mIpStatisticsGlobalsIpv6ReasmFails,1.3.6.1.4.1.5468.100.102.1.5.1.2.14,scalar,Unsigned32,read-only,Number of failures detected by the IP re-assembly algorithm. Note: this is not necessarily a count of discarded IP fragments because some algorithms (
ML540M-IP-MIB,ml540mIpStatisticsGlobalsIpv6InDiscards,1.3.6.1.4.1.5468.100.102.1.5.1.2.15,scalar,Unsigned32,read-only,"Number of input IP datagrams for which no problems were encountered to prevent their continued processing, but were discarded. Note: this counter does"
ML540M-IP-MIB,ml540mIpStatisticsGlobalsIpv6InDelivers,1.3.6.1.4.1.5468.100.102.1.5.1.2.16,scalar,Unsigned32,read-only,"Number of datagrams successfully delivered to IP user-protocols (including ICMP). When tracking interface statistics, the counter of the interface to "
ML540M-IP-MIB,ml540mIpStatisticsGlobalsIpv6HCInDelivers,1.3.6.1.4.1.5468.100.102.1.5.1.2.17,scalar,Counter64,read-only,"Number of datagrams successfully delivered to IP user-protocols (including ICMP). This object counts the same packets as ipSystemStatsInDelivers, but "
ML540M-IP-MIB,ml540mIpStatisticsGlobalsIpv6OutRequests,1.3.6.1.4.1.5468.100.102.1.5.1.2.18,scalar,Unsigned32,read-only,Number of IP datagrams that local IP user-protocols (including ICMP) supplied to IP in requests for transmission. Note: this counter does not include 
ML540M-IP-MIB,ml540mIpStatisticsGlobalsIpv6HCOutRequests,1.3.6.1.4.1.5468.100.102.1.5.1.2.19,scalar,Counter64,read-only,Number of IP datagrams that local IP user-protocols (including ICMP) supplied to IP in requests for transmission. This object counts the same packets 
ML540M-IP-MIB,ml540mIpStatisticsGlobalsIpv6OutNoRoutes,1.3.6.1.4.1.5468.100.102.1.5.1.2.20,scalar,Unsigned32,read-only,Number of locally generated IP datagrams discarded because no route could be found to transmit them to their destination. Discontinuities in the value
ML540M-IP-MIB,ml540mIpStatisticsGlobalsIpv6OutForwDatagrams,1.3.6.1.4.1.5468.100.102.1.5.1.2.21,scalar,Unsigned32,read-only,Number of datagrams for which this entity was not their final IP destination and for which it was successful in finding a path to their final destinat
ML540M-IP-MIB,ml540mIpStatisticsGlobalsIpv6HCOutForwDatagrams,1.3.6.1.4.1.5468.100.102.1.5.1.2.22,scalar,Counter64,read-only,Number of datagrams for which this entity was not their final IP destination and for which it was successful in finding a path to their final destinat
ML540M-IP-MIB,ml540mIpStatisticsGlobalsIpv6OutDiscards,1.3.6.1.4.1.5468.100.102.1.5.1.2.23,scalar,Unsigned32,read-only,"Number of output IP datagrams for which no problem was encountered to prevent their transmission to their destination, but were discarded. Note: this "
ML540M-IP-MIB,ml540mIpStatisticsGlobalsIpv6OutFragReqds,1.3.6.1.4.1.5468.100.102.1.5.1.2.24,scalar,Unsigned32,read-only,"Number of IP datagrams that require fragmentation in order to be transmitted. When tracking interface statistics, the counter of the outgoing interfac"
ML540M-IP-MIB,ml540mIpStatisticsGlobalsIpv6OutFragOKs,1.3.6.1.4.1.5468.100.102.1.5.1.2.25,scalar,Unsigned32,read-only,"Number of IP datagrams that have been successfully fragmented. When tracking interface statistics, the counter of the outgoing interface is incremente"
ML540M-IP-MIB,ml540mIpStatisticsGlobalsIpv6OutFragFails,1.3.6.1.4.1.5468.100.102.1.5.1.2.26,scalar,Unsigned32,read-only,Number of IP datagrams that have been discarded because they needed to be fragmented but could not be. This includes IPv4 packets that have the DF bit
ML540M-IP-MIB,ml540mIpStatisticsGlobalsIpv6OutFragCreates,1.3.6.1.4.1.5468.100.102.1.5.1.2.27,scalar,Unsigned32,read-only,"Number of output datagram fragments that have been generated as a result of IP fragmentation. When tracking interface statistics, the counter of the o"
ML540M-IP-MIB,ml540mIpStatisticsGlobalsIpv6OutTransmits,1.3.6.1.4.1.5468.100.102.1.5.1.2.28,scalar,Unsigned32,read-only,Number of IP datagrams that this entity supplied to the lower layers for transmission. This includes datagrams generated locally and those forwarded b
ML540M-IP-MIB,ml540mIpStatisticsGlobalsIpv6HCOutTransmits,1.3.6.1.4.1.5468.100.102.1.5.1.2.29,scalar,Counter64,read-only,"Number of IP datagrams that this entity supplied to the lower layers for transmission. This object counts the same datagrams as OutTransmits, but allo"
ML540M-IP-MIB,ml540mIpStatisticsGlobalsIpv6OutOctets,1.3.6.1.4.1.5468.100.102.1.5.1.2.30,scalar,Unsigned32,read-only,Number of octets in IP datagrams delivered to the lower layers for transmission. Octets from datagrams counted in OutTransmits must be counted here. D
ML540M-IP-MIB,ml540mIpStatisticsGlobalsIpv6HCOutOctets,1.3.6.1.4.1.5468.100.102.1.5.1.2.31,scalar,Counter64,read-only,"Number of octets in IP datagrams delivered to the lower layers for transmission. This objects counts the same octets as OutOctets, but allows for larg"
ML540M-IP-MIB,ml540mIpStatisticsGlobalsIpv6InMcastPkts,1.3.6.1.4.1.5468.100.102.1.5.1.2.32,scalar,Unsigned32,read-only,"Number of IP multicast datagrams received. Discontinuities in the value of this counter may occur at re-initialization of the system, and at other tim"
ML540M-IP-MIB,ml540mIpStatisticsGlobalsIpv6HCInMcastPkts,1.3.6.1.4.1.5468.100.102.1.5.1.2.33,scalar,Counter64,read-only,Number of IP multicast datagrams received. This object counts the same datagrams as InMcastPkts but allows for larger values. Discontinuities in the v
ML540M-IP-MIB,ml540mIpStatisticsGlobalsIpv6InMcastOctets,1.3.6.1.4.1.5468.100.102.1.5.1.2.34,scalar,Unsigned32,read-only,Number of octets received in IP multicast datagrams. Octets from datagrams counted in InMcastPkts MUST be counted here. Discontinuities in the value o
ML540M-IP-MIB,ml540mIpStatisticsGlobalsIpv6HCInMcastOctets,1.3.6.1.4.1.5468.100.102.1.5.1.2.35,scalar,Counter64,read-only,"Number of octets received in IP multicast datagrams. This object counts the same octets as InMcastOctets, but allows for larger values. Discontinuitie"
ML540M-IP-MIB,ml540mIpStatisticsGlobalsIpv6OutMcastPkts,1.3.6.1.4.1.5468.100.102.1.5.1.2.36,scalar,Unsigned32,read-only,"Number of IP multicast datagrams transmitted. Discontinuities in the value of this counter may occur at re-initialization of the system, and at other "
ML540M-IP-MIB,ml540mIpStatisticsGlobalsIpv6HCOutMcastPkts,1.3.6.1.4.1.5468.100.102.1.5.1.2.37,scalar,Counter64,read-only,"Number of IP multicast datagrams transmitted. This object counts the same datagrams as OutMcastPkts, but allows for larger values. Discontinuities in "
ML540M-IP-MIB,ml540mIpStatisticsGlobalsIpv6OutMcastOctets,1.3.6.1.4.1.5468.100.102.1.5.1.2.38,scalar,Unsigned32,read-only,Number of octets transmitted in IP multicast datagrams. Octets from datagrams counted in OutMcastPkts must be counted here. Discontinuities in the val
ML540M-IP-MIB,ml540mIpStatisticsGlobalsIpv6HCOutMcastOctets,1.3.6.1.4.1.5468.100.102.1.5.1.2.39,scalar,Counter64,read-only,"Number of octets transmitted in IP multicast datagrams. This object counts the same octets as OutMcastOctets, but allows for larger values. Discontinu"
ML540M-IP-MIB,ml540mIpStatisticsGlobalsIpv6InBcastPkts,1.3.6.1.4.1.5468.100.102.1.5.1.2.40,scalar,Unsigned32,read-only,"Number of IP broadcast datagrams received. Discontinuities in the value of this counter may occur at re-initialization of the system, and at other tim"
ML540M-IP-MIB,ml540mIpStatisticsGlobalsIpv6HCInBcastPkts,1.3.6.1.4.1.5468.100.102.1.5.1.2.41,scalar,Counter64,read-only,Number of IP broadcast datagrams received. This object counts the same datagrams as InBcastPkts but allows for larger values. Discontinuities in the v
ML540M-IP-MIB,ml540mIpStatisticsGlobalsIpv6OutBcastPkts,1.3.6.1.4.1.5468.100.102.1.5.1.2.42,scalar,Unsigned32,read-only,"Number of IP broadcast datagrams transmitted. Discontinuities in the value of this counter may occur at re-initialization of the system, and at other "
ML540M-IP-MIB,ml540mIpStatisticsGlobalsIpv6HCOutBcastPkts,1.3.6.1.4.1.5468.100.102.1.5.1.2.43,scalar,Counter64,read-only,"Number of IP broadcast datagrams transmitted. This object counts the same datagrams as OutBcastPkts, but allows for larger values. Discontinuities in "
ML540M-IP-MIB,ml540mIpStatisticsGlobalsIpv6DiscontinuityTime,1.3.6.1.4.1.5468.100.102.1.5.1.2.44,scalar,Counter64,read-only,Value of sysUpTime on the most recent occasion when any one or more of this entry's counters suffered a discontinuity. If no such discontinuities have
ML540M-IP-MIB,ml540mIpStatisticsGlobalsIpv6RefreshRate,1.3.6.1.4.1.5468.100.102.1.5.1.2.45,scalar,Unsigned32,read-only,The minimum reasonable polling interval for this entry. This object provides an indication of the minimum amount of time required to update the counte
ML540M-IP-MIB,ml540mIpStatisticsInterfacesLinkIfIndex,1.3.6.1.4.1.5468.100.102.1.5.2.1.1.1,column,VTSSInterfaceIndex,not-accessible,Interface index number.
ML540M-IP-MIB,ml540mIpStatisticsInterfacesLinkInPackets,1.3.6.1.4.1.5468.100.102.1.5.2.1.1.2,column,Counter64,read-only,Number of packets delivered by MAC layer to IP layer.
ML540M-IP-MIB,ml540mIpStatisticsInterfacesLinkOutPackets,1.3.6.1.4.1.5468.100.102.1.5.2.1.1.3,column,Counter64,read-only,"Number of packets IP protocols requested be transmitted, including those that were discarded or not sent."
ML540M-IP-MIB,ml540mIpStatisticsInterfacesLinkInBytes,1.3.6.1.4.1.5468.100.102.1.5.2.1.1.4,column,Counter64,read-only,"Number of octets received on the interface, including framing characters."
ML540M-IP-MIB,ml540mIpStatisticsInterfacesLinkOutBytes,1.3.6.1.4.1.5468.100.102.1.5.2.1.1.5,column,Counter64,read-only,"Number of octets transmitted out of the interface, including framing characters."
ML540M-IP-MIB,ml540mIpStatisticsInterfacesLinkInMulticasts,1.3.6.1.4.1.5468.100.102.1.5.2.1.1.6,column,Counter64,read-only,"Number of packets delivered by MAC layer to IP layer that were addressed to a MAC multicast address. For a MAC layer protocol, this includes both Grou"
ML540M-IP-MIB,ml540mIpStatisticsInterfacesLinkOutMulticasts,1.3.6.1.4.1.5468.100.102.1.5.2.1.1.7,column,Counter64,read-only,"Number of packets addressed to a multicast MAC address that IP protocols requested be transmitted, including those that were discarded or not sent. Fo"
ML540M-IP-MIB,ml540mIpStatisticsInterfacesLinkInBroadcasts,1.3.6.1.4.1.5468.100.102.1.5.2.1.1.8,column,Counter64,read-only,Number of packets delivered by MAC layer to IP layer that were addressed to a MAC broadcast address.
ML540M-IP-MIB,ml540mIpStatisticsInterfacesLinkOutBroadcasts,1.3.6.1.4.1.5468.100.102.1.5.2.1.1.9,column,Counter64,read-only,"Number of packets addressed to a broadcast MAC address that IP protocols requested be transmitted, including those that were discarded or not sent."
ML540M-IP-MIB,ml540mIpStatisticsInterfacesIpv4IfIndex,1.3.6.1.4.1.5468.100.102.1.5.2.2.1.1,column,VTSSInterfaceIndex,not-accessible,Interface index number.
ML540M-IP-MIB,ml540mIpStatisticsInterfacesIpv4InReceives,1.3.6.1.4.1.5468.100.102.1.5.2.2.1.2,column,Unsigned32,read-only,"Number of input IP datagrams received, including those received in error. Discontinuities in the value of this counter may occur at re-initialization "
ML540M-IP-MIB,ml540mIpStatisticsInterfacesIpv4HCInReceives,1.3.6.1.4.1.5468.100.102.1.5.2.2.1.3,column,Counter64,read-only,"Number of input IP datagrams received, including those received in error. This object counts the same datagrams as InReceives, but allows for larger v"
ML540M-IP-MIB,ml540mIpStatisticsInterfacesIpv4InOctets,1.3.6.1.4.1.5468.100.102.1.5.2.2.1.4,column,Unsigned32,read-only,"Number of octets received in input IP datagrams, including those received in error. Octets from datagrams counted in InReceives must be counted here. "
ML540M-IP-MIB,ml540mIpStatisticsInterfacesIpv4HCInOctets,1.3.6.1.4.1.5468.100.102.1.5.2.2.1.5,column,Counter64,read-only,"Number of octets received in input IP datagrams, including those received in error. This object counts the same octets as InOctets, but allows for a l"
ML540M-IP-MIB,ml540mIpStatisticsInterfacesIpv4InHdrErrors,1.3.6.1.4.1.5468.100.102.1.5.2.2.1.6,column,Unsigned32,read-only,"Number of input IP datagrams discarded due to errors in their IP headers, including version number mismatch, other format errors, hop count exceeded, "
ML540M-IP-MIB,ml540mIpStatisticsInterfacesIpv4InNoRoutes,1.3.6.1.4.1.5468.100.102.1.5.2.2.1.7,column,Unsigned32,read-only,Number of input IP datagrams discarded because no route could be found to transmit them to their destination. Discontinuities in the value of this cou
ML540M-IP-MIB,ml540mIpStatisticsInterfacesIpv4InAddrErrors,1.3.6.1.4.1.5468.100.102.1.5.2.2.1.8,column,Unsigned32,read-only,Number of input IP datagrams discarded because the IP address in their IP header's destination field was not a valid address to be received at this en
ML540M-IP-MIB,ml540mIpStatisticsInterfacesIpv4InUnknownProtos,1.3.6.1.4.1.5468.100.102.1.5.2.2.1.9,column,Unsigned32,read-only,Number of locally-addressed IP datagrams received successfully but discarded because of an unknown or unsupported protocol. When tracking interface st
ML540M-IP-MIB,ml540mIpStatisticsInterfacesIpv4InTruncatedPkts,1.3.6.1.4.1.5468.100.102.1.5.2.2.1.10,column,Unsigned32,read-only,Number of input IP datagrams discarded because the datagram frame didn't carry enough data. Discontinuities in the value of this counter may occur at 
ML540M-IP-MIB,ml540mIpStatisticsInterfacesIpv4InForwDatagrams,1.3.6.1.4.1.5468.100.102.1.5.2.2.1.11,column,Unsigned32,read-only,Number of input datagrams for which this entity was not their final IP destination and for which this entity attempted to find a route to forward them
ML540M-IP-MIB,ml540mIpStatisticsInterfacesIpv4HCInForwDatagrams,1.3.6.1.4.1.5468.100.102.1.5.2.2.1.12,column,Counter64,read-only,Number of input datagrams for which this entity was not their final IP destination and for which this entity attempted to find a route to forward them
ML540M-IP-MIB,ml540mIpStatisticsInterfacesIpv4ReasmReqds,1.3.6.1.4.1.5468.100.102.1.5.2.2.1.13,column,Unsigned32,read-only,"Number of IP fragments received that needed to be reassembled at this interface. When tracking interface statistics, the counter of the interface to w"
ML540M-IP-MIB,ml540mIpStatisticsInterfacesIpv4ReasmOKs,1.3.6.1.4.1.5468.100.102.1.5.2.2.1.14,column,Unsigned32,read-only,"Number of IP datagrams successfully reassembled. When tracking interface statistics, the counter of the interface to which these datagrams were addres"
ML540M-IP-MIB,ml540mIpStatisticsInterfacesIpv4ReasmFails,1.3.6.1.4.1.5468.100.102.1.5.2.2.1.15,column,Unsigned32,read-only,Number of failures detected by the IP re-assembly algorithm. Note: this is not necessarily a count of discarded IP fragments because some algorithms (
ML540M-IP-MIB,ml540mIpStatisticsInterfacesIpv4InDiscards,1.3.6.1.4.1.5468.100.102.1.5.2.2.1.16,column,Unsigned32,read-only,"Number of input IP datagrams for which no problems were encountered to prevent their continued processing, but were discarded. Note: this counter does"
ML540M-IP-MIB,ml540mIpStatisticsInterfacesIpv4InDelivers,1.3.6.1.4.1.5468.100.102.1.5.2.2.1.17,column,Unsigned32,read-only,"Number of datagrams successfully delivered to IP user-protocols (including ICMP). When tracking interface statistics, the counter of the interface to "
ML540M-IP-MIB,ml540mIpStatisticsInterfacesIpv4HCInDelivers,1.3.6.1.4.1.5468.100.102.1.5.2.2.1.18,column,Counter64,read-only,"Number of datagrams successfully delivered to IP user-protocols (including ICMP). This object counts the same packets as ipSystemStatsInDelivers, but "
ML540M-IP-MIB,ml540mIpStatisticsInterfacesIpv4OutRequests,1.3.6.1.4.1.5468.100.102.1.5.2.2.1.19,column,Unsigned32,read-only,Number of IP datagrams that local IP user-protocols (including ICMP) supplied to IP in requests for transmission. Note: this counter does not include 
ML540M-IP-MIB,ml540mIpStatisticsInterfacesIpv4HCOutRequests,1.3.6.1.4.1.5468.100.102.1.5.2.2.1.20,column,Counter64,read-only,Number of IP datagrams that local IP user-protocols (including ICMP) supplied to IP in requests for transmission. This object counts the same packets 
ML540M-IP-MIB,ml540mIpStatisticsInterfacesIpv4OutNoRoutes,1.3.6.1.4.1.5468.100.102.1.5.2.2.1.21,column,Unsigned32,read-only,Number of locally generated IP datagrams discarded because no route could be found to transmit them to their destination. Discontinuities in the value
ML540M-IP-MIB,ml540mIpStatisticsInterfacesIpv4OutForwDatagrams,1.3.6.1.4.1.5468.100.102.1.5.2.2.1.22,column,Unsigned32,read-only,Number of datagrams for which this entity was not their final IP destination and for which it was successful in finding a path to their final destinat
ML540M-IP-MIB,ml540mIpStatisticsInterfacesIpv4HCOutForwDatagrams,1.3.6.1.4.1.5468.100.102.1.5.2.2.1.23,column,Counter64,read-only,Number of datagrams for which this entity was not their final IP destination and for which it was successful in finding a path to their final destinat
ML540M-IP-MIB,ml540mIpStatisticsInterfacesIpv4OutDiscards,1.3.6.1.4.1.5468.100.102.1.5.2.2.1.24,column,Unsigned32,read-only,"Number of output IP datagrams for which no problem was encountered to prevent their transmission to their destination, but were discarded. Note: this "
ML540M-IP-MIB,ml540mIpStatisticsInterfacesIpv4OutFragReqds,1.3.6.1.4.1.5468.100.102.1.5.2.2.1.25,column,Unsigned32,read-only,"Number of IP datagrams that require fragmentation in order to be transmitted. When tracking interface statistics, the counter of the outgoing interfac"
ML540M-IP-MIB,ml540mIpStatisticsInterfacesIpv4OutFragOKs,1.3.6.1.4.1.5468.100.102.1.5.2.2.1.26,column,Unsigned32,read-only,"Number of IP datagrams that have been successfully fragmented. When tracking interface statistics, the counter of the outgoing interface is incremente"
ML540M-IP-MIB,ml540mIpStatisticsInterfacesIpv4OutFragFails,1.3.6.1.4.1.5468.100.102.1.5.2.2.1.27,column,Unsigned32,read-only,Number of IP datagrams that have been discarded because they needed to be fragmented but could not be. This includes IPv4 packets that have the DF bit
ML540M-IP-MIB,ml540mIpStatisticsInterfacesIpv4OutFragCreates,1.3.6.1.4.1.5468.100.102.1.5.2.2.1.28,column,Unsigned32,read-only,"Number of output datagram fragments that have been generated as a result of IP fragmentation. When tracking interface statistics, the counter of the o"
ML540M-IP-MIB,ml540mIpStatisticsInterfacesIpv4OutTransmits,1.3.6.1.4.1.5468.100.102.1.5.2.2.1.29,column,Unsigned32,read-only,Number of IP datagrams that this entity supplied to the lower layers for transmission. This includes datagrams generated locally and those forwarded b
ML540M-IP-MIB,ml540mIpStatisticsInterfacesIpv4HCOutTransmits,1.3.6.1.4.1.5468.100.102.1.5.2.2.1.30,column,Counter64,read-only,"Number of IP datagrams that this entity supplied to the lower layers for transmission. This object counts the same datagrams as OutTransmits, but allo"
ML540M-IP-MIB,ml540mIpStatisticsInterfacesIpv4OutOctets,1.3.6.1.4.1.5468.100.102.1.5.2.2.1.31,column,Unsigned32,read-only,Number of octets in IP datagrams delivered to the lower layers for transmission. Octets from datagrams counted in OutTransmits must be counted here. D
ML540M-IP-MIB,ml540mIpStatisticsInterfacesIpv4HCOutOctets,1.3.6.1.4.1.5468.100.102.1.5.2.2.1.32,column,Counter64,read-only,"Number of octets in IP datagrams delivered to the lower layers for transmission. This objects counts the same octets as OutOctets, but allows for larg"
ML540M-IP-MIB,ml540mIpStatisticsInterfacesIpv4InMcastPkts,1.3.6.1.4.1.5468.100.102.1.5.2.2.1.33,column,Unsigned32,read-only,"Number of IP multicast datagrams received. Discontinuities in the value of this counter may occur at re-initialization of the system, and at other tim"
ML540M-IP-MIB,ml540mIpStatisticsInterfacesIpv4HCInMcastPkts,1.3.6.1.4.1.5468.100.102.1.5.2.2.1.34,column,Counter64,read-only,Number of IP multicast datagrams received. This object counts the same datagrams as InMcastPkts but allows for larger values. Discontinuities in the v
ML540M-IP-MIB,ml540mIpStatisticsInterfacesIpv4InMcastOctets,1.3.6.1.4.1.5468.100.102.1.5.2.2.1.35,column,Unsigned32,read-only,Number of octets received in IP multicast datagrams. Octets from datagrams counted in InMcastPkts MUST be counted here. Discontinuities in the value o
ML540M-IP-MIB,ml540mIpStatisticsInterfacesIpv4HCInMcastOctets,1.3.6.1.4.1.5468.100.102.1.5.2.2.1.36,column,Counter64,read-only,"Number of octets received in IP multicast datagrams. This object counts the same octets as InMcastOctets, but allows for larger values. Discontinuitie"
ML540M-IP-MIB,ml540mIpStatisticsInterfacesIpv4OutMcastPkts,1.3.6.1.4.1.5468.100.102.1.5.2.2.1.37,column,Unsigned32,read-only,"Number of IP multicast datagrams transmitted. Discontinuities in the value of this counter may occur at re-initialization of the system, and at other "
ML540M-IP-MIB,ml540mIpStatisticsInterfacesIpv4HCOutMcastPkts,1.3.6.1.4.1.5468.100.102.1.5.2.2.1.38,column,Counter64,read-only,"Number of IP multicast datagrams transmitted. This object counts the same datagrams as OutMcastPkts, but allows for larger values. Discontinuities in "
ML540M-IP-MIB,ml540mIpStatisticsInterfacesIpv4OutMcastOctets,1.3.6.1.4.1.5468.100.102.1.5.2.2.1.39,column,Unsigned32,read-only,Number of octets transmitted in IP multicast datagrams. Octets from datagrams counted in OutMcastPkts must be counted here. Discontinuities in the val
ML540M-IP-MIB,ml540mIpStatisticsInterfacesIpv4HCOutMcastOctets,1.3.6.1.4.1.5468.100.102.1.5.2.2.1.40,column,Counter64,read-only,"Number of octets transmitted in IP multicast datagrams. This object counts the same octets as OutMcastOctets, but allows for larger values. Discontinu"
ML540M-IP-MIB,ml540mIpStatisticsInterfacesIpv4InBcastPkts,1.3.6.1.4.1.5468.100.102.1.5.2.2.1.41,column,Unsigned32,read-only,"Number of IP broadcast datagrams received. Discontinuities in the value of this counter may occur at re-initialization of the system, and at other tim"
ML540M-IP-MIB,ml540mIpStatisticsInterfacesIpv4HCInBcastPkts,1.3.6.1.4.1.5468.100.102.1.5.2.2.1.42,column,Counter64,read-only,Number of IP broadcast datagrams received. This object counts the same datagrams as InBcastPkts but allows for larger values. Discontinuities in the v
ML540M-IP-MIB,ml540mIpStatisticsInterfacesIpv4OutBcastPkts,1.3.6.1.4.1.5468.100.102.1.5.2.2.1.43,column,Unsigned32,read-only,"Number of IP broadcast datagrams transmitted. Discontinuities in the value of this counter may occur at re-initialization of the system, and at other "
ML540M-IP-MIB,ml540mIpStatisticsInterfacesIpv4HCOutBcastPkts,1.3.6.1.4.1.5468.100.102.1.5.2.2.1.44,column,Counter64,read-only,"Number of IP broadcast datagrams transmitted. This object counts the same datagrams as OutBcastPkts, but allows for larger values. Discontinuities in "
ML540M-IP-MIB,ml540mIpStatisticsInterfacesIpv4DiscontinuityTime,1.3.6.1.4.1.5468.100.102.1.5.2.2.1.45,column,Counter64,read-only,Value of sysUpTime on the most recent occasion when any one or more of this entry's counters suffered a discontinuity. If no such discontinuities have
ML540M-IP-MIB,ml540mIpStatisticsInterfacesIpv4RefreshRate,1.3.6.1.4.1.5468.100.102.1.5.2.2.1.46,column,Unsigned32,read-only,The minimum reasonable polling interval for this entry. This object provides an indication of the minimum amount of time required to update the counte
ML540M-IP-MIB,ml540mIpStatisticsInterfacesIpv6IfIndex,1.3.6.1.4.1.5468.100.102.1.5.2.3.1.1,column,VTSSInterfaceIndex,not-accessible,Interface index number.
ML540M-IP-MIB,ml540mIpStatisticsInterfacesIpv6InReceives,1.3.6.1.4.1.5468.100.102.1.5.2.3.1.2,column,Unsigned32,read-only,"Number of input IP datagrams received, including those received in error. Discontinuities in the value of this counter may occur at re-initialization "
ML540M-IP-MIB,ml540mIpStatisticsInterfacesIpv6HCInReceives,1.3.6.1.4.1.5468.100.102.1.5.2.3.1.3,column,Counter64,read-only,"Number of input IP datagrams received, including those received in error. This object counts the same datagrams as InReceives, but allows for larger v"
ML540M-IP-MIB,ml540mIpStatisticsInterfacesIpv6InOctets,1.3.6.1.4.1.5468.100.102.1.5.2.3.1.4,column,Unsigned32,read-only,"Number of octets received in input IP datagrams, including those received in error. Octets from datagrams counted in InReceives must be counted here. "
ML540M-IP-MIB,ml540mIpStatisticsInterfacesIpv6HCInOctets,1.3.6.1.4.1.5468.100.102.1.5.2.3.1.5,column,Counter64,read-only,"Number of octets received in input IP datagrams, including those received in error. This object counts the same octets as InOctets, but allows for a l"
ML540M-IP-MIB,ml540mIpStatisticsInterfacesIpv6InHdrErrors,1.3.6.1.4.1.5468.100.102.1.5.2.3.1.6,column,Unsigned32,read-only,"Number of input IP datagrams discarded due to errors in their IP headers, including version number mismatch, other format errors, hop count exceeded, "
ML540M-IP-MIB,ml540mIpStatisticsInterfacesIpv6InNoRoutes,1.3.6.1.4.1.5468.100.102.1.5.2.3.1.7,column,Unsigned32,read-only,Number of input IP datagrams discarded because no route could be found to transmit them to their destination. Discontinuities in the value of this cou
ML540M-IP-MIB,ml540mIpStatisticsInterfacesIpv6InAddrErrors,1.3.6.1.4.1.5468.100.102.1.5.2.3.1.8,column,Unsigned32,read-only,Number of input IP datagrams discarded because the IP address in their IP header's destination field was not a valid address to be received at this en
ML540M-IP-MIB,ml540mIpStatisticsInterfacesIpv6InUnknownProtos,1.3.6.1.4.1.5468.100.102.1.5.2.3.1.9,column,Unsigned32,read-only,Number of locally-addressed IP datagrams received successfully but discarded because of an unknown or unsupported protocol. When tracking interface st
ML540M-IP-MIB,ml540mIpStatisticsInterfacesIpv6InTruncatedPkts,1.3.6.1.4.1.5468.100.102.1.5.2.3.1.10,column,Unsigned32,read-only,Number of input IP datagrams discarded because the datagram frame didn't carry enough data. Discontinuities in the value of this counter may occur at 
ML540M-IP-MIB,ml540mIpStatisticsInterfacesIpv6InForwDatagrams,1.3.6.1.4.1.5468.100.102.1.5.2.3.1.11,column,Unsigned32,read-only,Number of input datagrams for which this entity was not their final IP destination and for which this entity attempted to find a route to forward them
ML540M-IP-MIB,ml540mIpStatisticsInterfacesIpv6HCInForwDatagrams,1.3.6.1.4.1.5468.100.102.1.5.2.3.1.12,column,Counter64,read-only,Number of input datagrams for which this entity was not their final IP destination and for which this entity attempted to find a route to forward them
ML540M-IP-MIB,ml540mIpStatisticsInterfacesIpv6ReasmReqds,1.3.6.1.4.1.5468.100.102.1.5.2.3.1.13,column,Unsigned32,read-only,"Number of IP fragments received that needed to be reassembled at this interface. When tracking interface statistics, the counter of the interface to w"
ML540M-IP-MIB,ml540mIpStatisticsInterfacesIpv6ReasmOKs,1.3.6.1.4.1.5468.100.102.1.5.2.3.1.14,column,Unsigned32,read-only,"Number of IP datagrams successfully reassembled. When tracking interface statistics, the counter of the interface to which these datagrams were addres"
ML540M-IP-MIB,ml540mIpStatisticsInterfacesIpv6ReasmFails,1.3.6.1.4.1.5468.100.102.1.5.2.3.1.15,column,Unsigned32,read-only,Number of failures detected by the IP re-assembly algorithm. Note: this is not necessarily a count of discarded IP fragments because some algorithms (
ML540M-IP-MIB,ml540mIpStatisticsInterfacesIpv6InDiscards,1.3.6.1.4.1.5468.100.102.1.5.2.3.1.16,column,Unsigned32,read-only,"Number of input IP datagrams for which no problems were encountered to prevent their continued processing, but were discarded. Note: this counter does"
ML540M-IP-MIB,ml540mIpStatisticsInterfacesIpv6InDelivers,1.3.6.1.4.1.5468.100.102.1.5.2.3.1.17,column,Unsigned32,read-only,"Number of datagrams successfully delivered to IP user-protocols (including ICMP). When tracking interface statistics, the counter of the interface to "
ML540M-IP-MIB,ml540mIpStatisticsInterfacesIpv6HCInDelivers,1.3.6.1.4.1.5468.100.102.1.5.2.3.1.18,column,Counter64,read-only,"Number of datagrams successfully delivered to IP user-protocols (including ICMP). This object counts the same packets as ipSystemStatsInDelivers, but "
ML540M-IP-MIB,ml540mIpStatisticsInterfacesIpv6OutRequests,1.3.6.1.4.1.5468.100.102.1.5.2.3.1.19,column,Unsigned32,read-only,Number of IP datagrams that local IP user-protocols (including ICMP) supplied to IP in requests for transmission. Note: this counter does not include 
ML540M-IP-MIB,ml540mIpStatisticsInterfacesIpv6HCOutRequests,1.3.6.1.4.1.5468.100.102.1.5.2.3.1.20,column,Counter64,read-only,Number of IP datagrams that local IP user-protocols (including ICMP) supplied to IP in requests for transmission. This object counts the same packets 
ML540M-IP-MIB,ml540mIpStatisticsInterfacesIpv6OutNoRoutes,1.3.6.1.4.1.5468.100.102.1.5.2.3.1.21,column,Unsigned32,read-only,Number of locally generated IP datagrams discarded because no route could be found to transmit them to their destination. Discontinuities in the value
ML540M-IP-MIB,ml540mIpStatisticsInterfacesIpv6OutForwDatagrams,1.3.6.1.4.1.5468.100.102.1.5.2.3.1.22,column,Unsigned32,read-only,Number of datagrams for which this entity was not their final IP destination and for which it was successful in finding a path to their final destinat
ML540M-IP-MIB,ml540mIpStatisticsInterfacesIpv6HCOutForwDatagrams,1.3.6.1.4.1.5468.100.102.1.5.2.3.1.23,column,Counter64,read-only,Number of datagrams for which this entity was not their final IP destination and for which it was successful in finding a path to their final destinat
ML540M-IP-MIB,ml540mIpStatisticsInterfacesIpv6OutDiscards,1.3.6.1.4.1.5468.100.102.1.5.2.3.1.24,column,Unsigned32,read-only,"Number of output IP datagrams for which no problem was encountered to prevent their transmission to their destination, but were discarded. Note: this "
ML540M-IP-MIB,ml540mIpStatisticsInterfacesIpv6OutFragReqds,1.3.6.1.4.1.5468.100.102.1.5.2.3.1.25,column,Unsigned32,read-only,"Number of IP datagrams that require fragmentation in order to be transmitted. When tracking interface statistics, the counter of the outgoing interfac"
ML540M-IP-MIB,ml540mIpStatisticsInterfacesIpv6OutFragOKs,1.3.6.1.4.1.5468.100.102.1.5.2.3.1.26,column,Unsigned32,read-only,"Number of IP datagrams that have been successfully fragmented. When tracking interface statistics, the counter of the outgoing interface is incremente"
ML540M-IP-MIB,ml540mIpStatisticsInterfacesIpv6OutFragFails,1.3.6.1.4.1.5468.100.102.1.5.2.3.1.27,column,Unsigned32,read-only,Number of IP datagrams that have been discarded because they needed to be fragmented but could not be. This includes IPv4 packets that have the DF bit
ML540M-IP-MIB,ml540mIpStatisticsInterfacesIpv6OutFragCreates,1.3.6.1.4.1.5468.100.102.1.5.2.3.1.28,column,Unsigned32,read-only,"Number of output datagram fragments that have been generated as a result of IP fragmentation. When tracking interface statistics, the counter of the o"
ML540M-IP-MIB,ml540mIpStatisticsInterfacesIpv6OutTransmits,1.3.6.1.4.1.5468.100.102.1.5.2.3.1.29,column,Unsigned32,read-only,Number of IP datagrams that this entity supplied to the lower layers for transmission. This includes datagrams generated locally and those forwarded b
ML540M-IP-MIB,ml540mIpStatisticsInterfacesIpv6HCOutTransmits,1.3.6.1.4.1.5468.100.102.1.5.2.3.1.30,column,Counter64,read-only,"Number of IP datagrams that this entity supplied to the lower layers for transmission. This object counts the same datagrams as OutTransmits, but allo"
ML540M-IP-MIB,ml540mIpStatisticsInterfacesIpv6OutOctets,1.3.6.1.4.1.5468.100.102.1.5.2.3.1.31,column,Unsigned32,read-only,Number of octets in IP datagrams delivered to the lower layers for transmission. Octets from datagrams counted in OutTransmits must be counted here. D
ML540M-IP-MIB,ml540mIpStatisticsInterfacesIpv6HCOutOctets,1.3.6.1.4.1.5468.100.102.1.5.2.3.1.32,column,Counter64,read-only,"Number of octets in IP datagrams delivered to the lower layers for transmission. This objects counts the same octets as OutOctets, but allows for larg"
ML540M-IP-MIB,ml540mIpStatisticsInterfacesIpv6InMcastPkts,1.3.6.1.4.1.5468.100.102.1.5.2.3.1.33,column,Unsigned32,read-only,"Number of IP multicast datagrams received. Discontinuities in the value of this counter may occur at re-initialization of the system, and at other tim"
ML540M-IP-MIB,ml540mIpStatisticsInterfacesIpv6HCInMcastPkts,1.3.6.1.4.1.5468.100.102.1.5.2.3.1.34,column,Counter64,read-only,Number of IP multicast datagrams received. This object counts the same datagrams as InMcastPkts but allows for larger values. Discontinuities in the v
ML540M-IP-MIB,ml540mIpStatisticsInterfacesIpv6InMcastOctets,1.3.6.1.4.1.5468.100.102.1.5.2.3.1.35,column,Unsigned32,read-only,Number of octets received in IP multicast datagrams. Octets from datagrams counted in InMcastPkts MUST be counted here. Discontinuities in the value o
ML540M-IP-MIB,ml540mIpStatisticsInterfacesIpv6HCInMcastOctets,1.3.6.1.4.1.5468.100.102.1.5.2.3.1.36,column,Counter64,read-only,"Number of octets received in IP multicast datagrams. This object counts the same octets as InMcastOctets, but allows for larger values. Discontinuitie"
ML540M-IP-MIB,ml540mIpStatisticsInterfacesIpv6OutMcastPkts,1.3.6.1.4.1.5468.100.102.1.5.2.3.1.37,column,Unsigned32,read-only,"Number of IP multicast datagrams transmitted. Discontinuities in the value of this counter may occur at re-initialization of the system, and at other "
ML540M-IP-MIB,ml540mIpStatisticsInterfacesIpv6HCOutMcastPkts,1.3.6.1.4.1.5468.100.102.1.5.2.3.1.38,column,Counter64,read-only,"Number of IP multicast datagrams transmitted. This object counts the same datagrams as OutMcastPkts, but allows for larger values. Discontinuities in "
ML540M-IP-MIB,ml540mIpStatisticsInterfacesIpv6OutMcastOctets,1.3.6.1.4.1.5468.100.102.1.5.2.3.1.39,column,Unsigned32,read-only,Number of octets transmitted in IP multicast datagrams. Octets from datagrams counted in OutMcastPkts must be counted here. Discontinuities in the val
ML540M-IP-MIB,ml540mIpStatisticsInterfacesIpv6HCOutMcastOctets,1.3.6.1.4.1.5468.100.102.1.5.2.3.1.40,column,Counter64,read-only,"Number of octets transmitted in IP multicast datagrams. This object counts the same octets as OutMcastOctets, but allows for larger values. Discontinu"
ML540M-IP-MIB,ml540mIpStatisticsInterfacesIpv6InBcastPkts,1.3.6.1.4.1.5468.100.102.1.5.2.3.1.41,column,Unsigned32,read-only,"Number of IP broadcast datagrams received. Discontinuities in the value of this counter may occur at re-initialization of the system, and at other tim"
ML540M-IP-MIB,ml540mIpStatisticsInterfacesIpv6HCInBcastPkts,1.3.6.1.4.1.5468.100.102.1.5.2.3.1.42,column,Counter64,read-only,Number of IP broadcast datagrams received. This object counts the same datagrams as InBcastPkts but allows for larger values. Discontinuities in the v
ML540M-IP-MIB,ml540mIpStatisticsInterfacesIpv6OutBcastPkts,1.3.6.1.4.1.5468.100.102.1.5.2.3.1.43,column,Unsigned32,read-only,"Number of IP broadcast datagrams transmitted. Discontinuities in the value of this counter may occur at re-initialization of the system, and at other "
ML540M-IP-MIB,ml540mIpStatisticsInterfacesIpv6HCOutBcastPkts,1.3.6.1.4.1.5468.100.102.1.5.2.3.1.44,column,Counter64,read-only,"Number of IP broadcast datagrams transmitted. This object counts the same datagrams as OutBcastPkts, but allows for larger values. Discontinuities in "
ML540M-IP-MIB,ml540mIpStatisticsInterfacesIpv6DiscontinuityTime,1.3.6.1.4.1.5468.100.102.1.5.2.3.1.45,column,Counter64,read-only,Value of sysUpTime on the most recent occasion when any one or more of this entry's counters suffered a discontinuity. If no such discontinuities have
ML540M-IP-MIB,ml540mIpStatisticsInterfacesIpv6RefreshRate,1.3.6.1.4.1.5468.100.102.1.5.2.3.1.46,column,Unsigned32,read-only,The minimum reasonable polling interval for this entry. This object provides an indication of the minimum amount of time required to update the counte
ML540M-GVRP-MIB,ml540mGvrpConfigGlobalGlobalEnable,1.3.6.1.4.1.5468.100.89.1.2.1.1,scalar,TruthValue,read-write,Global enabling of GVRP protocol.
ML540M-GVRP-MIB,ml540mGvrpConfigGlobalJoinTimer,1.3.6.1.4.1.5468.100.89.1.2.1.2,scalar,Integer32 (1..20),read-write,"Join-time protocol parameter. Range [1,20] centi seconds."
ML540M-GVRP-MIB,ml540mGvrpConfigGlobalLeaveTimer,1.3.6.1.4.1.5468.100.89.1.2.1.3,scalar,Integer32 (60..300),read-write,"Leave-time protocol parameter. Range [60,300] centi seconds."
ML540M-GVRP-MIB,ml540mGvrpConfigGlobalLeaveAllTimer,1.3.6.1.4.1.5468.100.89.1.2.1.4,scalar,Integer32 (1000..5000),read-write,"Leave-all-time protocol parameter. Range [1000,5000] centi seconds."
ML540M-GVRP-MIB,ml540mGvrpConfigGlobalMaxVlans,1.3.6.1.4.1.5468.100.89.1.2.1.5,scalar,Integer32 (1..4094),read-write,"Maximum of VLANs simultaniously supported by GVRP. Range [1,4094]. Setting this attribute will fail, if GVRP is globally enabled *and* the new value i"
ML540M-GVRP-MIB,ml540mGvrpConfigPortPortId,1.3.6.1.4.1.5468.100.89.1.2.2.1.1,column,Integer32 (0..32767),not-accessible,-
ML540M-GVRP-MIB,ml540mGvrpConfigPortPortEnable,1.3.6.1.4.1.5468.100.89.1.2.2.1.2,column,TruthValue,read-write,The GVRP enable state of port.
