MIB Module,Object Name,OID,Kind,Syntax,Access,Description
ML540M-QOS-MIB,ml540mQosCapabilitiesClassMin,1.3.6.1.4.1.5468.100.14.1.1.1,scalar,Unsigned32,read-only,Minimum allowed QoS class.
ML540M-QOS-MIB,ml540mQosCapabilitiesClassMax,1.3.6.1.4.1.5468.100.14.1.1.2,scalar,Unsigned32,read-only,Maximum allowed QoS class.
ML540M-QOS-MIB,ml540mQosCapabilitiesDplMin,1.3.6.1.4.1.5468.100.14.1.1.3,scalar,VTSSUnsigned8,read-only,Minimum allowed drop precedence level.
ML540M-QOS-MIB,ml540mQosCapabilitiesDplMax,1.3.6.1.4.1.5468.100.14.1.1.4,scalar,VTSSUnsigned8,read-only,Maximum allowed drop precedence level.
ML540M-QOS-MIB,ml540mQosCapabilitiesWredGroupMin,1.3.6.1.4.1.5468.100.14.1.1.5,scalar,Unsigned32,read-only,Minimum allowed WRED group number.
ML540M-QOS-MIB,ml540mQosCapabilitiesWredGroupMax,1.3.6.1.4.1.5468.100.14.1.1.6,scalar,Unsigned32,read-only,Maximum allowed WRED group number.
ML540M-QOS-MIB,ml540mQosCapabilitiesWredDplMin,1.3.6.1.4.1.5468.100.14.1.1.7,scalar,VTSSUnsigned8,read-only,Minimum allowed WRED drop precedence level.
ML540M-QOS-MIB,ml540mQosCapabilitiesWredDplMax,1.3.6.1.4.1.5468.100.14.1.1.8,scalar,VTSSUnsigned8,read-only,Maximum allowed WRED drop precedence level.
ML540M-QOS-MIB,ml540mQosCapabilitiesQceIdMin,1.3.6.1.4.1.5468.100.14.1.1.9,scalar,Unsigned32,read-only,Minimum allowed QCE Id.
ML540M-QOS-MIB,ml540mQosCapabilitiesQceIdMax,1.3.6.1.4.1.5468.100.14.1.1.10,scalar,Unsigned32,read-only,Maximum allowed QCE Id.
ML540M-QOS-MIB,ml540mQosCapabilitiesPortPolicerBitRateMin,1.3.6.1.4.1.5468.100.14.1.1.11,scalar,Unsigned32,read-only,Minimum supported bit rate in kbps for port policers using bit rate mode.
ML540M-QOS-MIB,ml540mQosCapabilitiesPortPolicerBitRateMax,1.3.6.1.4.1.5468.100.14.1.1.12,scalar,Unsigned32,read-only,"Maximum supported bit rate in kbps for port policers using bit rate mode. If zero, the port policers does not support bit rate mode."
ML540M-QOS-MIB,ml540mQosCapabilitiesPortPolicerBitBurstMin,1.3.6.1.4.1.5468.100.14.1.1.13,scalar,Unsigned32,read-only,Minimum supported burst size in bytes for port policers using bit rate mode.
ML540M-QOS-MIB,ml540mQosCapabilitiesPortPolicerBitBurstMax,1.3.6.1.4.1.5468.100.14.1.1.14,scalar,Unsigned32,read-only,Maximum supported burst size in bytes for port policers using bit rate mode.
ML540M-QOS-MIB,ml540mQosCapabilitiesPortPolicerFrameRateMin,1.3.6.1.4.1.5468.100.14.1.1.15,scalar,Unsigned32,read-only,Minimum supported frame rate in fps for port policers using frame rate mode.
ML540M-QOS-MIB,ml540mQosCapabilitiesPortPolicerFrameRateMax,1.3.6.1.4.1.5468.100.14.1.1.16,scalar,Unsigned32,read-only,"Maximum supported frame rate in fps for port policers using frame rate mode. If zero, the port policers does not support frame rate mode."
ML540M-QOS-MIB,ml540mQosCapabilitiesPortPolicerFrameBurstMin,1.3.6.1.4.1.5468.100.14.1.1.17,scalar,Unsigned32,read-only,Minimum supported burst size in frames for port policers using frame rate mode.
ML540M-QOS-MIB,ml540mQosCapabilitiesPortPolicerFrameBurstMax,1.3.6.1.4.1.5468.100.14.1.1.18,scalar,Unsigned32,read-only,Maximum supported burst size in frames for port policers using frame rate mode.
ML540M-QOS-MIB,ml540mQosCapabilitiesQueuePolicerBitRateMin,1.3.6.1.4.1.5468.100.14.1.1.19,scalar,Unsigned32,read-only,Minimum supported bit rate in kbps for queue policers using bit rate mode.
ML540M-QOS-MIB,ml540mQosCapabilitiesQueuePolicerBitRateMax,1.3.6.1.4.1.5468.100.14.1.1.20,scalar,Unsigned32,read-only,"Maximum supported bit rate in kbps for queue policers using bit rate mode. If zero, the queue policers does not support bit rate mode."
ML540M-QOS-MIB,ml540mQosCapabilitiesQueuePolicerBitBurstMin,1.3.6.1.4.1.5468.100.14.1.1.21,scalar,Unsigned32,read-only,Minimum supported burst size in bytes for queue policers using bit rate mode.
ML540M-QOS-MIB,ml540mQosCapabilitiesQueuePolicerBitBurstMax,1.3.6.1.4.1.5468.100.14.1.1.22,scalar,Unsigned32,read-only,Maximum supported burst size in bytes for queue policers using bit rate mode.
ML540M-QOS-MIB,ml540mQosCapabilitiesQueuePolicerFrameRateMin,1.3.6.1.4.1.5468.100.14.1.1.23,scalar,Unsigned32,read-only,Minimum supported frame rate in fps for queue policers using frame rate mode.
ML540M-QOS-MIB,ml540mQosCapabilitiesQueuePolicerFrameRateMax,1.3.6.1.4.1.5468.100.14.1.1.24,scalar,Unsigned32,read-only,"Maximum supported frame rate in fps for queue policers using frame rate mode. If zero, the port policers does not support frame rate mode."
ML540M-QOS-MIB,ml540mQosCapabilitiesQueuePolicerFrameBurstMin,1.3.6.1.4.1.5468.100.14.1.1.25,scalar,Unsigned32,read-only,Minimum supported burst size in frames for queue policers using frame rate mode.
ML540M-QOS-MIB,ml540mQosCapabilitiesQueuePolicerFrameBurstMax,1.3.6.1.4.1.5468.100.14.1.1.26,scalar,Unsigned32,read-only,Maximum supported burst size in frames for queue policers using frame rate mode.
ML540M-QOS-MIB,ml540mQosCapabilitiesPortShaperBitRateMin,1.3.6.1.4.1.5468.100.14.1.1.27,scalar,Unsigned32,read-only,Minimum supported bit rate in kbps for port shapers using bit rate mode.
ML540M-QOS-MIB,ml540mQosCapabilitiesPortShaperBitRateMax,1.3.6.1.4.1.5468.100.14.1.1.28,scalar,Unsigned32,read-only,"Maximum supported bit rate in kbps for port shapers using bit rate mode. If zero, the port shapers does not support bit rate mode."
ML540M-QOS-MIB,ml540mQosCapabilitiesPortShaperBitBurstMin,1.3.6.1.4.1.5468.100.14.1.1.29,scalar,Unsigned32,read-only,Minimum supported burst size in bytes for port shapers using bit rate mode.
ML540M-QOS-MIB,ml540mQosCapabilitiesPortShaperBitBurstMax,1.3.6.1.4.1.5468.100.14.1.1.30,scalar,Unsigned32,read-only,Maximum supported burst size in bytes for port shapers using bit rate mode.
ML540M-QOS-MIB,ml540mQosCapabilitiesPortShaperFrameRateMin,1.3.6.1.4.1.5468.100.14.1.1.31,scalar,Unsigned32,read-only,Minimum supported frame rate in fps for port shapers using frame rate mode.
ML540M-QOS-MIB,ml540mQosCapabilitiesPortShaperFrameRateMax,1.3.6.1.4.1.5468.100.14.1.1.32,scalar,Unsigned32,read-only,"Maximum supported frame rate in fps for port shapers using frame rate mode. If zero, the port shapers does not support frame rate mode."
ML540M-QOS-MIB,ml540mQosCapabilitiesPortShaperFrameBurstMin,1.3.6.1.4.1.5468.100.14.1.1.33,scalar,Unsigned32,read-only,Minimum supported burst size in frames for port shapers using frame rate mode.
ML540M-QOS-MIB,ml540mQosCapabilitiesPortShaperFrameBurstMax,1.3.6.1.4.1.5468.100.14.1.1.34,scalar,Unsigned32,read-only,Maximum supported burst size in frames for port shapers using frame rate mode.
ML540M-QOS-MIB,ml540mQosCapabilitiesQueueShaperBitRateMin,1.3.6.1.4.1.5468.100.14.1.1.35,scalar,Unsigned32,read-only,Minimum supported bit rate in kbps for queue shapers using bit rate mode.
ML540M-QOS-MIB,ml540mQosCapabilitiesQueueShaperBitRateMax,1.3.6.1.4.1.5468.100.14.1.1.36,scalar,Unsigned32,read-only,"Maximum supported bit rate in kbps for queue shapers using bit rate mode. If zero, the queue shapers does not support bit rate mode."
ML540M-QOS-MIB,ml540mQosCapabilitiesQueueShaperBitBurstMin,1.3.6.1.4.1.5468.100.14.1.1.37,scalar,Unsigned32,read-only,Minimum supported burst size in bytes for queue shapers using bit rate mode.
ML540M-QOS-MIB,ml540mQosCapabilitiesQueueShaperBitBurstMax,1.3.6.1.4.1.5468.100.14.1.1.38,scalar,Unsigned32,read-only,Maximum supported burst size in bytes for queue shapers using bit rate mode.
ML540M-QOS-MIB,ml540mQosCapabilitiesQueueShaperFrameRateMin,1.3.6.1.4.1.5468.100.14.1.1.39,scalar,Unsigned32,read-only,Minimum supported frame rate in fps for queue shapers using frame rate mode.
ML540M-QOS-MIB,ml540mQosCapabilitiesQueueShaperFrameRateMax,1.3.6.1.4.1.5468.100.14.1.1.40,scalar,Unsigned32,read-only,"Maximum supported frame rate in fps for queue shapers using frame rate mode. If zero, the port shapers does not support frame rate mode."
ML540M-QOS-MIB,ml540mQosCapabilitiesQueueShaperFrameBurstMin,1.3.6.1.4.1.5468.100.14.1.1.41,scalar,Unsigned32,read-only,Minimum supported burst size in frames for queue shapers using frame rate mode.
ML540M-QOS-MIB,ml540mQosCapabilitiesQueueShaperFrameBurstMax,1.3.6.1.4.1.5468.100.14.1.1.42,scalar,Unsigned32,read-only,Maximum supported burst size in frames for queue shapers using frame rate mode.
ML540M-QOS-MIB,ml540mQosCapabilitiesGlobalStormBitRateMin,1.3.6.1.4.1.5468.100.14.1.1.43,scalar,Unsigned32,read-only,Minimum supported bit rate in kbps for global storm policers using bit rate mode.
ML540M-QOS-MIB,ml540mQosCapabilitiesGlobalStormBitRateMax,1.3.6.1.4.1.5468.100.14.1.1.44,scalar,Unsigned32,read-only,"Maximum supported bit rate in kbps for global storm policers using bit rate mode. If zero, the global storm policers does not support bit rate mode."
ML540M-QOS-MIB,ml540mQosCapabilitiesGlobalStormBitBurstMin,1.3.6.1.4.1.5468.100.14.1.1.45,scalar,Unsigned32,read-only,Minimum supported burst size in bytes for global storm policers using bit rate mode.
ML540M-QOS-MIB,ml540mQosCapabilitiesGlobalStormBitBurstMax,1.3.6.1.4.1.5468.100.14.1.1.46,scalar,Unsigned32,read-only,Maximum supported burst size in bytes for global storm policers using bit rate mode.
ML540M-QOS-MIB,ml540mQosCapabilitiesGlobalStormFrameRateMin,1.3.6.1.4.1.5468.100.14.1.1.47,scalar,Unsigned32,read-only,Minimum supported frame rate in fps for global storm policers using frame rate mode.
ML540M-QOS-MIB,ml540mQosCapabilitiesGlobalStormFrameRateMax,1.3.6.1.4.1.5468.100.14.1.1.48,scalar,Unsigned32,read-only,"Maximum supported frame rate in fps for global storm policers using frame rate mode. If zero, the global storm policers does not support frame rate mo"
ML540M-QOS-MIB,ml540mQosCapabilitiesGlobalStormFrameBurstMin,1.3.6.1.4.1.5468.100.14.1.1.49,scalar,Unsigned32,read-only,Minimum supported burst size in frames for global storm policers using frame rate mode.
ML540M-QOS-MIB,ml540mQosCapabilitiesGlobalStormFrameBurstMax,1.3.6.1.4.1.5468.100.14.1.1.50,scalar,Unsigned32,read-only,Maximum supported burst size in frames for global storm policers using frame rate mode.
ML540M-QOS-MIB,ml540mQosCapabilitiesPortStormBitRateMin,1.3.6.1.4.1.5468.100.14.1.1.51,scalar,Unsigned32,read-only,Minimum supported bit rate in kbps for port storm policers using bit rate mode.
ML540M-QOS-MIB,ml540mQosCapabilitiesPortStormBitRateMax,1.3.6.1.4.1.5468.100.14.1.1.52,scalar,Unsigned32,read-only,"Maximum supported bit rate in kbps for port storm policers using bit rate mode. If zero, the port storm policers does not support bit rate mode."
ML540M-QOS-MIB,ml540mQosCapabilitiesPortStormBitBurstMin,1.3.6.1.4.1.5468.100.14.1.1.53,scalar,Unsigned32,read-only,Minimum supported burst size in bytes for port storm policers using bit rate mode.
ML540M-QOS-MIB,ml540mQosCapabilitiesPortStormBitBurstMax,1.3.6.1.4.1.5468.100.14.1.1.54,scalar,Unsigned32,read-only,Maximum supported burst size in bytes for port storm policers using bit rate mode.
ML540M-QOS-MIB,ml540mQosCapabilitiesPortStormFrameRateMin,1.3.6.1.4.1.5468.100.14.1.1.55,scalar,Unsigned32,read-only,Minimum supported frame rate in fps for port storm policers using frame rate mode.
ML540M-QOS-MIB,ml540mQosCapabilitiesPortStormFrameRateMax,1.3.6.1.4.1.5468.100.14.1.1.56,scalar,Unsigned32,read-only,"Maximum supported frame rate in fps for port storm policers using frame rate mode. If zero, the port storm policers does not support frame rate mode."
ML540M-QOS-MIB,ml540mQosCapabilitiesPortStormFrameBurstMin,1.3.6.1.4.1.5468.100.14.1.1.57,scalar,Unsigned32,read-only,Minimum supported burst size in frames for port storm policers using frame rate mode.
ML540M-QOS-MIB,ml540mQosCapabilitiesPortStormFrameBurstMax,1.3.6.1.4.1.5468.100.14.1.1.58,scalar,Unsigned32,read-only,Maximum supported burst size in frames for port storm policers using frame rate mode.
ML540M-QOS-MIB,ml540mQosCapabilitiesDwrrCountMask,1.3.6.1.4.1.5468.100.14.1.1.101,scalar,Unsigned32,read-only,A bitmask used to show allowed values of DwrrCount (zero is always allowed). Example: 00100000 (0x20): Allowed values are 0 and 6 11111110 (0xFE): All
ML540M-QOS-MIB,ml540mQosCapabilitiesHasGlobalStormPolicers,1.3.6.1.4.1.5468.100.14.1.1.201,scalar,TruthValue,read-only,"If true, the platform supports global storm policers."
ML540M-QOS-MIB,ml540mQosCapabilitiesHasPortStormPolicers,1.3.6.1.4.1.5468.100.14.1.1.202,scalar,TruthValue,read-only,"If true, the platform supports per port storm policers."
ML540M-QOS-MIB,ml540mQosCapabilitiesHasPortQueuePolicers,1.3.6.1.4.1.5468.100.14.1.1.203,scalar,TruthValue,read-only,"If true, the platform supports per port queue policers."
ML540M-QOS-MIB,ml540mQosCapabilitiesHasWredV1,1.3.6.1.4.1.5468.100.14.1.1.204,scalar,TruthValue,read-only,"If true, the platform supports WRED version 1."
ML540M-QOS-MIB,ml540mQosCapabilitiesHasWredV2,1.3.6.1.4.1.5468.100.14.1.1.205,scalar,TruthValue,read-only,"If true, the platform supports WRED version 2."
ML540M-QOS-MIB,ml540mQosCapabilitiesHasFixedTagCosMap,1.3.6.1.4.1.5468.100.14.1.1.206,scalar,TruthValue,read-only,"If true, the platform supports fixed tag to cos mapping only."
ML540M-QOS-MIB,ml540mQosCapabilitiesHasTagClassification,1.3.6.1.4.1.5468.100.14.1.1.207,scalar,TruthValue,read-only,"If true, the platform supports using VLAN tag for classification."
ML540M-QOS-MIB,ml540mQosCapabilitiesHasTagRemarking,1.3.6.1.4.1.5468.100.14.1.1.208,scalar,TruthValue,read-only,"If true, the platform supports VLAN tag remarking."
ML540M-QOS-MIB,ml540mQosCapabilitiesHasDscp,1.3.6.1.4.1.5468.100.14.1.1.209,scalar,TruthValue,read-only,"If true, the platform supports DSCP translation and remarking."
ML540M-QOS-MIB,ml540mQosCapabilitiesHasDscpDplClassification,1.3.6.1.4.1.5468.100.14.1.1.210,scalar,TruthValue,read-only,"If true, the platform supports DPL based DSCP classification."
ML540M-QOS-MIB,ml540mQosCapabilitiesHasDscpDplRemarking,1.3.6.1.4.1.5468.100.14.1.1.211,scalar,TruthValue,read-only,"If true, the platform supports DPL based DSCP remarking."
ML540M-QOS-MIB,ml540mQosCapabilitiesHasPortPolicersFc,1.3.6.1.4.1.5468.100.14.1.1.212,scalar,TruthValue,read-only,"If true, the platform supports flow control in port policers."
ML540M-QOS-MIB,ml540mQosCapabilitiesHasQueuePolicersFc,1.3.6.1.4.1.5468.100.14.1.1.213,scalar,TruthValue,read-only,"If true, the platform supports flow control in queue policers."
ML540M-QOS-MIB,ml540mQosCapabilitiesHasPortShapersDlb,1.3.6.1.4.1.5468.100.14.1.1.214,scalar,TruthValue,read-only,"If true, the platform supports dual leaky bucket egress port shapers."
ML540M-QOS-MIB,ml540mQosCapabilitiesHasQueueShapersDlb,1.3.6.1.4.1.5468.100.14.1.1.215,scalar,TruthValue,read-only,"If true, the platform supports dual leaky bucket egress queue shapers."
ML540M-QOS-MIB,ml540mQosCapabilitiesHasQueueShapersExcess,1.3.6.1.4.1.5468.100.14.1.1.216,scalar,TruthValue,read-only,"If true, the platform supports excess bandwidth in egress queue shapers."
ML540M-QOS-MIB,ml540mQosCapabilitiesHasWredV3,1.3.6.1.4.1.5468.100.14.1.1.217,scalar,TruthValue,read-only,"If true, the platform supports WRED version 3."
ML540M-QOS-MIB,ml540mQosCapabilitiesHasQce,1.3.6.1.4.1.5468.100.14.1.1.301,scalar,TruthValue,read-only,"If true, the platform supports QCEs."
ML540M-QOS-MIB,ml540mQosCapabilitiesHasQceAddressMode,1.3.6.1.4.1.5468.100.14.1.1.302,scalar,TruthValue,read-only,"If true, the platform supports QCE address mode."
ML540M-QOS-MIB,ml540mQosCapabilitiesHasQceKeyType,1.3.6.1.4.1.5468.100.14.1.1.303,scalar,TruthValue,read-only,"If true, the platform supports QCE key type."
ML540M-QOS-MIB,ml540mQosCapabilitiesHasQceMacOui,1.3.6.1.4.1.5468.100.14.1.1.304,scalar,TruthValue,read-only,"If true, the platform supports QCE MAC OUI part only (24 most significant bits)."
ML540M-QOS-MIB,ml540mQosCapabilitiesHasQceDmac,1.3.6.1.4.1.5468.100.14.1.1.305,scalar,TruthValue,read-only,"If true, the platform supports QCE destination MAC keys."
ML540M-QOS-MIB,ml540mQosCapabilitiesHasQceDip,1.3.6.1.4.1.5468.100.14.1.1.306,scalar,TruthValue,read-only,"If true, the platform supports QCE destination IP keys."
ML540M-QOS-MIB,ml540mQosCapabilitiesHasQceCTag,1.3.6.1.4.1.5468.100.14.1.1.307,scalar,TruthValue,read-only,"If true, the platform supports QCE VLAN C-TAG keys."
ML540M-QOS-MIB,ml540mQosCapabilitiesHasQceSTag,1.3.6.1.4.1.5468.100.14.1.1.308,scalar,TruthValue,read-only,"If true, the platform supports QCE VLAN S-TAG keys."
ML540M-QOS-MIB,ml540mQosCapabilitiesHasQceInnerTag,1.3.6.1.4.1.5468.100.14.1.1.309,scalar,TruthValue,read-only,"If true, the platform supports QCE inner VLAN tag keys."
ML540M-QOS-MIB,ml540mQosCapabilitiesHasQceActionPcpDei,1.3.6.1.4.1.5468.100.14.1.1.310,scalar,TruthValue,read-only,"If true, the platform supports QCE PCP and DEI actions."
ML540M-QOS-MIB,ml540mQosCapabilitiesHasQceActionPolicy,1.3.6.1.4.1.5468.100.14.1.1.311,scalar,TruthValue,read-only,"If true, the platform supports QCE policy actions."
ML540M-QOS-MIB,ml540mQosCapabilitiesHasShapersRt,1.3.6.1.4.1.5468.100.14.1.1.312,scalar,TruthValue,read-only,"If true, the platform supports rate-type configurable egress shapers."
ML540M-QOS-MIB,ml540mQosConfigGlobalsStormPolicersUnicastEnable,1.3.6.1.4.1.5468.100.14.1.2.1.1.1.1,scalar,TruthValue,read-write,"If true, the storm policer is enabled. This object is only valid if QosCapabilitiesHasGlobalStormPolicers is true."
ML540M-QOS-MIB,ml540mQosConfigGlobalsStormPolicersUnicastRate,1.3.6.1.4.1.5468.100.14.1.2.1.1.1.2,scalar,Unsigned32,read-write,Configure the storm policer rate. Valid range is from the smallest value of QosCapabilitiesGlobalStormBitRateMin and QosCapabilitiesGlobalStormFrameRa
ML540M-QOS-MIB,ml540mQosConfigGlobalsStormPolicersUnicastFrameRate,1.3.6.1.4.1.5468.100.14.1.2.1.1.1.3,scalar,TruthValue,read-write,"If true, the rate is measured in fps instead of kbps. fps (FrameRate == TRUE) is only valid if QosCapabilitiesGlobalStormFrameRateMax is non-zero. kbp"
ML540M-QOS-MIB,ml540mQosConfigGlobalsStormPolicersMulticastEnable,1.3.6.1.4.1.5468.100.14.1.2.1.1.2.1,scalar,TruthValue,read-write,"If true, the storm policer is enabled. This object is only valid if QosCapabilitiesHasGlobalStormPolicers is true."
ML540M-QOS-MIB,ml540mQosConfigGlobalsStormPolicersMulticastRate,1.3.6.1.4.1.5468.100.14.1.2.1.1.2.2,scalar,Unsigned32,read-write,Configure the storm policer rate. Valid range is from the smallest value of QosCapabilitiesGlobalStormBitRateMin and QosCapabilitiesGlobalStormFrameRa
ML540M-QOS-MIB,ml540mQosConfigGlobalsStormPolicersMulticastFrameRate,1.3.6.1.4.1.5468.100.14.1.2.1.1.2.3,scalar,TruthValue,read-write,"If true, the rate is measured in fps instead of kbps. fps (FrameRate == TRUE) is only valid if QosCapabilitiesGlobalStormFrameRateMax is non-zero. kbp"
ML540M-QOS-MIB,ml540mQosConfigGlobalsStormPolicersBroadcastEnable,1.3.6.1.4.1.5468.100.14.1.2.1.1.3.1,scalar,TruthValue,read-write,"If true, the storm policer is enabled. This object is only valid if QosCapabilitiesHasGlobalStormPolicers is true."
ML540M-QOS-MIB,ml540mQosConfigGlobalsStormPolicersBroadcastRate,1.3.6.1.4.1.5468.100.14.1.2.1.1.3.2,scalar,Unsigned32,read-write,Configure the storm policer rate. Valid range is from the smallest value of QosCapabilitiesGlobalStormBitRateMin and QosCapabilitiesGlobalStormFrameRa
ML540M-QOS-MIB,ml540mQosConfigGlobalsStormPolicersBroadcastFrameRate,1.3.6.1.4.1.5468.100.14.1.2.1.1.3.3,scalar,TruthValue,read-write,"If true, the rate is measured in fps instead of kbps. fps (FrameRate == TRUE) is only valid if QosCapabilitiesGlobalStormFrameRateMax is non-zero. kbp"
ML540M-QOS-MIB,ml540mQosConfigGlobalsWredGroup,1.3.6.1.4.1.5468.100.14.1.2.1.2.1.1,column,Integer32 (1..3),not-accessible,WRED group index.
ML540M-QOS-MIB,ml540mQosConfigGlobalsWredQueue,1.3.6.1.4.1.5468.100.14.1.2.1.2.1.2,column,Integer32 (0..7),not-accessible,Queue index.
ML540M-QOS-MIB,ml540mQosConfigGlobalsWredDpl,1.3.6.1.4.1.5468.100.14.1.2.1.2.1.3,column,Integer32 (0..3),not-accessible,DPL index.
ML540M-QOS-MIB,ml540mQosConfigGlobalsWredEnable,1.3.6.1.4.1.5468.100.14.1.2.1.2.1.4,column,TruthValue,read-write,"If true, RED is enabled for this queue."
ML540M-QOS-MIB,ml540mQosConfigGlobalsWredMinimumFillLevel,1.3.6.1.4.1.5468.100.14.1.2.1.2.1.5,column,VTSSPercent,read-write,"Controls the lower RED fill level threshold in percent of the whole queue. If the queue filling level is below this threshold, the drop probability is"
ML540M-QOS-MIB,ml540mQosConfigGlobalsWredMaximum,1.3.6.1.4.1.5468.100.14.1.2.1.2.1.6,column,VTSSPercent,read-write,Controls the upper RED drop probability or fill level threshold for frames marked with Drop Precedence Level 1 (yellow frames). Valid range is 1-100. 
ML540M-QOS-MIB,ml540mQosConfigGlobalsWredMaxSelector,1.3.6.1.4.1.5468.100.14.1.2.1.2.1.7,column,VTSSQosWredMaxSelector,read-write,Selects whether 'Maximum' controls 'Maximum Drop Probability' or 'Maximum Fill Level'. This object is only valid if QosCapabilitiesHasWredV2 or QosCap
ML540M-QOS-MIB,ml540mQosConfigGlobalsWredMaximumDp1,1.3.6.1.4.1.5468.100.14.1.2.1.2.1.8,column,VTSSPercent,read-write,Controls the upper RED drop probability for frames marked with Drop Precedence Level 1 (yellow frames). Valid range is 0-100. This object is only vali
ML540M-QOS-MIB,ml540mQosConfigGlobalsWredMaximumDp2,1.3.6.1.4.1.5468.100.14.1.2.1.2.1.9,column,VTSSPercent,read-write,Controls the upper RED drop probability for frames marked with Drop Precedence Level 2 (yellow frames). Valid range is 0-100. This object is only vali
ML540M-QOS-MIB,ml540mQosConfigGlobalsWredMaximumDp3,1.3.6.1.4.1.5468.100.14.1.2.1.2.1.10,column,VTSSPercent,read-write,Controls the upper RED drop probability for frames marked with Drop Precedence Level 3 (yellow frames). Valid range is 0-100. This object is only vali
ML540M-QOS-MIB,ml540mQosConfigGlobalsDscpDscp,1.3.6.1.4.1.5468.100.14.1.2.1.3.1.1,column,Dscp,not-accessible,DSCP index.
ML540M-QOS-MIB,ml540mQosConfigGlobalsDscpTrust,1.3.6.1.4.1.5468.100.14.1.2.1.3.1.2,column,TruthValue,read-write,"If true, this DSCP value is trusted. Packets arriving on interfaces where 'TrustDscp' is enabled will be classified to the corresponding CoS and DPL i"
ML540M-QOS-MIB,ml540mQosConfigGlobalsDscpCos,1.3.6.1.4.1.5468.100.14.1.2.1.3.1.3,column,Unsigned32,read-write,The CoS value which the DSCP value maps to. Valid range is qosCapabilitiesClassMin-qosCapabilitiesClassMax.
ML540M-QOS-MIB,ml540mQosConfigGlobalsDscpDpl,1.3.6.1.4.1.5468.100.14.1.2.1.3.1.4,column,VTSSUnsigned8,read-write,The DPL (Drop Precedence Level) which the DSCP value maps to. Valid range is qosCapabilitiesDplMin-qosCapabilitiesDplMax.
ML540M-QOS-MIB,ml540mQosConfigGlobalsDscpIngressTranslation,1.3.6.1.4.1.5468.100.14.1.2.1.3.1.5,column,Dscp,read-write,The new classified DSCP value which the original DSCP value is replaced with if 'DscpTranslate' is enabled on the interface
ML540M-QOS-MIB,ml540mQosConfigGlobalsDscpClassify,1.3.6.1.4.1.5468.100.14.1.2.1.3.1.6,column,TruthValue,read-write,"If true, then packets received on interfaces where 'DscpClassify' is set to 'selected' will be classified to a new DSCP value based on the values conf"
ML540M-QOS-MIB,ml540mQosConfigGlobalsDscpEgressTranslation,1.3.6.1.4.1.5468.100.14.1.2.1.3.1.7,column,Dscp,read-write,The new DSCP value that will be written into the packet at egress if 'DscpRemark' on the interface is set to 'remap' or 'remap-dp'. If 'remap-dp' is s
ML540M-QOS-MIB,ml540mQosConfigGlobalsDscpEgressTranslationDp1,1.3.6.1.4.1.5468.100.14.1.2.1.3.1.8,column,Dscp,read-write,The new DSCP value that will be written into the packet at egress if 'DscpRemark' on the interface is set to 'remap-dp'. Only packets classified to Dp
ML540M-QOS-MIB,ml540mQosConfigGlobalsCosToDscpCos,1.3.6.1.4.1.5468.100.14.1.2.1.4.1.1,column,Integer32 (0..7),not-accessible,CoS index.
ML540M-QOS-MIB,ml540mQosConfigGlobalsCosToDscpDscp,1.3.6.1.4.1.5468.100.14.1.2.1.4.1.2,column,Dscp,read-write,If qosCapabilitiesHasDscpDplClassification is true: This is the DSCP value which the classified CoS value maps to when the classified DPL is 0. If qos
ML540M-QOS-MIB,ml540mQosConfigGlobalsCosToDscpDscpDp1,1.3.6.1.4.1.5468.100.14.1.2.1.4.1.3,column,Dscp,read-write,The DSCP value which the classified CoS value maps to when the classified DPL is 1. This object is only valid if QosCapabilitiesHasDscpDplClassificati
ML540M-QOS-MIB,ml540mQosConfigGlobalsCosToDscpDscpDp2,1.3.6.1.4.1.5468.100.14.1.2.1.4.1.4,column,Dscp,read-write,The DSCP value which the classified CoS value maps to when the classified DPL is 2. This object is only valid if QosCapabilitiesHasDscpDplClassificati
ML540M-QOS-MIB,ml540mQosConfigGlobalsCosToDscpDscpDp3,1.3.6.1.4.1.5468.100.14.1.2.1.4.1.5,column,Dscp,read-write,The DSCP value which the classified CoS value maps to when the classified DPL is 3. This object is only valid if QosCapabilitiesHasDscpDplClassificati
ML540M-QOS-MIB,ml540mQosConfigInterfaceIfIndex,1.3.6.1.4.1.5468.100.14.1.2.2.1.1.1,column,VTSSInterfaceIndex,not-accessible,Logical interface index.
ML540M-QOS-MIB,ml540mQosConfigInterfaceCos,1.3.6.1.4.1.5468.100.14.1.2.2.1.1.2,column,Unsigned32,read-write,The default CoS value a packet is classified to. Valid range is qosCapabilitiesClassMin-qosCapabilitiesClassMax.
ML540M-QOS-MIB,ml540mQosConfigInterfaceDpl,1.3.6.1.4.1.5468.100.14.1.2.2.1.1.3,column,VTSSUnsigned8,read-write,The default DPL (Drop Precedence Level) a packet is classified to. Valid range is qosCapabilitiesDplMin-qosCapabilitiesDplMax.
ML540M-QOS-MIB,ml540mQosConfigInterfacePcp,1.3.6.1.4.1.5468.100.14.1.2.2.1.1.4,column,Unsigned32,read-write,The default PCP value a packet is classified to. Valid range is 0-7. This object is only valid if QosCapabilitiesHasFixedTagCosMap is false.
ML540M-QOS-MIB,ml540mQosConfigInterfaceDei,1.3.6.1.4.1.5468.100.14.1.2.2.1.1.5,column,VTSSUnsigned8,read-write,The default DEI value a packet is classified to. Valid range is 0-1. This object is only valid if QosCapabilitiesHasFixedTagCosMap is false.
ML540M-QOS-MIB,ml540mQosConfigInterfaceTrustTag,1.3.6.1.4.1.5468.100.14.1.2.2.1.1.6,column,TruthValue,read-write,"If true and the packet is VLAN tagged, then the CoS and DPL assigned to the packet is the PCP and DEI value in the packet mapped to a CoS and DPL valu"
ML540M-QOS-MIB,ml540mQosConfigInterfaceTrustDscp,1.3.6.1.4.1.5468.100.14.1.2.2.1.1.7,column,TruthValue,read-write,"If true and the packet type is IPv4 or IPv6 and the packet DSCP value is trusted in qosConfigGlobalsDscpTable, then the CoS and DPL assigned to the pa"
ML540M-QOS-MIB,ml540mQosConfigInterfaceDwrrCount,1.3.6.1.4.1.5468.100.14.1.2.2.1.1.8,column,VTSSUnsigned8,read-write,The number of queues that are running Deficit Weighted Round Robin scheduling. This value is restricted to 0 or one of the values defined by qosCapabi
ML540M-QOS-MIB,ml540mQosConfigInterfaceTagRemarkingMode,1.3.6.1.4.1.5468.100.14.1.2.2.1.1.9,column,VTSSQosTagRemarkingMode,read-write,Selects the tag remarking mode for egress. Valid values are: 'classified' : Remark the tag with the classified values of PCP and DEI. 'default' : Rema
ML540M-QOS-MIB,ml540mQosConfigInterfaceTagPcp,1.3.6.1.4.1.5468.100.14.1.2.2.1.1.10,column,Unsigned32,read-write,The PCP value to put in the packet if TagRemarkingMode is set to 'default'. Valid range is 0-7. This object is only valid if QosCapabilitiesHasTagRema
ML540M-QOS-MIB,ml540mQosConfigInterfaceTagDei,1.3.6.1.4.1.5468.100.14.1.2.2.1.1.11,column,VTSSUnsigned8,read-write,The DEI value to put in the packet if TagRemarkingMode is set to 'default'. Valid range is 0-1. This object is only valid if QosCapabilitiesHasTagRema
ML540M-QOS-MIB,ml540mQosConfigInterfaceDscpTranslate,1.3.6.1.4.1.5468.100.14.1.2.2.1.1.12,column,TruthValue,read-write,If true then the classified DSCP value is the DSCP value in the packed mapped to a new DSCP value defined in qosConfigGlobalsDscpTable.IngressTranslat
ML540M-QOS-MIB,ml540mQosConfigInterfaceDscpClassify,1.3.6.1.4.1.5468.100.14.1.2.2.1.1.13,column,VTSSQosDscpClassify,read-write,If qosCapabilitiesHasDscpDplClassification is true: Selects if and how the classified DSCP is based on the classified CoS and DPL for IPv4 and IPv6 pa
ML540M-QOS-MIB,ml540mQosConfigInterfaceDscpRemark,1.3.6.1.4.1.5468.100.14.1.2.2.1.1.14,column,VTSSQosDscpRemark,read-write,If qosCapabilitiesHasDscpDplRemarking is true: Selects if and how the classified DSCP is written into the packet at egress. Valid values are: 'disable
ML540M-QOS-MIB,ml540mQosConfigInterfaceQceAddressMode,1.3.6.1.4.1.5468.100.14.1.2.2.1.1.15,column,TruthValue,read-write,"If false, the QCE classification for this interface is based on source (SMAC/SIP) addresses. If true, the QCE classification for this interface is bas"
ML540M-QOS-MIB,ml540mQosConfigInterfaceQceKeyType,1.3.6.1.4.1.5468.100.14.1.2.2.1.1.16,column,VTSSVcapKeyType,read-write,"The key type specifying the key generated for packets received on the interface. Valid values are: 'normal' : Half key, match outer tag, SIP and SMAC."
ML540M-QOS-MIB,ml540mQosConfigInterfaceWredGroup,1.3.6.1.4.1.5468.100.14.1.2.2.1.1.17,column,Unsigned32,read-write,The WRED group an interface is a member of. This object is only valid if QosCapabilitiesHasWredV3 is true.
ML540M-QOS-MIB,ml540mQosConfigInterfaceTagToCosIfIndex,1.3.6.1.4.1.5468.100.14.1.2.2.2.1.1,column,VTSSInterfaceIndex,not-accessible,Logical interface index.
ML540M-QOS-MIB,ml540mQosConfigInterfaceTagToCosPcp,1.3.6.1.4.1.5468.100.14.1.2.2.2.1.2,column,Integer32 (0..7),not-accessible,PCP index.
ML540M-QOS-MIB,ml540mQosConfigInterfaceTagToCosDei,1.3.6.1.4.1.5468.100.14.1.2.2.2.1.3,column,Integer32 (0..1),not-accessible,DEI index.
ML540M-QOS-MIB,ml540mQosConfigInterfaceTagToCosCos,1.3.6.1.4.1.5468.100.14.1.2.2.2.1.4,column,Unsigned32,read-write,The CoS value which this entry maps to. Valid range is qosCapabilitiesClassMin-qosCapabilitiesClassMax.
ML540M-QOS-MIB,ml540mQosConfigInterfaceTagToCosDpl,1.3.6.1.4.1.5468.100.14.1.2.2.2.1.5,column,VTSSUnsigned8,read-write,The DPL (Drop Precedence Level) value which this entry maps to. Valid range is qosCapabilitiesDplMin-qosCapabilitiesDplMax.
ML540M-QOS-MIB,ml540mQosConfigInterfaceCosToTagIfIndex,1.3.6.1.4.1.5468.100.14.1.2.2.3.1.1,column,VTSSInterfaceIndex,not-accessible,Logical interface index.
ML540M-QOS-MIB,ml540mQosConfigInterfaceCosToTagCos,1.3.6.1.4.1.5468.100.14.1.2.2.3.1.2,column,Integer32 (0..7),not-accessible,CoS index.
ML540M-QOS-MIB,ml540mQosConfigInterfaceCosToTagDpl,1.3.6.1.4.1.5468.100.14.1.2.2.3.1.3,column,Integer32 (0..3),not-accessible,DPL index.
ML540M-QOS-MIB,ml540mQosConfigInterfaceCosToTagPcp,1.3.6.1.4.1.5468.100.14.1.2.2.3.1.4,column,Unsigned32,read-write,The PCP value which this entry maps to. Valid range is 0-7.
ML540M-QOS-MIB,ml540mQosConfigInterfaceCosToTagDei,1.3.6.1.4.1.5468.100.14.1.2.2.3.1.5,column,VTSSUnsigned8,read-write,The DEI value which this entry maps to. Valid range is 0-1.
ML540M-QOS-MIB,ml540mQosConfigInterfacePolicerIfIndex,1.3.6.1.4.1.5468.100.14.1.2.2.4.1.1,column,VTSSInterfaceIndex,not-accessible,Logical interface index.
ML540M-QOS-MIB,ml540mQosConfigInterfacePolicerEnable,1.3.6.1.4.1.5468.100.14.1.2.2.4.1.2,column,TruthValue,read-write,"If true, the port policer is enabled."
ML540M-QOS-MIB,ml540mQosConfigInterfacePolicerFrameRate,1.3.6.1.4.1.5468.100.14.1.2.2.4.1.3,column,TruthValue,read-write,"If true, the rate is measured in fps instead of kbps."
ML540M-QOS-MIB,ml540mQosConfigInterfacePolicerFlowControl,1.3.6.1.4.1.5468.100.14.1.2.2.4.1.4,column,TruthValue,read-write,"If true, and flow control is enabled on the interface, then issue flow control pause frames instead of discarding frames. This object is only valid if"
ML540M-QOS-MIB,ml540mQosConfigInterfacePolicerCir,1.3.6.1.4.1.5468.100.14.1.2.2.4.1.5,column,Unsigned32,read-write,Committed Information Rate. Measured in kbps if FrameRate is false and fps if FrameRate is true. Valid range is qosCapabilitiesBitrateMin-qosCapabilit
ML540M-QOS-MIB,ml540mQosConfigInterfaceQueuePolicerIfIndex,1.3.6.1.4.1.5468.100.14.1.2.2.5.1.1,column,VTSSInterfaceIndex,not-accessible,Logical interface index.
ML540M-QOS-MIB,ml540mQosConfigInterfaceQueuePolicerQueue,1.3.6.1.4.1.5468.100.14.1.2.2.5.1.2,column,Integer32 (0..7),not-accessible,Queue index.
ML540M-QOS-MIB,ml540mQosConfigInterfaceQueuePolicerEnable,1.3.6.1.4.1.5468.100.14.1.2.2.5.1.3,column,TruthValue,read-write,"If true, the queue policer is enabled."
ML540M-QOS-MIB,ml540mQosConfigInterfaceQueuePolicerCir,1.3.6.1.4.1.5468.100.14.1.2.2.5.1.6,column,Unsigned32,read-write,Committed Information Rate. Measured in kbps. Valid range is qosCapabilitiesBitrateMin-qosCapabilitiesBitrateMax
ML540M-QOS-MIB,ml540mQosConfigInterfaceShaperIfIndex,1.3.6.1.4.1.5468.100.14.1.2.2.6.1.1,column,VTSSInterfaceIndex,not-accessible,Logical interface index.
ML540M-QOS-MIB,ml540mQosConfigInterfaceShaperEnable,1.3.6.1.4.1.5468.100.14.1.2.2.6.1.2,column,TruthValue,read-write,"If true, the port shaper is enabled."
ML540M-QOS-MIB,ml540mQosConfigInterfaceShaperCir,1.3.6.1.4.1.5468.100.14.1.2.2.6.1.3,column,Unsigned32,read-write,Committed Information Rate. Measured in kbps. Valid range is qosCapabilitiesBitrateMin-qosCapabilitiesBitrateMax
ML540M-QOS-MIB,ml540mQosConfigInterfaceShaperRateType,1.3.6.1.4.1.5468.100.14.1.2.2.6.1.4,column,VTSSQosShaperRateType,read-write,Indicates the shaper's rate type. Valid selections are line-rate (0) and data-rate (1). This object is only valid if QosCapabilitiesHasShapersRt is tr
ML540M-QOS-MIB,ml540mQosConfigInterfaceQueueShaperIfIndex,1.3.6.1.4.1.5468.100.14.1.2.2.7.1.1,column,VTSSInterfaceIndex,not-accessible,Logical interface index.
ML540M-QOS-MIB,ml540mQosConfigInterfaceQueueShaperQueue,1.3.6.1.4.1.5468.100.14.1.2.2.7.1.2,column,Integer32 (0..7),not-accessible,Queue index.
ML540M-QOS-MIB,ml540mQosConfigInterfaceQueueShaperEnable,1.3.6.1.4.1.5468.100.14.1.2.2.7.1.3,column,TruthValue,read-write,"If true, the queue shaper is enabled."
ML540M-QOS-MIB,ml540mQosConfigInterfaceQueueShaperExcess,1.3.6.1.4.1.5468.100.14.1.2.2.7.1.4,column,TruthValue,read-write,"If true, then allow this queue to get a share of the excess bandwidth. Excess bandwidth is allowed if this shaper is closed and no other queues with o"
ML540M-QOS-MIB,ml540mQosConfigInterfaceQueueShaperCir,1.3.6.1.4.1.5468.100.14.1.2.2.7.1.5,column,Unsigned32,read-write,Committed Information Rate. Measured in kbps. Valid range is qosCapabilitiesBitrateMin-qosCapabilitiesBitrateMax
ML540M-QOS-MIB,ml540mQosConfigInterfaceQueueShaperRateType,1.3.6.1.4.1.5468.100.14.1.2.2.7.1.6,column,VTSSQosShaperRateType,read-write,Indicates the shaper's rate type. Valid selections are line-rate (0) and data-rate (1). NOTE: This configuration is valid only for Normal port mode. I
ML540M-QOS-MIB,ml540mQosConfigInterfaceSchedulerIfIndex,1.3.6.1.4.1.5468.100.14.1.2.2.8.1.1,column,VTSSInterfaceIndex,not-accessible,Logical interface index.
ML540M-QOS-MIB,ml540mQosConfigInterfaceSchedulerQueue,1.3.6.1.4.1.5468.100.14.1.2.2.8.1.2,column,Integer32 (0..7),not-accessible,Queue index.
ML540M-QOS-MIB,ml540mQosConfigInterfaceSchedulerWeight,1.3.6.1.4.1.5468.100.14.1.2.2.8.1.3,column,VTSSPercent,read-write,The weight for this queue. Valid range is 1-100.
ML540M-QOS-MIB,ml540mQosConfigInterfaceStormPolicerUnicastIfIndex,1.3.6.1.4.1.5468.100.14.1.2.2.9.1.1,column,VTSSInterfaceIndex,not-accessible,Logical interface index.
ML540M-QOS-MIB,ml540mQosConfigInterfaceStormPolicerUnicastEnable,1.3.6.1.4.1.5468.100.14.1.2.2.9.1.2,column,TruthValue,read-write,"If true, the storm policer is enabled. This object is only valid if QosCapabilitiesHasPortStormPolicers is true."
ML540M-QOS-MIB,ml540mQosConfigInterfaceStormPolicerUnicastFrameRate,1.3.6.1.4.1.5468.100.14.1.2.2.9.1.3,column,TruthValue,read-write,"If true, the rate is measured in fps instead of kbps. This object is only valid if QosCapabilitiesHasPortStormPolicers is true."
ML540M-QOS-MIB,ml540mQosConfigInterfaceStormPolicerUnicastCir,1.3.6.1.4.1.5468.100.14.1.2.2.9.1.4,column,Unsigned32,read-write,Committed Information Rate. Measured in kbps if FrameRate is false and fps if FrameRate is true. Valid range is qosCapabilitiesBitrateMin-qosCapabilit
ML540M-QOS-MIB,ml540mQosConfigInterfaceStormPolicerBroadcastIfIndex,1.3.6.1.4.1.5468.100.14.1.2.2.10.1.1,column,VTSSInterfaceIndex,not-accessible,Logical interface index.
ML540M-QOS-MIB,ml540mQosConfigInterfaceStormPolicerBroadcastEnable,1.3.6.1.4.1.5468.100.14.1.2.2.10.1.2,column,TruthValue,read-write,"If true, the storm policer is enabled. This object is only valid if QosCapabilitiesHasPortStormPolicers is true."
ML540M-QOS-MIB,ml540mQosConfigInterfaceStormPolicerBroadcastFrameRate,1.3.6.1.4.1.5468.100.14.1.2.2.10.1.3,column,TruthValue,read-write,"If true, the rate is measured in fps instead of kbps. This object is only valid if QosCapabilitiesHasPortStormPolicers is true."
ML540M-QOS-MIB,ml540mQosConfigInterfaceStormPolicerBroadcastCir,1.3.6.1.4.1.5468.100.14.1.2.2.10.1.4,column,Unsigned32,read-write,Committed Information Rate. Measured in kbps if FrameRate is false and fps if FrameRate is true. Valid range is qosCapabilitiesBitrateMin-qosCapabilit
ML540M-QOS-MIB,ml540mQosConfigInterfaceStormPolicerUnknownIfIndex,1.3.6.1.4.1.5468.100.14.1.2.2.11.1.1,column,VTSSInterfaceIndex,not-accessible,Logical interface index.
ML540M-QOS-MIB,ml540mQosConfigInterfaceStormPolicerUnknownEnable,1.3.6.1.4.1.5468.100.14.1.2.2.11.1.2,column,TruthValue,read-write,"If true, the storm policer is enabled. This object is only valid if QosCapabilitiesHasPortStormPolicers is true."
ML540M-QOS-MIB,ml540mQosConfigInterfaceStormPolicerUnknownFrameRate,1.3.6.1.4.1.5468.100.14.1.2.2.11.1.3,column,TruthValue,read-write,"If true, the rate is measured in fps instead of kbps. This object is only valid if QosCapabilitiesHasPortStormPolicers is true."
ML540M-QOS-MIB,ml540mQosConfigInterfaceStormPolicerUnknownCir,1.3.6.1.4.1.5468.100.14.1.2.2.11.1.4,column,Unsigned32,read-write,Committed Information Rate. Measured in kbps if FrameRate is false and fps if FrameRate is true. Valid range is qosCapabilitiesBitrateMin-qosCapabilit
ML540M-QOS-MIB,ml540mQosConfigQceQceId,1.3.6.1.4.1.5468.100.14.1.2.3.1.1.1,column,Integer32 (0..2147483647),not-accessible,"QCE Id. Valid range is qosCapabilitiesQceIdMin-qosCapabilitiesQceIdMax or 0. Using a value of 0 when adding a new QCE, will assign the QCE Id in the n"
ML540M-QOS-MIB,ml540mQosConfigQceNextQceId,1.3.6.1.4.1.5468.100.14.1.2.3.1.1.2,column,Unsigned32,read-write,"QCE Id of the next QCE. Valid range is qosCapabilitiesQceIdMin-qosCapabilitiesQceIdMax or 0. The value 0, denotes the end of the list."
ML540M-QOS-MIB,ml540mQosConfigQceSwitchId,1.3.6.1.4.1.5468.100.14.1.2.3.1.1.3,column,Unsigned32,read-write,Indicates the switch on which this QCE is active.Valid range is documented in the Stacking MIB. This object is only valid on stacking platforms.
ML540M-QOS-MIB,ml540mQosConfigQcePortList,1.3.6.1.4.1.5468.100.14.1.2.3.1.1.4,column,VTSSPortList,read-write,List of ports that are member of this QCE.
ML540M-QOS-MIB,ml540mQosConfigQceDestMacType,1.3.6.1.4.1.5468.100.14.1.2.3.1.1.5,column,VTSSDestMacType,read-write,Indicates the destination MAC type to match.
ML540M-QOS-MIB,ml540mQosConfigQceDestMac,1.3.6.1.4.1.5468.100.14.1.2.3.1.1.6,column,MacAddress,read-write,Indicates the 48 bits destination MAC address. The packets destination address is AND-ed with the value of DestMacMask and then compared against the v
ML540M-QOS-MIB,ml540mQosConfigQceDestMacMask,1.3.6.1.4.1.5468.100.14.1.2.3.1.1.7,column,MacAddress,read-write,Indicates the 48 bits destination MAC address mask. Valid values are 00-00-00-00-00-00 or ff-ff-ff-ff-ff-ff. This object is only valid if QosCapabilit
ML540M-QOS-MIB,ml540mQosConfigQceSrcMac,1.3.6.1.4.1.5468.100.14.1.2.3.1.1.8,column,MacAddress,read-write,Indicates the 48 bits source MAC address. The packets source address is AND-ed with the value of SrcMacMask and then compared against the value of thi
ML540M-QOS-MIB,ml540mQosConfigQceSrcMacMask,1.3.6.1.4.1.5468.100.14.1.2.3.1.1.9,column,MacAddress,read-write,Indicates the 48 bits source MAC address mask. Valid values are 00-00-00-00-00-00 or ff-ff-ff-ff-ff-ff.
ML540M-QOS-MIB,ml540mQosConfigQceVlanTagType,1.3.6.1.4.1.5468.100.14.1.2.3.1.1.10,column,VTSSVlanTagType,read-write,Indicates the VLAN tag type to match. The value cTagged(3) is only supported if qosCapabilitiesHasCTag is true. The value sTagged(3) is only supported
ML540M-QOS-MIB,ml540mQosConfigQceVlanIdOp,1.3.6.1.4.1.5468.100.14.1.2.3.1.1.11,column,VTSSASRType,read-write,Indicates how a packets's VLAN ID is to be compared.
ML540M-QOS-MIB,ml540mQosConfigQceVlanId,1.3.6.1.4.1.5468.100.14.1.2.3.1.1.12,column,VTSSUnsigned16,read-write,"The VLAN ID to be compared. If the VlanIdOp object in the same row is range(2), this object will be the starting VLAN ID of the range. Valid range is "
ML540M-QOS-MIB,ml540mQosConfigQceVlanIdRange,1.3.6.1.4.1.5468.100.14.1.2.3.1.1.13,column,VTSSUnsigned16,read-write,"The VLAN ID to be compared. If the VlanIdOp object in the same row is range(2), this object will be the ending VLAN ID of the range. Valid range is vl"
ML540M-QOS-MIB,ml540mQosConfigQcePcp,1.3.6.1.4.1.5468.100.14.1.2.3.1.1.14,column,VTSSVlanTagPriority,read-write,The PCP value(s) to be compared.
ML540M-QOS-MIB,ml540mQosConfigQceDei,1.3.6.1.4.1.5468.100.14.1.2.3.1.1.15,column,VTSSBitType,read-write,The DEI value to be compared. Valid range is 0-1.
ML540M-QOS-MIB,ml540mQosConfigQceInnerVlanTagType,1.3.6.1.4.1.5468.100.14.1.2.3.1.1.16,column,VTSSVlanTagType,read-write,Indicates the inner VLAN tag type to match. This object is only valid if QosCapabilitiesHasQceInnerTag is true.
ML540M-QOS-MIB,ml540mQosConfigQceInnerVlanIdOp,1.3.6.1.4.1.5468.100.14.1.2.3.1.1.17,column,VTSSASRType,read-write,Indicates how a packets's inner VLAN ID is to be compared. This object is only valid if QosCapabilitiesHasQceInnerTag is true.
ML540M-QOS-MIB,ml540mQosConfigQceInnerVlanId,1.3.6.1.4.1.5468.100.14.1.2.3.1.1.18,column,VTSSUnsigned16,read-write,"The inner VLAN ID to be compared. If the InnerVlanIdOp object in the same row is range(2), this object will be the starting VLAN ID of the range. Vali"
ML540M-QOS-MIB,ml540mQosConfigQceInnerVlanIdRange,1.3.6.1.4.1.5468.100.14.1.2.3.1.1.19,column,VTSSUnsigned16,read-write,"The inner VLAN ID to be compared. If the InnerVlanIdOp object in the same row is range(2), this object will be the ending VLAN ID of the range. Valid "
ML540M-QOS-MIB,ml540mQosConfigQceInnerPcp,1.3.6.1.4.1.5468.100.14.1.2.3.1.1.20,column,VTSSVlanTagPriority,read-write,The inner PCP value(s) to be compared. This object is only valid if QosCapabilitiesHasQceInnerTag is true.
ML540M-QOS-MIB,ml540mQosConfigQceInnerDei,1.3.6.1.4.1.5468.100.14.1.2.3.1.1.21,column,VTSSBitType,read-write,The inner DEI value to be compared. Valid range is 0-1. This object is only valid if QosCapabilitiesHasQceInnerTag is true.
ML540M-QOS-MIB,ml540mQosConfigQceFrameType,1.3.6.1.4.1.5468.100.14.1.2.3.1.1.100,column,VTSSQosQceFrameType,read-write,Indicates the packet's frame type. Modifying the frame type on an existing QCE will restore the content of all frame type dependent configuration to d
ML540M-QOS-MIB,ml540mQosConfigQceEtype,1.3.6.1.4.1.5468.100.14.1.2.3.1.1.101,column,VTSSEtherType,read-write,"Indicates the packet's 16 bit Ethernet type field. Valid values are: 0(match any), 0x600-0xFFFF but excluding 0x800(IPv4) and 0x86DD(IPv6). This objec"
ML540M-QOS-MIB,ml540mQosConfigQceLlcDsap,1.3.6.1.4.1.5468.100.14.1.2.3.1.1.200,column,VTSSUnsigned8,read-write,Indicates the packets's 8 bit LLC DSAP field. The packets LLC DSAP field is AND-ed with the value of LlcDsapMask and then compared against the value o
ML540M-QOS-MIB,ml540mQosConfigQceLlcDsapMask,1.3.6.1.4.1.5468.100.14.1.2.3.1.1.201,column,VTSSUnsigned8,read-write,Indicates the 8 bit LLC DSAP mask. Valid values are 0x00 or 0xFF. This object can only be configured if FrameType is llc(2).
ML540M-QOS-MIB,ml540mQosConfigQceLlcSsap,1.3.6.1.4.1.5468.100.14.1.2.3.1.1.202,column,VTSSUnsigned8,read-write,Indicates the packets's 8 bit LLC SSAP field. The packets LLC SSAP field is AND-ed with the value of LlcSsapMask and then compared against the value o
ML540M-QOS-MIB,ml540mQosConfigQceLlcSsapMask,1.3.6.1.4.1.5468.100.14.1.2.3.1.1.203,column,VTSSUnsigned8,read-write,Indicates the 8 bit LLC SSAP mask. Valid values are 0x00 or 0xFF. This object can only be configured if FrameType is llc(2).
ML540M-QOS-MIB,ml540mQosConfigQceLlcControl,1.3.6.1.4.1.5468.100.14.1.2.3.1.1.204,column,VTSSUnsigned8,read-write,Indicates the packets's 8 bit LLC Control field. The packets LLC Control field is AND-ed with the value of LlcControlMask and then compared against th
ML540M-QOS-MIB,ml540mQosConfigQceLlcControlMask,1.3.6.1.4.1.5468.100.14.1.2.3.1.1.205,column,VTSSUnsigned8,read-write,Indicates the 8 bit LLC Control mask. Valid values are 0x00 or 0xFF. This object can only be configured if FrameType is llc(2).
ML540M-QOS-MIB,ml540mQosConfigQceSnapPid,1.3.6.1.4.1.5468.100.14.1.2.3.1.1.302,column,VTSSUnsigned16,read-write,Indicates the packet's 16 bit SNAP PID field. The packets SNAP PID field is AND-ed with the value of SnapPidMask and then compared against the value o
ML540M-QOS-MIB,ml540mQosConfigQceSnapPidMask,1.3.6.1.4.1.5468.100.14.1.2.3.1.1.303,column,VTSSUnsigned16,read-write,Indicates the 16 bit SNAP PID mask. Valid values are 0x0000 or 0xFFFF. This object can only be configured if FrameType is snap(3).
ML540M-QOS-MIB,ml540mQosConfigQceIpv4Fragment,1.3.6.1.4.1.5468.100.14.1.2.3.1.1.400,column,VTSSBitType,read-write,Indicates how an IPv4 fragment bit is to be compared. This object can only be configured if FrameType is ipv4(4).
ML540M-QOS-MIB,ml540mQosConfigQceIpv4DscpOp,1.3.6.1.4.1.5468.100.14.1.2.3.1.1.401,column,VTSSASRType,read-write,Indicates how an IPv4 DSCP field is to be compared. This object can only be configured if FrameType is ipv4(4).
ML540M-QOS-MIB,ml540mQosConfigQceIpv4Dscp,1.3.6.1.4.1.5468.100.14.1.2.3.1.1.402,column,VTSSUnsigned16,read-write,"The DSCP value to be compared. If the Ipv4DscpOp object in the same row is range(2), this object will be the starting DSCP value of the range. Valid r"
ML540M-QOS-MIB,ml540mQosConfigQceIpv4DscpRange,1.3.6.1.4.1.5468.100.14.1.2.3.1.1.403,column,VTSSUnsigned16,read-write,"The DSCP value to be compared. If the Ipv4DscpOp object in the same row is range(2), this object will be the ending DSCP value of the range. Valid ran"
ML540M-QOS-MIB,ml540mQosConfigQceIpv4Protocol,1.3.6.1.4.1.5468.100.14.1.2.3.1.1.404,column,VTSSUnsigned8,read-write,The protocol number field in the IPv4 header used to indicate a higher layer protocol. The packets protocol number field is AND-ed with the value of I
ML540M-QOS-MIB,ml540mQosConfigQceIpv4ProtocolMask,1.3.6.1.4.1.5468.100.14.1.2.3.1.1.405,column,VTSSUnsigned8,read-write,The specified IPv4 protocol number mask. Valid values are 0 or 255. This object can only be configured if FrameType is ipv4(4).
ML540M-QOS-MIB,ml540mQosConfigQceIpv4SrcIp,1.3.6.1.4.1.5468.100.14.1.2.3.1.1.406,column,IpAddress,read-write,The specified IPv4 source address. The packets source address is AND-ed with the value of Ipv4SrcIpMask and then compared with the value of this objec
ML540M-QOS-MIB,ml540mQosConfigQceIpv4SrcIpMask,1.3.6.1.4.1.5468.100.14.1.2.3.1.1.407,column,IpAddress,read-write,The specified IPv4 source address mask. This object can only be configured if FrameType is ipv4(4).
ML540M-QOS-MIB,ml540mQosConfigQceIpv4DestIp,1.3.6.1.4.1.5468.100.14.1.2.3.1.1.408,column,IpAddress,read-write,The specified IPv4 destination address. The packets destination address is AND-ed with the value of Ipv4DestIpMask and then compared with the value of
ML540M-QOS-MIB,ml540mQosConfigQceIpv4DestIpMask,1.3.6.1.4.1.5468.100.14.1.2.3.1.1.409,column,IpAddress,read-write,The specified IPv4 destination address mask. This object can only be configured if FrameType is ipv4(4). This object is only valid if QosCapabilitiesH
ML540M-QOS-MIB,ml540mQosConfigQceIpv4SrcPortOp,1.3.6.1.4.1.5468.100.14.1.2.3.1.1.410,column,VTSSASRType,read-write,Indicates how a packet's source TCP/UDP port number is to be compared. This object can only be configured if FrameType is ipv4(4).
ML540M-QOS-MIB,ml540mQosConfigQceIpv4SrcPort,1.3.6.1.4.1.5468.100.14.1.2.3.1.1.411,column,VTSSUnsigned16,read-write,"The source port number of the TCP or UDP protocol. If the Ipv4SrcPortOp object in the same row is range(2), this object will be the starting port numb"
ML540M-QOS-MIB,ml540mQosConfigQceIpv4SrcPortRange,1.3.6.1.4.1.5468.100.14.1.2.3.1.1.412,column,VTSSUnsigned16,read-write,"The source port number of the TCP or UDP protocol. If the Ipv4SrcPortOp object in the same row is range(2), this object will be the ending port number"
ML540M-QOS-MIB,ml540mQosConfigQceIpv4DestPortOp,1.3.6.1.4.1.5468.100.14.1.2.3.1.1.413,column,VTSSASRType,read-write,Indicates how a packet's destination TCP/UDP port number is to be compared. This object can only be configured if FrameType is ipv4(4).
ML540M-QOS-MIB,ml540mQosConfigQceIpv4DestPort,1.3.6.1.4.1.5468.100.14.1.2.3.1.1.414,column,VTSSUnsigned16,read-write,"The destination port number of the TCP or UDP protocol. If the Ipv4DestPortOp object in the same row is range(2), this object will be the starting por"
ML540M-QOS-MIB,ml540mQosConfigQceIpv4DestPortRange,1.3.6.1.4.1.5468.100.14.1.2.3.1.1.415,column,VTSSUnsigned16,read-write,"The source port number of the TCP or UDP protocol. If the Ipv4DestPortOp object in the same row is range(2), this object will be the ending port numbe"
ML540M-QOS-MIB,ml540mQosConfigQceIpv6DscpOp,1.3.6.1.4.1.5468.100.14.1.2.3.1.1.500,column,VTSSASRType,read-write,Indicates how an IPv6 DSCP field is to be compared. This object can only be configured if FrameType is ipv6(5).
ML540M-QOS-MIB,ml540mQosConfigQceIpv6Dscp,1.3.6.1.4.1.5468.100.14.1.2.3.1.1.501,column,VTSSUnsigned16,read-write,"The DSCP value to be compared. If the Ipv6DscpOp object in the same row is range(2), this object will be the starting DSCP value of the range. Valid r"
ML540M-QOS-MIB,ml540mQosConfigQceIpv6DscpRange,1.3.6.1.4.1.5468.100.14.1.2.3.1.1.502,column,VTSSUnsigned16,read-write,"The DSCP value to be compared. If the Ipv6DscpOp object in the same row is range(2), this object will be the ending DSCP value of the range. Valid ran"
ML540M-QOS-MIB,ml540mQosConfigQceIpv6Protocol,1.3.6.1.4.1.5468.100.14.1.2.3.1.1.503,column,VTSSUnsigned8,read-write,The protocol number field in the IPv6 header used to indicate a higher layer protocol. The packets protocol number field is AND-ed with the value of I
ML540M-QOS-MIB,ml540mQosConfigQceIpv6ProtocolMask,1.3.6.1.4.1.5468.100.14.1.2.3.1.1.504,column,VTSSUnsigned8,read-write,The specified IPv6 protocol number mask. Valid values are 0 or 255. This object can only be configured if FrameType is ipv6(5).
ML540M-QOS-MIB,ml540mQosConfigQceIpv6SrcIp,1.3.6.1.4.1.5468.100.14.1.2.3.1.1.506,column,InetAddressIPv6,read-write,The specified IPv6 source address. The packets source address is AND-ed with the value of Ipv6SrcIpMask and then compared with the value of this objec
ML540M-QOS-MIB,ml540mQosConfigQceIpv6SrcIpMask,1.3.6.1.4.1.5468.100.14.1.2.3.1.1.508,column,InetAddressIPv6,read-write,The specified IPv6 source address mask. Only the least significant 32 bits of this object are used. This object can only be configured if FrameType is
ML540M-QOS-MIB,ml540mQosConfigQceIpv6DestIp,1.3.6.1.4.1.5468.100.14.1.2.3.1.1.510,column,InetAddressIPv6,read-write,The specified IPv6 destination address. The packets destination address is AND-ed with the value of Ipv6DestIpMask and then compared with the value of
ML540M-QOS-MIB,ml540mQosConfigQceIpv6DestIpMask,1.3.6.1.4.1.5468.100.14.1.2.3.1.1.512,column,InetAddressIPv6,read-write,The specified IPv6 destination address mask. Only the least significant 32 bits of this object are used. This object can only be configured if FrameTy
ML540M-QOS-MIB,ml540mQosConfigQceIpv6SrcPortOp,1.3.6.1.4.1.5468.100.14.1.2.3.1.1.513,column,VTSSASRType,read-write,Indicates how a packet's source TCP/UDP port number is to be compared. This object can only be configured if FrameType is ipv6(5).
ML540M-QOS-MIB,ml540mQosConfigQceIpv6SrcPort,1.3.6.1.4.1.5468.100.14.1.2.3.1.1.514,column,VTSSUnsigned16,read-write,"The source port number of the TCP or UDP protocol. If the Ipv6SrcPortOp object in the same row is range(2), this object will be the starting port numb"
ML540M-QOS-MIB,ml540mQosConfigQceIpv6SrcPortRange,1.3.6.1.4.1.5468.100.14.1.2.3.1.1.515,column,VTSSUnsigned16,read-write,"The source port number of the TCP or UDP protocol. If the Ipv6SrcPortOp object in the same row is range(2), this object will be the ending port number"
ML540M-QOS-MIB,ml540mQosConfigQceIpv6DestPortOp,1.3.6.1.4.1.5468.100.14.1.2.3.1.1.516,column,VTSSASRType,read-write,Indicates how a packet's destination TCP/UDP port number is to be compared. This object can only be configured if FrameType is ipv6(5).
ML540M-QOS-MIB,ml540mQosConfigQceIpv6DestPort,1.3.6.1.4.1.5468.100.14.1.2.3.1.1.517,column,VTSSUnsigned16,read-write,"The destination port number of the TCP or UDP protocol. If the Ipv6DestPortOp object in the same row is range(2), this object will be the starting por"
ML540M-QOS-MIB,ml540mQosConfigQceIpv6DestPortRange,1.3.6.1.4.1.5468.100.14.1.2.3.1.1.518,column,VTSSUnsigned16,read-write,"The source port number of the TCP or UDP protocol. If the Ipv6DestPortOp object in the same row is range(2), this object will be the ending port numbe"
ML540M-QOS-MIB,ml540mQosConfigQceActionCosEnable,1.3.6.1.4.1.5468.100.14.1.2.3.1.1.1000,column,TruthValue,read-write,"If true, the packet is classified to the CoS value in ActionCos."
ML540M-QOS-MIB,ml540mQosConfigQceActionCos,1.3.6.1.4.1.5468.100.14.1.2.3.1.1.1001,column,Unsigned32,read-write,The CoS value used for classification. Valid range is qosCapabilitiesClassMin-qosCapabilitiesClassMax.
ML540M-QOS-MIB,ml540mQosConfigQceActionDplEnable,1.3.6.1.4.1.5468.100.14.1.2.3.1.1.1002,column,TruthValue,read-write,"If true, the packet is classified to the DPL value in ActionDpl."
ML540M-QOS-MIB,ml540mQosConfigQceActionDpl,1.3.6.1.4.1.5468.100.14.1.2.3.1.1.1003,column,VTSSUnsigned8,read-write,The DPL value used for classification. Valid range is qosCapabilitiesDplMin-qosCapabilitiesDplMax.
ML540M-QOS-MIB,ml540mQosConfigQceActionDscpEnable,1.3.6.1.4.1.5468.100.14.1.2.3.1.1.1004,column,TruthValue,read-write,"If true, the packet is classified to the DSCP value in ActionDscp."
ML540M-QOS-MIB,ml540mQosConfigQceActionDscp,1.3.6.1.4.1.5468.100.14.1.2.3.1.1.1005,column,VTSSUnsigned8,read-write,The DSCP value used for classification. Valid range is 0-63.
ML540M-QOS-MIB,ml540mQosConfigQceActionPcpDeiEnable,1.3.6.1.4.1.5468.100.14.1.2.3.1.1.1006,column,TruthValue,read-write,"If true, the packet is classified to the PCP value in ActionPcp and the DEI value in ActionDei. This object is only valid if QosCapabilitiesHasQceActi"
ML540M-QOS-MIB,ml540mQosConfigQceActionPcp,1.3.6.1.4.1.5468.100.14.1.2.3.1.1.1007,column,Unsigned32,read-write,The PCP value used for classification. Valid range is 0-7. This object is only valid if QosCapabilitiesHasQceActionPcpDei is true.
ML540M-QOS-MIB,ml540mQosConfigQceActionDei,1.3.6.1.4.1.5468.100.14.1.2.3.1.1.1008,column,VTSSUnsigned8,read-write,The DEI value used for classification. Valid range is 0-1. This object is only valid if QosCapabilitiesHasQceActionPcpDei is true.
ML540M-QOS-MIB,ml540mQosConfigQceActionPolicyEnable,1.3.6.1.4.1.5468.100.14.1.2.3.1.1.1009,column,TruthValue,read-write,"If true, the packet is classified to the policy number in ActionPolicy. This object is only valid if QosCapabilitiesHasQceActionPolicy is true."
ML540M-QOS-MIB,ml540mQosConfigQceActionPolicy,1.3.6.1.4.1.5468.100.14.1.2.3.1.1.1010,column,Unsigned32,read-write,The policy number used for classification. Valid range is documented in the ACL MIB. This object is only valid if QosCapabilitiesHasQceActionPcpDei is
ML540M-QOS-MIB,ml540mQosConfigQceAction,1.3.6.1.4.1.5468.100.14.1.2.3.1.1.10000,column,VTSSRowEditorState,read-write,Action
ML540M-QOS-MIB,ml540mQosConfigQceTableRowEditorQceId,1.3.6.1.4.1.5468.100.14.1.2.3.2.1,scalar,Integer32 (0..2147483647),read-write,"QCE Id. Valid range is qosCapabilitiesQceIdMin-qosCapabilitiesQceIdMax or 0. Using a value of 0 when adding a new QCE, will assign the QCE Id in the n"
ML540M-QOS-MIB,ml540mQosConfigQceTableRowEditorNextQceId,1.3.6.1.4.1.5468.100.14.1.2.3.2.2,scalar,Unsigned32,read-write,"QCE Id of the next QCE. Valid range is qosCapabilitiesQceIdMin-qosCapabilitiesQceIdMax or 0. The value 0, denotes the end of the list."
ML540M-QOS-MIB,ml540mQosConfigQceTableRowEditorSwitchId,1.3.6.1.4.1.5468.100.14.1.2.3.2.3,scalar,Unsigned32,read-write,Indicates the switch on which this QCE is active.Valid range is documented in the Stacking MIB. This object is only valid on stacking platforms.
ML540M-QOS-MIB,ml540mQosConfigQceTableRowEditorPortList,1.3.6.1.4.1.5468.100.14.1.2.3.2.4,scalar,VTSSPortList,read-write,List of ports that are member of this QCE.
ML540M-QOS-MIB,ml540mQosConfigQceTableRowEditorDestMacType,1.3.6.1.4.1.5468.100.14.1.2.3.2.5,scalar,VTSSDestMacType,read-write,Indicates the destination MAC type to match.
ML540M-QOS-MIB,ml540mQosConfigQceTableRowEditorDestMac,1.3.6.1.4.1.5468.100.14.1.2.3.2.6,scalar,MacAddress,read-write,Indicates the 48 bits destination MAC address. The packets destination address is AND-ed with the value of DestMacMask and then compared against the v
ML540M-QOS-MIB,ml540mQosConfigQceTableRowEditorDestMacMask,1.3.6.1.4.1.5468.100.14.1.2.3.2.7,scalar,MacAddress,read-write,Indicates the 48 bits destination MAC address mask. Valid values are 00-00-00-00-00-00 or ff-ff-ff-ff-ff-ff. This object is only valid if QosCapabilit
ML540M-QOS-MIB,ml540mQosConfigQceTableRowEditorSrcMac,1.3.6.1.4.1.5468.100.14.1.2.3.2.8,scalar,MacAddress,read-write,Indicates the 48 bits source MAC address. The packets source address is AND-ed with the value of SrcMacMask and then compared against the value of thi
ML540M-QOS-MIB,ml540mQosConfigQceTableRowEditorSrcMacMask,1.3.6.1.4.1.5468.100.14.1.2.3.2.9,scalar,MacAddress,read-write,Indicates the 48 bits source MAC address mask. Valid values are 00-00-00-00-00-00 or ff-ff-ff-ff-ff-ff.
ML540M-QOS-MIB,ml540mQosConfigQceTableRowEditorVlanTagType,1.3.6.1.4.1.5468.100.14.1.2.3.2.10,scalar,VTSSVlanTagType,read-write,Indicates the VLAN tag type to match. The value cTagged(3) is only supported if qosCapabilitiesHasCTag is true. The value sTagged(3) is only supported
ML540M-QOS-MIB,ml540mQosConfigQceTableRowEditorVlanIdOp,1.3.6.1.4.1.5468.100.14.1.2.3.2.11,scalar,VTSSASRType,read-write,Indicates how a packets's VLAN ID is to be compared.
ML540M-QOS-MIB,ml540mQosConfigQceTableRowEditorVlanId,1.3.6.1.4.1.5468.100.14.1.2.3.2.12,scalar,VTSSUnsigned16,read-write,"The VLAN ID to be compared. If the VlanIdOp object in the same row is range(2), this object will be the starting VLAN ID of the range. Valid range is "
ML540M-QOS-MIB,ml540mQosConfigQceTableRowEditorVlanIdRange,1.3.6.1.4.1.5468.100.14.1.2.3.2.13,scalar,VTSSUnsigned16,read-write,"The VLAN ID to be compared. If the VlanIdOp object in the same row is range(2), this object will be the ending VLAN ID of the range. Valid range is vl"
ML540M-QOS-MIB,ml540mQosConfigQceTableRowEditorPcp,1.3.6.1.4.1.5468.100.14.1.2.3.2.14,scalar,VTSSVlanTagPriority,read-write,The PCP value(s) to be compared.
ML540M-QOS-MIB,ml540mQosConfigQceTableRowEditorDei,1.3.6.1.4.1.5468.100.14.1.2.3.2.15,scalar,VTSSBitType,read-write,The DEI value to be compared. Valid range is 0-1.
ML540M-QOS-MIB,ml540mQosConfigQceTableRowEditorInnerVlanTagType,1.3.6.1.4.1.5468.100.14.1.2.3.2.16,scalar,VTSSVlanTagType,read-write,Indicates the inner VLAN tag type to match. This object is only valid if QosCapabilitiesHasQceInnerTag is true.
ML540M-QOS-MIB,ml540mQosConfigQceTableRowEditorInnerVlanIdOp,1.3.6.1.4.1.5468.100.14.1.2.3.2.17,scalar,VTSSASRType,read-write,Indicates how a packets's inner VLAN ID is to be compared. This object is only valid if QosCapabilitiesHasQceInnerTag is true.
ML540M-QOS-MIB,ml540mQosConfigQceTableRowEditorInnerVlanId,1.3.6.1.4.1.5468.100.14.1.2.3.2.18,scalar,VTSSUnsigned16,read-write,"The inner VLAN ID to be compared. If the InnerVlanIdOp object in the same row is range(2), this object will be the starting VLAN ID of the range. Vali"
ML540M-QOS-MIB,ml540mQosConfigQceTableRowEditorInnerVlanIdRange,1.3.6.1.4.1.5468.100.14.1.2.3.2.19,scalar,VTSSUnsigned16,read-write,"The inner VLAN ID to be compared. If the InnerVlanIdOp object in the same row is range(2), this object will be the ending VLAN ID of the range. Valid "
ML540M-QOS-MIB,ml540mQosConfigQceTableRowEditorInnerPcp,1.3.6.1.4.1.5468.100.14.1.2.3.2.20,scalar,VTSSVlanTagPriority,read-write,The inner PCP value(s) to be compared. This object is only valid if QosCapabilitiesHasQceInnerTag is true.
ML540M-QOS-MIB,ml540mQosConfigQceTableRowEditorInnerDei,1.3.6.1.4.1.5468.100.14.1.2.3.2.21,scalar,VTSSBitType,read-write,The inner DEI value to be compared. Valid range is 0-1. This object is only valid if QosCapabilitiesHasQceInnerTag is true.
ML540M-QOS-MIB,ml540mQosConfigQceTableRowEditorFrameType,1.3.6.1.4.1.5468.100.14.1.2.3.2.100,scalar,VTSSQosQceFrameType,read-write,Indicates the packet's frame type. Modifying the frame type on an existing QCE will restore the content of all frame type dependent configuration to d
ML540M-QOS-MIB,ml540mQosConfigQceTableRowEditorEtype,1.3.6.1.4.1.5468.100.14.1.2.3.2.101,scalar,VTSSEtherType,read-write,"Indicates the packet's 16 bit Ethernet type field. Valid values are: 0(match any), 0x600-0xFFFF but excluding 0x800(IPv4) and 0x86DD(IPv6). This objec"
ML540M-QOS-MIB,ml540mQosConfigQceTableRowEditorLlcDsap,1.3.6.1.4.1.5468.100.14.1.2.3.2.200,scalar,VTSSUnsigned8,read-write,Indicates the packets's 8 bit LLC DSAP field. The packets LLC DSAP field is AND-ed with the value of LlcDsapMask and then compared against the value o
ML540M-QOS-MIB,ml540mQosConfigQceTableRowEditorLlcDsapMask,1.3.6.1.4.1.5468.100.14.1.2.3.2.201,scalar,VTSSUnsigned8,read-write,Indicates the 8 bit LLC DSAP mask. Valid values are 0x00 or 0xFF. This object can only be configured if FrameType is llc(2).
ML540M-QOS-MIB,ml540mQosConfigQceTableRowEditorLlcSsap,1.3.6.1.4.1.5468.100.14.1.2.3.2.202,scalar,VTSSUnsigned8,read-write,Indicates the packets's 8 bit LLC SSAP field. The packets LLC SSAP field is AND-ed with the value of LlcSsapMask and then compared against the value o
ML540M-QOS-MIB,ml540mQosConfigQceTableRowEditorLlcSsapMask,1.3.6.1.4.1.5468.100.14.1.2.3.2.203,scalar,VTSSUnsigned8,read-write,Indicates the 8 bit LLC SSAP mask. Valid values are 0x00 or 0xFF. This object can only be configured if FrameType is llc(2).
ML540M-QOS-MIB,ml540mQosConfigQceTableRowEditorLlcControl,1.3.6.1.4.1.5468.100.14.1.2.3.2.204,scalar,VTSSUnsigned8,read-write,Indicates the packets's 8 bit LLC Control field. The packets LLC Control field is AND-ed with the value of LlcControlMask and then compared against th
ML540M-QOS-MIB,ml540mQosConfigQceTableRowEditorLlcControlMask,1.3.6.1.4.1.5468.100.14.1.2.3.2.205,scalar,VTSSUnsigned8,read-write,Indicates the 8 bit LLC Control mask. Valid values are 0x00 or 0xFF. This object can only be configured if FrameType is llc(2).
ML540M-QOS-MIB,ml540mQosConfigQceTableRowEditorSnapPid,1.3.6.1.4.1.5468.100.14.1.2.3.2.302,scalar,VTSSUnsigned16,read-write,Indicates the packet's 16 bit SNAP PID field. The packets SNAP PID field is AND-ed with the value of SnapPidMask and then compared against the value o
ML540M-QOS-MIB,ml540mQosConfigQceTableRowEditorSnapPidMask,1.3.6.1.4.1.5468.100.14.1.2.3.2.303,scalar,VTSSUnsigned16,read-write,Indicates the 16 bit SNAP PID mask. Valid values are 0x0000 or 0xFFFF. This object can only be configured if FrameType is snap(3).
ML540M-QOS-MIB,ml540mQosConfigQceTableRowEditorIpv4Fragment,1.3.6.1.4.1.5468.100.14.1.2.3.2.400,scalar,VTSSBitType,read-write,Indicates how an IPv4 fragment bit is to be compared. This object can only be configured if FrameType is ipv4(4).
ML540M-QOS-MIB,ml540mQosConfigQceTableRowEditorIpv4DscpOp,1.3.6.1.4.1.5468.100.14.1.2.3.2.401,scalar,VTSSASRType,read-write,Indicates how an IPv4 DSCP field is to be compared. This object can only be configured if FrameType is ipv4(4).
ML540M-QOS-MIB,ml540mQosConfigQceTableRowEditorIpv4Dscp,1.3.6.1.4.1.5468.100.14.1.2.3.2.402,scalar,VTSSUnsigned16,read-write,"The DSCP value to be compared. If the Ipv4DscpOp object in the same row is range(2), this object will be the starting DSCP value of the range. Valid r"
ML540M-QOS-MIB,ml540mQosConfigQceTableRowEditorIpv4DscpRange,1.3.6.1.4.1.5468.100.14.1.2.3.2.403,scalar,VTSSUnsigned16,read-write,"The DSCP value to be compared. If the Ipv4DscpOp object in the same row is range(2), this object will be the ending DSCP value of the range. Valid ran"
ML540M-QOS-MIB,ml540mQosConfigQceTableRowEditorIpv4Protocol,1.3.6.1.4.1.5468.100.14.1.2.3.2.404,scalar,VTSSUnsigned8,read-write,The protocol number field in the IPv4 header used to indicate a higher layer protocol. The packets protocol number field is AND-ed with the value of I
ML540M-QOS-MIB,ml540mQosConfigQceTableRowEditorIpv4ProtocolMask,1.3.6.1.4.1.5468.100.14.1.2.3.2.405,scalar,VTSSUnsigned8,read-write,The specified IPv4 protocol number mask. Valid values are 0 or 255. This object can only be configured if FrameType is ipv4(4).
ML540M-QOS-MIB,ml540mQosConfigQceTableRowEditorIpv4SrcIp,1.3.6.1.4.1.5468.100.14.1.2.3.2.406,scalar,IpAddress,read-write,The specified IPv4 source address. The packets source address is AND-ed with the value of Ipv4SrcIpMask and then compared with the value of this objec
ML540M-QOS-MIB,ml540mQosConfigQceTableRowEditorIpv4SrcIpMask,1.3.6.1.4.1.5468.100.14.1.2.3.2.407,scalar,IpAddress,read-write,The specified IPv4 source address mask. This object can only be configured if FrameType is ipv4(4).
ML540M-QOS-MIB,ml540mQosConfigQceTableRowEditorIpv4DestIp,1.3.6.1.4.1.5468.100.14.1.2.3.2.408,scalar,IpAddress,read-write,The specified IPv4 destination address. The packets destination address is AND-ed with the value of Ipv4DestIpMask and then compared with the value of
ML540M-QOS-MIB,ml540mQosConfigQceTableRowEditorIpv4DestIpMask,1.3.6.1.4.1.5468.100.14.1.2.3.2.409,scalar,IpAddress,read-write,The specified IPv4 destination address mask. This object can only be configured if FrameType is ipv4(4). This object is only valid if QosCapabilitiesH
ML540M-QOS-MIB,ml540mQosConfigQceTableRowEditorIpv4SrcPortOp,1.3.6.1.4.1.5468.100.14.1.2.3.2.410,scalar,VTSSASRType,read-write,Indicates how a packet's source TCP/UDP port number is to be compared. This object can only be configured if FrameType is ipv4(4).
ML540M-QOS-MIB,ml540mQosConfigQceTableRowEditorIpv4SrcPort,1.3.6.1.4.1.5468.100.14.1.2.3.2.411,scalar,VTSSUnsigned16,read-write,"The source port number of the TCP or UDP protocol. If the Ipv4SrcPortOp object in the same row is range(2), this object will be the starting port numb"
ML540M-QOS-MIB,ml540mQosConfigQceTableRowEditorIpv4SrcPortRange,1.3.6.1.4.1.5468.100.14.1.2.3.2.412,scalar,VTSSUnsigned16,read-write,"The source port number of the TCP or UDP protocol. If the Ipv4SrcPortOp object in the same row is range(2), this object will be the ending port number"
ML540M-QOS-MIB,ml540mQosConfigQceTableRowEditorIpv4DestPortOp,1.3.6.1.4.1.5468.100.14.1.2.3.2.413,scalar,VTSSASRType,read-write,Indicates how a packet's destination TCP/UDP port number is to be compared. This object can only be configured if FrameType is ipv4(4).
ML540M-QOS-MIB,ml540mQosConfigQceTableRowEditorIpv4DestPort,1.3.6.1.4.1.5468.100.14.1.2.3.2.414,scalar,VTSSUnsigned16,read-write,"The destination port number of the TCP or UDP protocol. If the Ipv4DestPortOp object in the same row is range(2), this object will be the starting por"
ML540M-QOS-MIB,ml540mQosConfigQceTableRowEditorIpv4DestPortRange,1.3.6.1.4.1.5468.100.14.1.2.3.2.415,scalar,VTSSUnsigned16,read-write,"The source port number of the TCP or UDP protocol. If the Ipv4DestPortOp object in the same row is range(2), this object will be the ending port numbe"
ML540M-QOS-MIB,ml540mQosConfigQceTableRowEditorIpv6DscpOp,1.3.6.1.4.1.5468.100.14.1.2.3.2.500,scalar,VTSSASRType,read-write,Indicates how an IPv6 DSCP field is to be compared. This object can only be configured if FrameType is ipv6(5).
ML540M-QOS-MIB,ml540mQosConfigQceTableRowEditorIpv6Dscp,1.3.6.1.4.1.5468.100.14.1.2.3.2.501,scalar,VTSSUnsigned16,read-write,"The DSCP value to be compared. If the Ipv6DscpOp object in the same row is range(2), this object will be the starting DSCP value of the range. Valid r"
ML540M-QOS-MIB,ml540mQosConfigQceTableRowEditorIpv6DscpRange,1.3.6.1.4.1.5468.100.14.1.2.3.2.502,scalar,VTSSUnsigned16,read-write,"The DSCP value to be compared. If the Ipv6DscpOp object in the same row is range(2), this object will be the ending DSCP value of the range. Valid ran"
ML540M-QOS-MIB,ml540mQosConfigQceTableRowEditorIpv6Protocol,1.3.6.1.4.1.5468.100.14.1.2.3.2.503,scalar,VTSSUnsigned8,read-write,The protocol number field in the IPv6 header used to indicate a higher layer protocol. The packets protocol number field is AND-ed with the value of I
ML540M-QOS-MIB,ml540mQosConfigQceTableRowEditorIpv6ProtocolMask,1.3.6.1.4.1.5468.100.14.1.2.3.2.504,scalar,VTSSUnsigned8,read-write,The specified IPv6 protocol number mask. Valid values are 0 or 255. This object can only be configured if FrameType is ipv6(5).
ML540M-QOS-MIB,ml540mQosConfigQceTableRowEditorIpv6SrcIp,1.3.6.1.4.1.5468.100.14.1.2.3.2.506,scalar,InetAddressIPv6,read-write,The specified IPv6 source address. The packets source address is AND-ed with the value of Ipv6SrcIpMask and then compared with the value of this objec
ML540M-QOS-MIB,ml540mQosConfigQceTableRowEditorIpv6SrcIpMask,1.3.6.1.4.1.5468.100.14.1.2.3.2.508,scalar,InetAddressIPv6,read-write,The specified IPv6 source address mask. Only the least significant 32 bits of this object are used. This object can only be configured if FrameType is
ML540M-QOS-MIB,ml540mQosConfigQceTableRowEditorIpv6DestIp,1.3.6.1.4.1.5468.100.14.1.2.3.2.510,scalar,InetAddressIPv6,read-write,The specified IPv6 destination address. The packets destination address is AND-ed with the value of Ipv6DestIpMask and then compared with the value of
ML540M-QOS-MIB,ml540mQosConfigQceTableRowEditorIpv6DestIpMask,1.3.6.1.4.1.5468.100.14.1.2.3.2.512,scalar,InetAddressIPv6,read-write,The specified IPv6 destination address mask. Only the least significant 32 bits of this object are used. This object can only be configured if FrameTy
ML540M-QOS-MIB,ml540mQosConfigQceTableRowEditorIpv6SrcPortOp,1.3.6.1.4.1.5468.100.14.1.2.3.2.513,scalar,VTSSASRType,read-write,Indicates how a packet's source TCP/UDP port number is to be compared. This object can only be configured if FrameType is ipv6(5).
ML540M-QOS-MIB,ml540mQosConfigQceTableRowEditorIpv6SrcPort,1.3.6.1.4.1.5468.100.14.1.2.3.2.514,scalar,VTSSUnsigned16,read-write,"The source port number of the TCP or UDP protocol. If the Ipv6SrcPortOp object in the same row is range(2), this object will be the starting port numb"
ML540M-QOS-MIB,ml540mQosConfigQceTableRowEditorIpv6SrcPortRange,1.3.6.1.4.1.5468.100.14.1.2.3.2.515,scalar,VTSSUnsigned16,read-write,"The source port number of the TCP or UDP protocol. If the Ipv6SrcPortOp object in the same row is range(2), this object will be the ending port number"
ML540M-QOS-MIB,ml540mQosConfigQceTableRowEditorIpv6DestPortOp,1.3.6.1.4.1.5468.100.14.1.2.3.2.516,scalar,VTSSASRType,read-write,Indicates how a packet's destination TCP/UDP port number is to be compared. This object can only be configured if FrameType is ipv6(5).
ML540M-QOS-MIB,ml540mQosConfigQceTableRowEditorIpv6DestPort,1.3.6.1.4.1.5468.100.14.1.2.3.2.517,scalar,VTSSUnsigned16,read-write,"The destination port number of the TCP or UDP protocol. If the Ipv6DestPortOp object in the same row is range(2), this object will be the starting por"
ML540M-QOS-MIB,ml540mQosConfigQceTableRowEditorIpv6DestPortRange,1.3.6.1.4.1.5468.100.14.1.2.3.2.518,scalar,VTSSUnsigned16,read-write,"The source port number of the TCP or UDP protocol. If the Ipv6DestPortOp object in the same row is range(2), this object will be the ending port numbe"
ML540M-QOS-MIB,ml540mQosConfigQceTableRowEditorActionCosEnable,1.3.6.1.4.1.5468.100.14.1.2.3.2.1000,scalar,TruthValue,read-write,"If true, the packet is classified to the CoS value in ActionCos."
ML540M-QOS-MIB,ml540mQosConfigQceTableRowEditorActionCos,1.3.6.1.4.1.5468.100.14.1.2.3.2.1001,scalar,Unsigned32,read-write,The CoS value used for classification. Valid range is qosCapabilitiesClassMin-qosCapabilitiesClassMax.
ML540M-QOS-MIB,ml540mQosConfigQceTableRowEditorActionDplEnable,1.3.6.1.4.1.5468.100.14.1.2.3.2.1002,scalar,TruthValue,read-write,"If true, the packet is classified to the DPL value in ActionDpl."
ML540M-QOS-MIB,ml540mQosConfigQceTableRowEditorActionDpl,1.3.6.1.4.1.5468.100.14.1.2.3.2.1003,scalar,VTSSUnsigned8,read-write,The DPL value used for classification. Valid range is qosCapabilitiesDplMin-qosCapabilitiesDplMax.
ML540M-QOS-MIB,ml540mQosConfigQceTableRowEditorActionDscpEnable,1.3.6.1.4.1.5468.100.14.1.2.3.2.1004,scalar,TruthValue,read-write,"If true, the packet is classified to the DSCP value in ActionDscp."
ML540M-QOS-MIB,ml540mQosConfigQceTableRowEditorActionDscp,1.3.6.1.4.1.5468.100.14.1.2.3.2.1005,scalar,VTSSUnsigned8,read-write,The DSCP value used for classification. Valid range is 0-63.
ML540M-QOS-MIB,ml540mQosConfigQceTableRowEditorActionPcpDeiEnable,1.3.6.1.4.1.5468.100.14.1.2.3.2.1006,scalar,TruthValue,read-write,"If true, the packet is classified to the PCP value in ActionPcp and the DEI value in ActionDei. This object is only valid if QosCapabilitiesHasQceActi"
ML540M-QOS-MIB,ml540mQosConfigQceTableRowEditorActionPcp,1.3.6.1.4.1.5468.100.14.1.2.3.2.1007,scalar,Unsigned32,read-write,The PCP value used for classification. Valid range is 0-7. This object is only valid if QosCapabilitiesHasQceActionPcpDei is true.
ML540M-QOS-MIB,ml540mQosConfigQceTableRowEditorActionDei,1.3.6.1.4.1.5468.100.14.1.2.3.2.1008,scalar,VTSSUnsigned8,read-write,The DEI value used for classification. Valid range is 0-1. This object is only valid if QosCapabilitiesHasQceActionPcpDei is true.
ML540M-QOS-MIB,ml540mQosConfigQceTableRowEditorActionPolicyEnable,1.3.6.1.4.1.5468.100.14.1.2.3.2.1009,scalar,TruthValue,read-write,"If true, the packet is classified to the policy number in ActionPolicy. This object is only valid if QosCapabilitiesHasQceActionPolicy is true."
ML540M-QOS-MIB,ml540mQosConfigQceTableRowEditorActionPolicy,1.3.6.1.4.1.5468.100.14.1.2.3.2.1010,scalar,Unsigned32,read-write,The policy number used for classification. Valid range is documented in the ACL MIB. This object is only valid if QosCapabilitiesHasQceActionPcpDei is
ML540M-QOS-MIB,ml540mQosConfigQceTableRowEditorAction,1.3.6.1.4.1.5468.100.14.1.2.3.2.10000,scalar,VTSSRowEditorState,read-write,Action
ML540M-QOS-MIB,ml540mQosConfigQcePrecedenceIndex,1.3.6.1.4.1.5468.100.14.1.2.3.3.1.1,column,Integer32 (0..2147483647),not-accessible,QCE precedence index. Indicates the position in QCL.
ML540M-QOS-MIB,ml540mQosConfigQcePrecedenceQceId,1.3.6.1.4.1.5468.100.14.1.2.3.3.1.2,column,Unsigned32,read-only,QCE Id.
ML540M-QOS-MIB,ml540mQosStatusInterfaceIfIndex,1.3.6.1.4.1.5468.100.14.1.3.2.1.1.1,column,VTSSInterfaceIndex,not-accessible,Logical interface index.
ML540M-QOS-MIB,ml540mQosStatusInterfaceCos,1.3.6.1.4.1.5468.100.14.1.3.2.1.1.2,column,Unsigned32,read-only,Some subsystems are allowed to modify the default CoS value for an interface. This object shows the actual default CoS value a packet is classified to
ML540M-QOS-MIB,ml540mQosStatusInterfaceSchedulerIfIndex,1.3.6.1.4.1.5468.100.14.1.3.2.2.1.1,column,VTSSInterfaceIndex,not-accessible,Logical interface index.
ML540M-QOS-MIB,ml540mQosStatusInterfaceSchedulerQueue,1.3.6.1.4.1.5468.100.14.1.3.2.2.1.2,column,Integer32 (0..7),not-accessible,Queue index.
ML540M-QOS-MIB,ml540mQosStatusInterfaceSchedulerWeight,1.3.6.1.4.1.5468.100.14.1.3.2.2.1.3,column,VTSSPercent,read-only,The weight for this queue. Valid range is 1-100.
ML540M-QOS-MIB,ml540mQosStatusQceSwitchId,1.3.6.1.4.1.5468.100.14.1.3.3.1.1.1,column,Unsigned32,not-accessible,Switch Id index.
ML540M-QOS-MIB,ml540mQosStatusQceIndex,1.3.6.1.4.1.5468.100.14.1.3.3.1.1.2,column,Integer32 (0..2147483647),not-accessible,QCE precedence index. Indicates the position in QCL.
ML540M-QOS-MIB,ml540mQosStatusQceUserId,1.3.6.1.4.1.5468.100.14.1.3.3.1.1.3,column,VTSSQosQceUserType,read-only,User Id.
ML540M-QOS-MIB,ml540mQosStatusQceQceId,1.3.6.1.4.1.5468.100.14.1.3.3.1.1.4,column,Unsigned32,read-only,QCE Id.
ML540M-QOS-MIB,ml540mQosStatusQceConflict,1.3.6.1.4.1.5468.100.14.1.3.3.1.1.100,column,TruthValue,read-only,"If true, a resource conflict is detected."
ML540M-QOS-MIB,ml540mQosControlQceConflictResolve,1.3.6.1.4.1.5468.100.14.1.4.3.1,scalar,TruthValue,read-write,"Set to true to resolve resource conflicts. If different components competes for the same resources in the switch, it is possible that some of resource"
ML540M-ACL-MIB,ml540mAclCapabilitiesAceIdMax,1.3.6.1.4.1.5468.100.17.1.1.1,scalar,Unsigned32,read-only,Maximum ID of ACE.
ML540M-ACL-MIB,ml540mAclCapabilitiesPolicyIdMax,1.3.6.1.4.1.5468.100.17.1.1.2,scalar,Unsigned32,read-only,Maximum ID of policy.
ML540M-ACL-MIB,ml540mAclCapabilitiesRateLimiterIdMax,1.3.6.1.4.1.5468.100.17.1.1.3,scalar,Unsigned32,read-only,Maximum ID of rate limiter.
ML540M-ACL-MIB,ml540mAclCapabilitiesEvcPolicerIdMax,1.3.6.1.4.1.5468.100.17.1.1.4,scalar,Unsigned32,read-only,Maximum ID of EVC policer.
ML540M-ACL-MIB,ml540mAclCapabilitiesRateLimiterBitRateSupported,1.3.6.1.4.1.5468.100.17.1.1.5,scalar,TruthValue,read-only,"If true, the rate limiter can be configured by bit rate."
ML540M-ACL-MIB,ml540mAclCapabilitiesEvcPolicerSupported,1.3.6.1.4.1.5468.100.17.1.1.6,scalar,TruthValue,read-only,"If true, EVC policer can be configured."
ML540M-ACL-MIB,ml540mAclCapabilitiesMirrorSupported,1.3.6.1.4.1.5468.100.17.1.1.7,scalar,TruthValue,read-only,"If true, mirror action is supported."
ML540M-ACL-MIB,ml540mAclCapabilitiesMultipleRedirectPortsSupported,1.3.6.1.4.1.5468.100.17.1.1.8,scalar,TruthValue,read-only,"If true, redirect port list can be configured with multiple ports. If false, redirect port list can be configured with only one single port."
ML540M-ACL-MIB,ml540mAclCapabilitiesSecondLookupSupported,1.3.6.1.4.1.5468.100.17.1.1.9,scalar,TruthValue,read-only,"If true, second lookup can be configured."
ML540M-ACL-MIB,ml540mAclCapabilitiesMultipleIngressPortsSupported,1.3.6.1.4.1.5468.100.17.1.1.10,scalar,TruthValue,read-only,"If true, ingress port list can be configured with multiple ports. If false, ingress port list can be configured with only one single port."
ML540M-ACL-MIB,ml540mAclCapabilitiesEgressPortSupported,1.3.6.1.4.1.5468.100.17.1.1.11,scalar,TruthValue,read-only,"If true, egress port list can be configured."
ML540M-ACL-MIB,ml540mAclCapabilitiesVlanTaggedSupported,1.3.6.1.4.1.5468.100.17.1.1.12,scalar,TruthValue,read-only,"If true, VLAN tagged can be configured."
ML540M-ACL-MIB,ml540mAclCapabilitiesStackableAceSupported,1.3.6.1.4.1.5468.100.17.1.1.13,scalar,TruthValue,read-only,"If true, stackable ACE is supported. The 'switch' and 'switchport' ACE ingress type can be configured. Otherwize, only 'any' and 'specific' ACE ingres"
ML540M-ACL-MIB,ml540mAclConfigInterfaceConfigIfIndex,1.3.6.1.4.1.5468.100.17.1.2.2.1.1.1,column,VTSSInterfaceIndex,not-accessible,The index of logical interface.
ML540M-ACL-MIB,ml540mAclConfigInterfaceConfigPolicyId,1.3.6.1.4.1.5468.100.17.1.2.2.1.1.2,column,Unsigned32,read-write,The policy ID.
ML540M-ACL-MIB,ml540mAclConfigInterfaceConfigHitAction,1.3.6.1.4.1.5468.100.17.1.2.2.1.1.101,column,VTSSAclHitAction,read-write,The hit action operation for this interface. egress(2) is not supported.
ML540M-ACL-MIB,ml540mAclConfigInterfaceConfigRedirectPortList,1.3.6.1.4.1.5468.100.17.1.2.2.1.1.102,column,VTSSPortList,read-write,The redirect port list for this interface.
ML540M-ACL-MIB,ml540mAclConfigInterfaceConfigRateLimiterId,1.3.6.1.4.1.5468.100.17.1.2.2.1.1.103,column,Unsigned32,read-write,The rate limiter ID. 0 means to be disabled.
ML540M-ACL-MIB,ml540mAclConfigInterfaceConfigEvcPolicerId,1.3.6.1.4.1.5468.100.17.1.2.2.1.1.104,column,VTSSUnsigned16,read-write,The EVC policer ID. 0 means to be disabled. This object is only available if the capability object 'ml540mAclCapabilitiesEvcPolicerSupported' is True.
ML540M-ACL-MIB,ml540mAclConfigInterfaceConfigMirror,1.3.6.1.4.1.5468.100.17.1.2.2.1.1.105,column,TruthValue,read-write,The mirror operation. Frames matching this interface rule are mirrored to the destination mirror port that is configured in the mirror modules. This o
ML540M-ACL-MIB,ml540mAclConfigInterfaceConfigLogging,1.3.6.1.4.1.5468.100.17.1.2.2.1.1.106,column,TruthValue,read-write,Specify the logging operation of the interface. Notice that the logging message doesn't include the 4 bytes CRC information. The allowed values are: T
ML540M-ACL-MIB,ml540mAclConfigInterfaceConfigShutdown,1.3.6.1.4.1.5468.100.17.1.2.2.1.1.107,column,TruthValue,read-write,"Specify the port shut down operation of the interface. The allowed values are: True - If a frame matches the interface rule, the ingress port will be "
ML540M-ACL-MIB,ml540mAclConfigRateLimiterRateLimiterId,1.3.6.1.4.1.5468.100.17.1.2.3.1.1,column,Integer32 (0..2147483647),not-accessible,The rate limter ID.
ML540M-ACL-MIB,ml540mAclConfigRateLimiterBitRateEnable,1.3.6.1.4.1.5468.100.17.1.2.3.1.2,column,TruthValue,read-write,Use bit rate policing instead of packet rate. True means bit rate is used and false means packet rate is used. This object is only available if the ca
ML540M-ACL-MIB,ml540mAclConfigRateLimiterBitRate,1.3.6.1.4.1.5468.100.17.1.2.3.1.3,column,Unsigned32,read-write,Bit rate in kbps. This object is only available if the capability object 'ml540mAclCapabilitiesRateLimiterBitRateSupported' is True.
ML540M-ACL-MIB,ml540mAclConfigRateLimiterPacketRate,1.3.6.1.4.1.5468.100.17.1.2.3.1.4,column,Unsigned32,read-write,Packet rate in pps.
ML540M-ACL-MIB,ml540mAclConfigAceAceId,1.3.6.1.4.1.5468.100.17.1.2.4.1.1.1,column,Integer32 (0..2147483647),not-accessible,The ACE ID.
ML540M-ACL-MIB,ml540mAclConfigAceNextAceId,1.3.6.1.4.1.5468.100.17.1.2.4.1.1.2,column,Unsigned32,read-write,The ID of ACE next to this ACE.
ML540M-ACL-MIB,ml540mAclConfigAceHitAction,1.3.6.1.4.1.5468.100.17.1.2.4.1.1.101,column,VTSSAclHitAction,read-write,The hit action operation for this ACE.
ML540M-ACL-MIB,ml540mAclConfigAceRedirectPortList,1.3.6.1.4.1.5468.100.17.1.2.4.1.1.102,column,VTSSPortList,read-write,The redirect port list for this ACE.
ML540M-ACL-MIB,ml540mAclConfigAceRedirectPortListSwitchPort,1.3.6.1.4.1.5468.100.17.1.2.4.1.1.103,column,Unsigned32,read-write,The redirect switch port for this ACE. The object is only abaliable if AclAceIngressPortListMode is switchport. And it is used when this ACE is applie
ML540M-ACL-MIB,ml540mAclConfigAceEgressPortList,1.3.6.1.4.1.5468.100.17.1.2.4.1.1.104,column,VTSSPortList,read-write,The egress port list. The port list is to define what ports are allowed to be egress ports. If the egress port of an incoming frame is in the port lis
ML540M-ACL-MIB,ml540mAclConfigAceRateLimiterId,1.3.6.1.4.1.5468.100.17.1.2.4.1.1.105,column,Unsigned32,read-write,The rate limiter ID. 0 means to be disabled.
ML540M-ACL-MIB,ml540mAclConfigAceEvcPolicerId,1.3.6.1.4.1.5468.100.17.1.2.4.1.1.106,column,VTSSUnsigned16,read-write,The EVC policer ID. 0 means to be disabled. This object is only available if the capability object 'ml540mAclCapabilitiesEvcPolicerSupported' is True.
ML540M-ACL-MIB,ml540mAclConfigAceMirror,1.3.6.1.4.1.5468.100.17.1.2.4.1.1.107,column,TruthValue,read-write,The mirror operation. Frames matching this ACE are mirrored to the destination mirror port that is configured in the mirror module. This object is onl
ML540M-ACL-MIB,ml540mAclConfigAceLogging,1.3.6.1.4.1.5468.100.17.1.2.4.1.1.108,column,TruthValue,read-write,Specify the logging operation of the ACE. Notice that the logging message doesn't include the 4 bytes CRC information. The allowed values are: True - 
ML540M-ACL-MIB,ml540mAclConfigAceShutdown,1.3.6.1.4.1.5468.100.17.1.2.4.1.1.109,column,TruthValue,read-write,"Specify the port shut down operation of the ACE. The allowed values are: True: If a frame matches the ACE, the ingress port will be shuted down. False"
ML540M-ACL-MIB,ml540mAclConfigAceIngressPortListMode,1.3.6.1.4.1.5468.100.17.1.2.4.1.1.201,column,VTSSAclAceIngressPortListMode,read-write,The ingress port list mode for this ACE. The possible mode are: 'any': Indicates this ACE is applied on all switches and all ports. 'specific': Indica
ML540M-ACL-MIB,ml540mAclConfigAceIngressPortList,1.3.6.1.4.1.5468.100.17.1.2.4.1.1.202,column,VTSSPortList,read-write,The ingress port list for this ACE. The object is only abaliable if AclAceIngressPortListMode is specific. And it is used when this ACE is applied on 
ML540M-ACL-MIB,ml540mAclConfigAceIngressPortListSwitch,1.3.6.1.4.1.5468.100.17.1.2.4.1.1.203,column,Unsigned32,read-write,The ingress switch ID for this ACE. The object is only abaliable if AclAceIngressPortListMode is switch. And it is used when this ACE is applied on sp
ML540M-ACL-MIB,ml540mAclConfigAceIngressPortListSwitchPort,1.3.6.1.4.1.5468.100.17.1.2.4.1.1.204,column,Unsigned32,read-write,The ingress switch port for this ACE. The object is only abaliable if AclAceIngressPortListMode is switchport. And it is used when this ACE is applied
ML540M-ACL-MIB,ml540mAclConfigAcePolicyValue,1.3.6.1.4.1.5468.100.17.1.2.4.1.1.205,column,VTSSUnsigned8,read-write,The policy number for this ACE.
ML540M-ACL-MIB,ml540mAclConfigAcePolicyMask,1.3.6.1.4.1.5468.100.17.1.2.4.1.1.206,column,VTSSUnsigned8,read-write,"The policy mask for this ACE. The allowed range is 0x0 to 0xff. If the binary bit value is '0', it means this bit is don't-care. The real matched patt"
ML540M-ACL-MIB,ml540mAclConfigAceSecondLookup,1.3.6.1.4.1.5468.100.17.1.2.4.1.1.207,column,TruthValue,read-write,The second lookup operation for this ACE. This object is only available if the capability object 'ml540mAclCapabilitiesSecondLookupSupported' is True.
ML540M-ACL-MIB,ml540mAclConfigAceVlanId,1.3.6.1.4.1.5468.100.17.1.2.4.1.1.301,column,VTSSUnsigned16,read-write,"The VLAN ID for this ACE. Possible values are: 0(disabled), 1-4095."
ML540M-ACL-MIB,ml540mAclConfigAceVlanTagPriority,1.3.6.1.4.1.5468.100.17.1.2.4.1.1.302,column,VTSSVlanTagPriority,read-write,The VLAN tag priority for this ACE.
ML540M-ACL-MIB,ml540mAclConfigAceVlanTagged,1.3.6.1.4.1.5468.100.17.1.2.4.1.1.303,column,VTSSAclAceVlanTagged,read-write,The 802.1Q VLAN tagged for this ACE. This object is only available if the capability object 'ml540mAclCapabilitiesVlanTaggedSupported' is True.
ML540M-ACL-MIB,ml540mAclConfigAceFrameType,1.3.6.1.4.1.5468.100.17.1.2.4.1.1.401,column,VTSSAclAceFrameType,read-write,The frame type for this ACE.
ML540M-ACL-MIB,ml540mAclConfigAceDestMacOp,1.3.6.1.4.1.5468.100.17.1.2.4.1.1.402,column,VTSSAdvDestMacType,read-write,Indicates how a packet's destination MAC address to be matched.
ML540M-ACL-MIB,ml540mAclConfigAceEtherSrcMacOp,1.3.6.1.4.1.5468.100.17.1.2.4.1.1.501,column,VTSSASType,read-write,Indicates how a Ethernet type packet's source MAC address to be matched. This object is only available if FrameType is ether(1).
ML540M-ACL-MIB,ml540mAclConfigAceEtherSrcMac,1.3.6.1.4.1.5468.100.17.1.2.4.1.1.502,column,MacAddress,read-write,Indicates the 48 bits source MAC address. This object is only available if FrameType is ether(1) and EtherSrcMacOp is specific(1).
ML540M-ACL-MIB,ml540mAclConfigAceEtherDestMac,1.3.6.1.4.1.5468.100.17.1.2.4.1.1.503,column,MacAddress,read-write,Indicates the 48 bits destination MAC address. This object is only available if FrameType is ether(1) and EtherDestMacOp is specific(1).
ML540M-ACL-MIB,ml540mAclConfigAceEtherType,1.3.6.1.4.1.5468.100.17.1.2.4.1.1.504,column,VTSSUnsigned16,read-write,"Indicates the packet's 16 bit Ethernet type field. Possible values are: 0(disabled), 0x600-0xFFFF but excluding 0x800(IPv4), 0x806(ARP) and 0x86DD(IPv"
ML540M-ACL-MIB,ml540mAclConfigAceArpSrcMacOp,1.3.6.1.4.1.5468.100.17.1.2.4.1.1.601,column,VTSSASType,read-write,Indicates how a ARP packet's source MAC address to be matched. This object is only available if FrameType is arp(4).
ML540M-ACL-MIB,ml540mAclConfigAceArpSrcMac,1.3.6.1.4.1.5468.100.17.1.2.4.1.1.602,column,MacAddress,read-write,Indicates the 48 bits source MAC address. This object is only available if FrameType is arp(4) and ArpSrcMacOp is specific(1).
ML540M-ACL-MIB,ml540mAclConfigAceArpSenderIp,1.3.6.1.4.1.5468.100.17.1.2.4.1.1.603,column,IpAddress,read-write,The specified ARP sender IP address. The packet's sender address is AND-ed with the value of ArpSenderIpMask and then compared with the value of this 
ML540M-ACL-MIB,ml540mAclConfigAceArpSenderIpMask,1.3.6.1.4.1.5468.100.17.1.2.4.1.1.604,column,IpAddress,read-write,The specified ARP sender IP address mask. This object is only available if FrameType is arp(4).
ML540M-ACL-MIB,ml540mAclConfigAceArpTargetIp,1.3.6.1.4.1.5468.100.17.1.2.4.1.1.605,column,IpAddress,read-write,The specified ARP target IP address. The packet's target address is AND-ed with the value of ArpTragetIpMask and then compared with the value of this 
ML540M-ACL-MIB,ml540mAclConfigAceArpTargetIpMask,1.3.6.1.4.1.5468.100.17.1.2.4.1.1.606,column,IpAddress,read-write,The specified ARP target IP address mask. This object is only available if FrameType is arp(4).
ML540M-ACL-MIB,ml540mAclConfigAceArpOpcode,1.3.6.1.4.1.5468.100.17.1.2.4.1.1.607,column,VTSSAclAceArpOp,read-write,Indicates how a ARP packet's opcode to be matched. This object is only available if FrameType is arp(4).
ML540M-ACL-MIB,ml540mAclConfigAceArpFlagReq,1.3.6.1.4.1.5468.100.17.1.2.4.1.1.608,column,VTSSBitType,read-write,Indicates how a ARP packet's request/reply opcode is to be compared. This object is only available if FrameType is arp(4).
ML540M-ACL-MIB,ml540mAclConfigAceArpFlagSha,1.3.6.1.4.1.5468.100.17.1.2.4.1.1.609,column,VTSSBitType,read-write,Indicates how a ARP packet's sender hardware address field (SHA) to be compared. This object is only available if FrameType is arp(4).
ML540M-ACL-MIB,ml540mAclConfigAceArpFlagTha,1.3.6.1.4.1.5468.100.17.1.2.4.1.1.610,column,VTSSBitType,read-write,Indicates how a ARP packet's target hardware address field (THA) is to be compared. This object is only available if FrameType is arp(4).
ML540M-ACL-MIB,ml540mAclConfigAceArpFlagHln,1.3.6.1.4.1.5468.100.17.1.2.4.1.1.611,column,VTSSBitType,read-write,"Indicates how a ARP packet's s hardware address length field (HLN) is to be compared. The value 0 means any HLN value is allowed (don't-care field), v"
ML540M-ACL-MIB,ml540mAclConfigAceArpFlagHrd,1.3.6.1.4.1.5468.100.17.1.2.4.1.1.612,column,VTSSBitType,read-write,"Indicates how a ARP packet's hardware address space field (HRD) is to be compared. The value 0 means any HRD value is allowed (don't-care field), valu"
ML540M-ACL-MIB,ml540mAclConfigAceArpFlagPro,1.3.6.1.4.1.5468.100.17.1.2.4.1.1.613,column,VTSSBitType,read-write,"Indicates how a ARP packet's protocol address space field (PRO) is to be compared. The value 0 means any PRO value is allowed (don't-care field), valu"
ML540M-ACL-MIB,ml540mAclConfigAceIpv4ProtocolOp,1.3.6.1.4.1.5468.100.17.1.2.4.1.1.701,column,VTSSASType,read-write,Indicates how a IPv4 packet's protocol field is to be compared. This object is only available if FrameType is ipv4(5).
ML540M-ACL-MIB,ml540mAclConfigAceIpv4Protocol,1.3.6.1.4.1.5468.100.17.1.2.4.1.1.702,column,VTSSUnsigned8,read-write,The protocol number field in the IPv4 header used to indicate a higher layer protocol. Possible values are 0-255. This object is only available if Fra
ML540M-ACL-MIB,ml540mAclConfigAceIpv4SrcIp,1.3.6.1.4.1.5468.100.17.1.2.4.1.1.703,column,IpAddress,read-write,The specified source IPv4 address. The packet's sender address is AND-ed with the value of Ipv4SrcIpMask and then compared with the value of this obje
ML540M-ACL-MIB,ml540mAclConfigAceIpv4SrcIpMask,1.3.6.1.4.1.5468.100.17.1.2.4.1.1.704,column,IpAddress,read-write,The specified source IPv4 address mask. This object is only available if FrameType is ipv4(5).
ML540M-ACL-MIB,ml540mAclConfigAceIpv4DestIp,1.3.6.1.4.1.5468.100.17.1.2.4.1.1.705,column,IpAddress,read-write,The specified destination IPv4 address. The packet's sender address is AND-ed with the value of Ipv4DestIpMask and then compared with the value of thi
ML540M-ACL-MIB,ml540mAclConfigAceIpv4DestIpMask,1.3.6.1.4.1.5468.100.17.1.2.4.1.1.706,column,IpAddress,read-write,The specified destination IPv4 address mask. This object is only available if FrameType is ipv4(5).
ML540M-ACL-MIB,ml540mAclConfigAceIpv4IcmpTypeOp,1.3.6.1.4.1.5468.100.17.1.2.4.1.1.707,column,VTSSASType,read-write,Indicates how a IPv4 packet's ICMP type field is to be compared. This object is only available if FrameType is ipv4(5) and Ipv4Protocol is icmp(1).
ML540M-ACL-MIB,ml540mAclConfigAceIpv4IcmpType,1.3.6.1.4.1.5468.100.17.1.2.4.1.1.708,column,VTSSUnsigned8,read-write,"The ICMP type field in the IPv4 header. Possible values are 0-255. This object is only available if FrameType is ipv4(5), Ipv4Protocol is icmp(1) and "
ML540M-ACL-MIB,ml540mAclConfigAceIpv4IcmpCodeOp,1.3.6.1.4.1.5468.100.17.1.2.4.1.1.709,column,VTSSASType,read-write,Indicates how a IPv4 packet's ICMP code field is to be compared. This object is only available if FrameType is ipv4(5) and Ipv4Protocol is icmp(1).
ML540M-ACL-MIB,ml540mAclConfigAceIpv4IcmpCode,1.3.6.1.4.1.5468.100.17.1.2.4.1.1.710,column,VTSSUnsigned8,read-write,"The ICMP code field in the IPv4 header. Possible values are 0-255. This object is only available if FrameType is ipv4(5), Ipv4Protocol is icmp(1) and "
ML540M-ACL-MIB,ml540mAclConfigAceIpv4SrcPortOp,1.3.6.1.4.1.5468.100.17.1.2.4.1.1.711,column,VTSSASRType,read-write,Indicates how a packet's source TCP/UDP port number is to be compared. This object is only available if FrameType is ipv4(5).
ML540M-ACL-MIB,ml540mAclConfigAceIpv4SrcPort,1.3.6.1.4.1.5468.100.17.1.2.4.1.1.712,column,VTSSUnsigned16,read-write,"The source port number of the TCP or UDP protocol. If the Ipv4SrcPortOp object is range(2), this object will be the starting port number of the port r"
ML540M-ACL-MIB,ml540mAclConfigAceIpv4SrcPortRange,1.3.6.1.4.1.5468.100.17.1.2.4.1.1.713,column,VTSSUnsigned16,read-write,"The source port number of the TCP or UDP protocol. If the Ipv4SrcPortOp object is range(2), this object will be the ending port number of the port ran"
ML540M-ACL-MIB,ml540mAclConfigAceIpv4DestPortOp,1.3.6.1.4.1.5468.100.17.1.2.4.1.1.714,column,VTSSASRType,read-write,Indicates how a packet's destination TCP/UDP port number is to be compared. This object is only available if FrameType is ipv4(5).
ML540M-ACL-MIB,ml540mAclConfigAceIpv4DestPort,1.3.6.1.4.1.5468.100.17.1.2.4.1.1.715,column,VTSSUnsigned16,read-write,"The destination port number of the TCP or UDP protocol. If the Ipv4DestPortOp object in the same row is range(2), this object will be the starting por"
ML540M-ACL-MIB,ml540mAclConfigAceIpv4DestPortRange,1.3.6.1.4.1.5468.100.17.1.2.4.1.1.716,column,VTSSUnsigned16,read-write,"The destination port number of the TCP or UDP protocol. If the Ipv4DestPortOp object in the same row is range(2), this object will be the ending port "
ML540M-ACL-MIB,ml540mAclConfigAceIpv4FlagTtl,1.3.6.1.4.1.5468.100.17.1.2.4.1.1.717,column,VTSSBitType,read-write,"Indicates how a IPv4 packet's Time-to-Live field (TTL) is to be compared. The value 0 means any TTL value is allowed (don't-care field), value 1 means"
ML540M-ACL-MIB,ml540mAclConfigAceIpv4FlagFragment,1.3.6.1.4.1.5468.100.17.1.2.4.1.1.718,column,VTSSBitType,read-write,"Indicates how a IPv4 packet's More-Fragments field (MF) is to be compared. The value 0 means any MF value is allowed (don't-care field), value 1 means"
ML540M-ACL-MIB,ml540mAclConfigAceIpv4FlagIpOption,1.3.6.1.4.1.5468.100.17.1.2.4.1.1.719,column,VTSSBitType,read-write,Indicates how a IPv4 packet's options field is to be compared. This object is only available if FrameType is ipv4(5).
ML540M-ACL-MIB,ml540mAclConfigAceIpv4TcpFlagFin,1.3.6.1.4.1.5468.100.17.1.2.4.1.1.720,column,VTSSBitType,read-write,Indicates how the IPv4 TCP FIN flag is matched. This object is only available if FrameType is ipv4(5) and Ipv4Protocol is tcp(6).
ML540M-ACL-MIB,ml540mAclConfigAceIpv4TcpFlagSyn,1.3.6.1.4.1.5468.100.17.1.2.4.1.1.721,column,VTSSBitType,read-write,Indicates how the IPv4 TCP SYN flag is matched. This object is only available if FrameType is ipv4(5) and Ipv4Protocol is tcp(6).
ML540M-ACL-MIB,ml540mAclConfigAceIpv4TcpFlagRst,1.3.6.1.4.1.5468.100.17.1.2.4.1.1.722,column,VTSSBitType,read-write,Indicates how the IPv4 TCP RST flag is matched. This object is only available if FrameType is ipv4(5) and Ipv4Protocol is tcp(6).
ML540M-ACL-MIB,ml540mAclConfigAceIpv4TcpFlagPsh,1.3.6.1.4.1.5468.100.17.1.2.4.1.1.723,column,VTSSBitType,read-write,Indicates how the IPv4 TCP PSH flag is matched. This object is only available if FrameType is ipv4(5) and Ipv4Protocol is tcp(6).
ML540M-ACL-MIB,ml540mAclConfigAceIpv4TcpFlagAck,1.3.6.1.4.1.5468.100.17.1.2.4.1.1.724,column,VTSSBitType,read-write,Indicates how the IPv4 TCP ACK flag is matched. This object is only available if FrameType is ipv4(5) and Ipv4Protocol is tcp(6).
ML540M-ACL-MIB,ml540mAclConfigAceIpv4TcpFlagUrg,1.3.6.1.4.1.5468.100.17.1.2.4.1.1.725,column,VTSSBitType,read-write,Indicates how the IPv4 TCP URG flag is matched. This object is only available if FrameType is ipv4(5) and Ipv4Protocol is tcp(6).
ML540M-ACL-MIB,ml540mAclConfigAceIpv6NextHeaderOp,1.3.6.1.4.1.5468.100.17.1.2.4.1.1.801,column,VTSSASType,read-write,Specify the IPv6 next header filter for this ACE. This object is only available if FrameType is ipv6(6).
ML540M-ACL-MIB,ml540mAclConfigAceIpv6NextHeader,1.3.6.1.4.1.5468.100.17.1.2.4.1.1.802,column,VTSSUnsigned8,read-write,"When 'Specific' is selected for the IPv6 next header value, you can enter a specific value. The allowed range is 0 to 255. A frame that hits this ACE "
ML540M-ACL-MIB,ml540mAclConfigAceIpv6Icmpv6TypeOp,1.3.6.1.4.1.5468.100.17.1.2.4.1.1.803,column,VTSSASType,read-write,Indicates how a IPv6 packet's ICMPv6 type field is to be compared. This object is only available if FrameType is ipv6(6) and Ipv6NextHeader is icmpv6(
ML540M-ACL-MIB,ml540mAclConfigAceIpv6Icmpv6Type,1.3.6.1.4.1.5468.100.17.1.2.4.1.1.804,column,VTSSUnsigned8,read-write,"The ICMPv6 type field in the IPv6 header. Possible values are 0-255. This object is only available if FrameType is ipv6(6), Ipv6NextHeader is icmpv6(5"
ML540M-ACL-MIB,ml540mAclConfigAceIpv6Icmpv6CodeOp,1.3.6.1.4.1.5468.100.17.1.2.4.1.1.805,column,VTSSASType,read-write,Indicates how a IPv6 packet's ICMPv6 code field is to be compared. This object is only available if FrameType is ipv6(6) and Ipv6NextHeader is icmpv6(
ML540M-ACL-MIB,ml540mAclConfigAceIpv6Icmpv6Code,1.3.6.1.4.1.5468.100.17.1.2.4.1.1.806,column,VTSSUnsigned8,read-write,"The ICMP code field in the IPv6 header. Possible values are 0-255. This object is only available if FrameType is ipv6(6), Ipv6NextHeader is icmpv6(58)"
ML540M-ACL-MIB,ml540mAclConfigAceIpv6SrcIp,1.3.6.1.4.1.5468.100.17.1.2.4.1.1.807,column,InetAddressIPv6,read-write,The specified source IPv6 address. The packet's sender address is AND-ed with the value of Ipv6SrcIpMask and then compared with the value of this obje
ML540M-ACL-MIB,ml540mAclConfigAceIpv6SrcIpMask,1.3.6.1.4.1.5468.100.17.1.2.4.1.1.808,column,InetAddressIPv6,read-write,The specified source IPv6 address mask. This object is only available if FrameType is ipv6(6).
ML540M-ACL-MIB,ml540mAclConfigAceIpv6SrcPortOp,1.3.6.1.4.1.5468.100.17.1.2.4.1.1.809,column,VTSSASRType,read-write,Indicates how a packet's source TCP/UDP port number is to be compared. This object is only available if FrameType is ipv6(6).
ML540M-ACL-MIB,ml540mAclConfigAceIpv6SrcPort,1.3.6.1.4.1.5468.100.17.1.2.4.1.1.810,column,VTSSUnsigned16,read-write,"The source port number of the TCP or UDP protocol. If the Ipv6SrcPortOp object in the same row is range(2), this object will be the starting port numb"
ML540M-ACL-MIB,ml540mAclConfigAceIpv6SrcPortRange,1.3.6.1.4.1.5468.100.17.1.2.4.1.1.811,column,VTSSUnsigned16,read-write,"The source port number of the TCP or UDP protocol. If the Ipv6SrcPortOp object in the same row is range(2), this object will be the ending port number"
ML540M-ACL-MIB,ml540mAclConfigAceIpv6DestPortOp,1.3.6.1.4.1.5468.100.17.1.2.4.1.1.812,column,VTSSASRType,read-write,Indicates how a packet's destination TCP/UDP port number is to be compared. This object is only available if FrameType is ipv6(6).
ML540M-ACL-MIB,ml540mAclConfigAceIpv6DestPort,1.3.6.1.4.1.5468.100.17.1.2.4.1.1.813,column,VTSSUnsigned16,read-write,"The destination port number of the TCP or UDP protocol. If the Ipv6DestPortOp object in the same row is range(2), this object will be the starting por"
ML540M-ACL-MIB,ml540mAclConfigAceIpv6DestPortRange,1.3.6.1.4.1.5468.100.17.1.2.4.1.1.814,column,VTSSUnsigned16,read-write,"The destination port number of the TCP or UDP protocol. If the Ipv6DestPortOp object in the same row is range(2), this object will be the ending port "
ML540M-ACL-MIB,ml540mAclConfigAceIpv6FlagTtl,1.3.6.1.4.1.5468.100.17.1.2.4.1.1.815,column,VTSSBitType,read-write,"Indicates how a IPv6 packet's Time-to-Live field (TTL) is to be compared. The value 0 means any TTL value is allowed (don't-care field), value 1 means"
ML540M-ACL-MIB,ml540mAclConfigAceIpv6TcpFlagFin,1.3.6.1.4.1.5468.100.17.1.2.4.1.1.816,column,VTSSBitType,read-write,Indicates how a IPv6 TCP packet's 'No more data from sender' field (FIN) is to be compared. The value 0 means any FIN value is allowed (don't-care fie
ML540M-ACL-MIB,ml540mAclConfigAceIpv6TcpFlagSyn,1.3.6.1.4.1.5468.100.17.1.2.4.1.1.817,column,VTSSBitType,read-write,Indicates how a IPv6 TCP packet's 'Synchronize sequence numbers' field (SYN) is to be compared. The value 0 means any SYN value is allowed (don't-care
ML540M-ACL-MIB,ml540mAclConfigAceIpv6TcpFlagRst,1.3.6.1.4.1.5468.100.17.1.2.4.1.1.818,column,VTSSBitType,read-write,"Indicates how a IPv6 TCP packet's 'Reset the connection' field (RST) is to be compared. The value 0 means any RST value is allowed (don't-care field),"
ML540M-ACL-MIB,ml540mAclConfigAceIpv6TcpFlagPsh,1.3.6.1.4.1.5468.100.17.1.2.4.1.1.819,column,VTSSBitType,read-write,"Indicates how a IPv6 TCP packet's 'Push Function' field (PSH) is to be compared. The value 0 means any PSH value is allowed (don't-care field), value "
ML540M-ACL-MIB,ml540mAclConfigAceIpv6TcpFlagAck,1.3.6.1.4.1.5468.100.17.1.2.4.1.1.820,column,VTSSBitType,read-write,Indicates how a IPv6 TCP packet's 'Acknowledgment field significant' field (ACK) is to be compared. The value 0 means any FIN value is allowed (don't-
ML540M-ACL-MIB,ml540mAclConfigAceIpv6TcpFlagUrg,1.3.6.1.4.1.5468.100.17.1.2.4.1.1.821,column,VTSSBitType,read-write,Indicates how a IPv6 TCP packet's 'Urgent Pointer field significant' field (URG) is to be compared. The value 0 means any URG value is allowed (don't-
ML540M-ACL-MIB,ml540mAclConfigAceAction,1.3.6.1.4.1.5468.100.17.1.2.4.1.1.10000,column,VTSSRowEditorState,read-write,Action
ML540M-ACL-MIB,ml540mAclConfigAceRowEditorAceId,1.3.6.1.4.1.5468.100.17.1.2.4.2.1,scalar,Integer32 (0..2147483647),read-write,The ACE ID.
ML540M-ACL-MIB,ml540mAclConfigAceRowEditorNextAceId,1.3.6.1.4.1.5468.100.17.1.2.4.2.2,scalar,Unsigned32,read-write,The ID of ACE next to this ACE.
ML540M-ACL-MIB,ml540mAclConfigAceRowEditorHitAction,1.3.6.1.4.1.5468.100.17.1.2.4.2.101,scalar,VTSSAclHitAction,read-write,The hit action operation for this ACE.
ML540M-ACL-MIB,ml540mAclConfigAceRowEditorRedirectPortList,1.3.6.1.4.1.5468.100.17.1.2.4.2.102,scalar,VTSSPortList,read-write,The redirect port list for this ACE.
ML540M-ACL-MIB,ml540mAclConfigAceRowEditorRedirectPortListSwitchPort,1.3.6.1.4.1.5468.100.17.1.2.4.2.103,scalar,Unsigned32,read-write,The redirect switch port for this ACE. The object is only abaliable if AclAceIngressPortListMode is switchport. And it is used when this ACE is applie
ML540M-ACL-MIB,ml540mAclConfigAceRowEditorEgressPortList,1.3.6.1.4.1.5468.100.17.1.2.4.2.104,scalar,VTSSPortList,read-write,The egress port list. The port list is to define what ports are allowed to be egress ports. If the egress port of an incoming frame is in the port lis
ML540M-ACL-MIB,ml540mAclConfigAceRowEditorRateLimiterId,1.3.6.1.4.1.5468.100.17.1.2.4.2.105,scalar,Unsigned32,read-write,The rate limiter ID. 0 means to be disabled.
ML540M-ACL-MIB,ml540mAclConfigAceRowEditorEvcPolicerId,1.3.6.1.4.1.5468.100.17.1.2.4.2.106,scalar,VTSSUnsigned16,read-write,The EVC policer ID. 0 means to be disabled. This object is only available if the capability object 'ml540mAclCapabilitiesEvcPolicerSupported' is True.
ML540M-ACL-MIB,ml540mAclConfigAceRowEditorMirror,1.3.6.1.4.1.5468.100.17.1.2.4.2.107,scalar,TruthValue,read-write,The mirror operation. Frames matching this ACE are mirrored to the destination mirror port that is configured in the mirror module. This object is onl
ML540M-ACL-MIB,ml540mAclConfigAceRowEditorLogging,1.3.6.1.4.1.5468.100.17.1.2.4.2.108,scalar,TruthValue,read-write,Specify the logging operation of the ACE. Notice that the logging message doesn't include the 4 bytes CRC information. The allowed values are: True - 
ML540M-ACL-MIB,ml540mAclConfigAceRowEditorShutdown,1.3.6.1.4.1.5468.100.17.1.2.4.2.109,scalar,TruthValue,read-write,"Specify the port shut down operation of the ACE. The allowed values are: True: If a frame matches the ACE, the ingress port will be shuted down. False"
ML540M-ACL-MIB,ml540mAclConfigAceRowEditorIngressPortListMode,1.3.6.1.4.1.5468.100.17.1.2.4.2.201,scalar,VTSSAclAceIngressPortListMode,read-write,The ingress port list mode for this ACE. The possible mode are: 'any': Indicates this ACE is applied on all switches and all ports. 'specific': Indica
ML540M-ACL-MIB,ml540mAclConfigAceRowEditorIngressPortList,1.3.6.1.4.1.5468.100.17.1.2.4.2.202,scalar,VTSSPortList,read-write,The ingress port list for this ACE. The object is only abaliable if AclAceIngressPortListMode is specific. And it is used when this ACE is applied on 
ML540M-ACL-MIB,ml540mAclConfigAceRowEditorIngressPortListSwitch,1.3.6.1.4.1.5468.100.17.1.2.4.2.203,scalar,Unsigned32,read-write,The ingress switch ID for this ACE. The object is only abaliable if AclAceIngressPortListMode is switch. And it is used when this ACE is applied on sp
ML540M-ACL-MIB,ml540mAclConfigAceRowEditorIngressPortListSwitchPort,1.3.6.1.4.1.5468.100.17.1.2.4.2.204,scalar,Unsigned32,read-write,The ingress switch port for this ACE. The object is only abaliable if AclAceIngressPortListMode is switchport. And it is used when this ACE is applied
ML540M-ACL-MIB,ml540mAclConfigAceRowEditorPolicyValue,1.3.6.1.4.1.5468.100.17.1.2.4.2.205,scalar,VTSSUnsigned8,read-write,The policy number for this ACE.
ML540M-ACL-MIB,ml540mAclConfigAceRowEditorPolicyMask,1.3.6.1.4.1.5468.100.17.1.2.4.2.206,scalar,VTSSUnsigned8,read-write,"The policy mask for this ACE. The allowed range is 0x0 to 0xff. If the binary bit value is '0', it means this bit is don't-care. The real matched patt"
ML540M-ACL-MIB,ml540mAclConfigAceRowEditorSecondLookup,1.3.6.1.4.1.5468.100.17.1.2.4.2.207,scalar,TruthValue,read-write,The second lookup operation for this ACE. This object is only available if the capability object 'ml540mAclCapabilitiesSecondLookupSupported' is True.
ML540M-ACL-MIB,ml540mAclConfigAceRowEditorVlanId,1.3.6.1.4.1.5468.100.17.1.2.4.2.301,scalar,VTSSUnsigned16,read-write,"The VLAN ID for this ACE. Possible values are: 0(disabled), 1-4095."
ML540M-ACL-MIB,ml540mAclConfigAceRowEditorVlanTagPriority,1.3.6.1.4.1.5468.100.17.1.2.4.2.302,scalar,VTSSVlanTagPriority,read-write,The VLAN tag priority for this ACE.
ML540M-ACL-MIB,ml540mAclConfigAceRowEditorVlanTagged,1.3.6.1.4.1.5468.100.17.1.2.4.2.303,scalar,VTSSAclAceVlanTagged,read-write,The 802.1Q VLAN tagged for this ACE. This object is only available if the capability object 'ml540mAclCapabilitiesVlanTaggedSupported' is True.
ML540M-ACL-MIB,ml540mAclConfigAceRowEditorFrameType,1.3.6.1.4.1.5468.100.17.1.2.4.2.401,scalar,VTSSAclAceFrameType,read-write,The frame type for this ACE.
ML540M-ACL-MIB,ml540mAclConfigAceRowEditorDestMacOp,1.3.6.1.4.1.5468.100.17.1.2.4.2.402,scalar,VTSSAdvDestMacType,read-write,Indicates how a packet's destination MAC address to be matched.
ML540M-ACL-MIB,ml540mAclConfigAceRowEditorEtherSrcMacOp,1.3.6.1.4.1.5468.100.17.1.2.4.2.501,scalar,VTSSASType,read-write,Indicates how a Ethernet type packet's source MAC address to be matched. This object is only available if FrameType is ether(1).
ML540M-ACL-MIB,ml540mAclConfigAceRowEditorEtherSrcMac,1.3.6.1.4.1.5468.100.17.1.2.4.2.502,scalar,MacAddress,read-write,Indicates the 48 bits source MAC address. This object is only available if FrameType is ether(1) and EtherSrcMacOp is specific(1).
ML540M-ACL-MIB,ml540mAclConfigAceRowEditorEtherDestMac,1.3.6.1.4.1.5468.100.17.1.2.4.2.503,scalar,MacAddress,read-write,Indicates the 48 bits destination MAC address. This object is only available if FrameType is ether(1) and EtherDestMacOp is specific(1).
ML540M-ACL-MIB,ml540mAclConfigAceRowEditorEtherType,1.3.6.1.4.1.5468.100.17.1.2.4.2.504,scalar,VTSSUnsigned16,read-write,"Indicates the packet's 16 bit Ethernet type field. Possible values are: 0(disabled), 0x600-0xFFFF but excluding 0x800(IPv4), 0x806(ARP) and 0x86DD(IPv"
ML540M-ACL-MIB,ml540mAclConfigAceRowEditorArpSrcMacOp,1.3.6.1.4.1.5468.100.17.1.2.4.2.601,scalar,VTSSASType,read-write,Indicates how a ARP packet's source MAC address to be matched. This object is only available if FrameType is arp(4).
ML540M-ACL-MIB,ml540mAclConfigAceRowEditorArpSrcMac,1.3.6.1.4.1.5468.100.17.1.2.4.2.602,scalar,MacAddress,read-write,Indicates the 48 bits source MAC address. This object is only available if FrameType is arp(4) and ArpSrcMacOp is specific(1).
ML540M-ACL-MIB,ml540mAclConfigAceRowEditorArpSenderIp,1.3.6.1.4.1.5468.100.17.1.2.4.2.603,scalar,IpAddress,read-write,The specified ARP sender IP address. The packet's sender address is AND-ed with the value of ArpSenderIpMask and then compared with the value of this 
ML540M-ACL-MIB,ml540mAclConfigAceRowEditorArpSenderIpMask,1.3.6.1.4.1.5468.100.17.1.2.4.2.604,scalar,IpAddress,read-write,The specified ARP sender IP address mask. This object is only available if FrameType is arp(4).
ML540M-ACL-MIB,ml540mAclConfigAceRowEditorArpTargetIp,1.3.6.1.4.1.5468.100.17.1.2.4.2.605,scalar,IpAddress,read-write,The specified ARP target IP address. The packet's target address is AND-ed with the value of ArpTragetIpMask and then compared with the value of this 
ML540M-ACL-MIB,ml540mAclConfigAceRowEditorArpTargetIpMask,1.3.6.1.4.1.5468.100.17.1.2.4.2.606,scalar,IpAddress,read-write,The specified ARP target IP address mask. This object is only available if FrameType is arp(4).
ML540M-ACL-MIB,ml540mAclConfigAceRowEditorArpOpcode,1.3.6.1.4.1.5468.100.17.1.2.4.2.607,scalar,VTSSAclAceArpOp,read-write,Indicates how a ARP packet's opcode to be matched. This object is only available if FrameType is arp(4).
ML540M-ACL-MIB,ml540mAclConfigAceRowEditorArpFlagReq,1.3.6.1.4.1.5468.100.17.1.2.4.2.608,scalar,VTSSBitType,read-write,Indicates how a ARP packet's request/reply opcode is to be compared. This object is only available if FrameType is arp(4).
ML540M-ACL-MIB,ml540mAclConfigAceRowEditorArpFlagSha,1.3.6.1.4.1.5468.100.17.1.2.4.2.609,scalar,VTSSBitType,read-write,Indicates how a ARP packet's sender hardware address field (SHA) to be compared. This object is only available if FrameType is arp(4).
ML540M-ACL-MIB,ml540mAclConfigAceRowEditorArpFlagTha,1.3.6.1.4.1.5468.100.17.1.2.4.2.610,scalar,VTSSBitType,read-write,Indicates how a ARP packet's target hardware address field (THA) is to be compared. This object is only available if FrameType is arp(4).
ML540M-ACL-MIB,ml540mAclConfigAceRowEditorArpFlagHln,1.3.6.1.4.1.5468.100.17.1.2.4.2.611,scalar,VTSSBitType,read-write,"Indicates how a ARP packet's s hardware address length field (HLN) is to be compared. The value 0 means any HLN value is allowed (don't-care field), v"
ML540M-ACL-MIB,ml540mAclConfigAceRowEditorArpFlagHrd,1.3.6.1.4.1.5468.100.17.1.2.4.2.612,scalar,VTSSBitType,read-write,"Indicates how a ARP packet's hardware address space field (HRD) is to be compared. The value 0 means any HRD value is allowed (don't-care field), valu"
ML540M-ACL-MIB,ml540mAclConfigAceRowEditorArpFlagPro,1.3.6.1.4.1.5468.100.17.1.2.4.2.613,scalar,VTSSBitType,read-write,"Indicates how a ARP packet's protocol address space field (PRO) is to be compared. The value 0 means any PRO value is allowed (don't-care field), valu"
ML540M-ACL-MIB,ml540mAclConfigAceRowEditorIpv4ProtocolOp,1.3.6.1.4.1.5468.100.17.1.2.4.2.701,scalar,VTSSASType,read-write,Indicates how a IPv4 packet's protocol field is to be compared. This object is only available if FrameType is ipv4(5).
ML540M-ACL-MIB,ml540mAclConfigAceRowEditorIpv4Protocol,1.3.6.1.4.1.5468.100.17.1.2.4.2.702,scalar,VTSSUnsigned8,read-write,The protocol number field in the IPv4 header used to indicate a higher layer protocol. Possible values are 0-255. This object is only available if Fra
ML540M-ACL-MIB,ml540mAclConfigAceRowEditorIpv4SrcIp,1.3.6.1.4.1.5468.100.17.1.2.4.2.703,scalar,IpAddress,read-write,The specified source IPv4 address. The packet's sender address is AND-ed with the value of Ipv4SrcIpMask and then compared with the value of this obje
ML540M-ACL-MIB,ml540mAclConfigAceRowEditorIpv4SrcIpMask,1.3.6.1.4.1.5468.100.17.1.2.4.2.704,scalar,IpAddress,read-write,The specified source IPv4 address mask. This object is only available if FrameType is ipv4(5).
ML540M-ACL-MIB,ml540mAclConfigAceRowEditorIpv4DestIp,1.3.6.1.4.1.5468.100.17.1.2.4.2.705,scalar,IpAddress,read-write,The specified destination IPv4 address. The packet's sender address is AND-ed with the value of Ipv4DestIpMask and then compared with the value of thi
ML540M-ACL-MIB,ml540mAclConfigAceRowEditorIpv4DestIpMask,1.3.6.1.4.1.5468.100.17.1.2.4.2.706,scalar,IpAddress,read-write,The specified destination IPv4 address mask. This object is only available if FrameType is ipv4(5).
ML540M-ACL-MIB,ml540mAclConfigAceRowEditorIpv4IcmpTypeOp,1.3.6.1.4.1.5468.100.17.1.2.4.2.707,scalar,VTSSASType,read-write,Indicates how a IPv4 packet's ICMP type field is to be compared. This object is only available if FrameType is ipv4(5) and Ipv4Protocol is icmp(1).
ML540M-ACL-MIB,ml540mAclConfigAceRowEditorIpv4IcmpType,1.3.6.1.4.1.5468.100.17.1.2.4.2.708,scalar,VTSSUnsigned8,read-write,"The ICMP type field in the IPv4 header. Possible values are 0-255. This object is only available if FrameType is ipv4(5), Ipv4Protocol is icmp(1) and "
ML540M-ACL-MIB,ml540mAclConfigAceRowEditorIpv4IcmpCodeOp,1.3.6.1.4.1.5468.100.17.1.2.4.2.709,scalar,VTSSASType,read-write,Indicates how a IPv4 packet's ICMP code field is to be compared. This object is only available if FrameType is ipv4(5) and Ipv4Protocol is icmp(1).
ML540M-ACL-MIB,ml540mAclConfigAceRowEditorIpv4IcmpCode,1.3.6.1.4.1.5468.100.17.1.2.4.2.710,scalar,VTSSUnsigned8,read-write,"The ICMP code field in the IPv4 header. Possible values are 0-255. This object is only available if FrameType is ipv4(5), Ipv4Protocol is icmp(1) and "
ML540M-ACL-MIB,ml540mAclConfigAceRowEditorIpv4SrcPortOp,1.3.6.1.4.1.5468.100.17.1.2.4.2.711,scalar,VTSSASRType,read-write,Indicates how a packet's source TCP/UDP port number is to be compared. This object is only available if FrameType is ipv4(5).
ML540M-ACL-MIB,ml540mAclConfigAceRowEditorIpv4SrcPort,1.3.6.1.4.1.5468.100.17.1.2.4.2.712,scalar,VTSSUnsigned16,read-write,"The source port number of the TCP or UDP protocol. If the Ipv4SrcPortOp object is range(2), this object will be the starting port number of the port r"
ML540M-ACL-MIB,ml540mAclConfigAceRowEditorIpv4SrcPortRange,1.3.6.1.4.1.5468.100.17.1.2.4.2.713,scalar,VTSSUnsigned16,read-write,"The source port number of the TCP or UDP protocol. If the Ipv4SrcPortOp object is range(2), this object will be the ending port number of the port ran"
ML540M-ACL-MIB,ml540mAclConfigAceRowEditorIpv4DestPortOp,1.3.6.1.4.1.5468.100.17.1.2.4.2.714,scalar,VTSSASRType,read-write,Indicates how a packet's destination TCP/UDP port number is to be compared. This object is only available if FrameType is ipv4(5).
ML540M-ACL-MIB,ml540mAclConfigAceRowEditorIpv4DestPort,1.3.6.1.4.1.5468.100.17.1.2.4.2.715,scalar,VTSSUnsigned16,read-write,"The destination port number of the TCP or UDP protocol. If the Ipv4DestPortOp object in the same row is range(2), this object will be the starting por"
ML540M-ACL-MIB,ml540mAclConfigAceRowEditorIpv4DestPortRange,1.3.6.1.4.1.5468.100.17.1.2.4.2.716,scalar,VTSSUnsigned16,read-write,"The destination port number of the TCP or UDP protocol. If the Ipv4DestPortOp object in the same row is range(2), this object will be the ending port "
ML540M-ACL-MIB,ml540mAclConfigAceRowEditorIpv4FlagTtl,1.3.6.1.4.1.5468.100.17.1.2.4.2.717,scalar,VTSSBitType,read-write,"Indicates how a IPv4 packet's Time-to-Live field (TTL) is to be compared. The value 0 means any TTL value is allowed (don't-care field), value 1 means"
ML540M-ACL-MIB,ml540mAclConfigAceRowEditorIpv4FlagFragment,1.3.6.1.4.1.5468.100.17.1.2.4.2.718,scalar,VTSSBitType,read-write,"Indicates how a IPv4 packet's More-Fragments field (MF) is to be compared. The value 0 means any MF value is allowed (don't-care field), value 1 means"
ML540M-ACL-MIB,ml540mAclConfigAceRowEditorIpv4FlagIpOption,1.3.6.1.4.1.5468.100.17.1.2.4.2.719,scalar,VTSSBitType,read-write,Indicates how a IPv4 packet's options field is to be compared. This object is only available if FrameType is ipv4(5).
ML540M-ACL-MIB,ml540mAclConfigAceRowEditorIpv4TcpFlagFin,1.3.6.1.4.1.5468.100.17.1.2.4.2.720,scalar,VTSSBitType,read-write,Indicates how the IPv4 TCP FIN flag is matched. This object is only available if FrameType is ipv4(5) and Ipv4Protocol is tcp(6).
ML540M-ACL-MIB,ml540mAclConfigAceRowEditorIpv4TcpFlagSyn,1.3.6.1.4.1.5468.100.17.1.2.4.2.721,scalar,VTSSBitType,read-write,Indicates how the IPv4 TCP SYN flag is matched. This object is only available if FrameType is ipv4(5) and Ipv4Protocol is tcp(6).
ML540M-ACL-MIB,ml540mAclConfigAceRowEditorIpv4TcpFlagRst,1.3.6.1.4.1.5468.100.17.1.2.4.2.722,scalar,VTSSBitType,read-write,Indicates how the IPv4 TCP RST flag is matched. This object is only available if FrameType is ipv4(5) and Ipv4Protocol is tcp(6).
ML540M-ACL-MIB,ml540mAclConfigAceRowEditorIpv4TcpFlagPsh,1.3.6.1.4.1.5468.100.17.1.2.4.2.723,scalar,VTSSBitType,read-write,Indicates how the IPv4 TCP PSH flag is matched. This object is only available if FrameType is ipv4(5) and Ipv4Protocol is tcp(6).
ML540M-ACL-MIB,ml540mAclConfigAceRowEditorIpv4TcpFlagAck,1.3.6.1.4.1.5468.100.17.1.2.4.2.724,scalar,VTSSBitType,read-write,Indicates how the IPv4 TCP ACK flag is matched. This object is only available if FrameType is ipv4(5) and Ipv4Protocol is tcp(6).
ML540M-ACL-MIB,ml540mAclConfigAceRowEditorIpv4TcpFlagUrg,1.3.6.1.4.1.5468.100.17.1.2.4.2.725,scalar,VTSSBitType,read-write,Indicates how the IPv4 TCP URG flag is matched. This object is only available if FrameType is ipv4(5) and Ipv4Protocol is tcp(6).
ML540M-ACL-MIB,ml540mAclConfigAceRowEditorIpv6NextHeaderOp,1.3.6.1.4.1.5468.100.17.1.2.4.2.801,scalar,VTSSASType,read-write,Specify the IPv6 next header filter for this ACE. This object is only available if FrameType is ipv6(6).
ML540M-ACL-MIB,ml540mAclConfigAceRowEditorIpv6NextHeader,1.3.6.1.4.1.5468.100.17.1.2.4.2.802,scalar,VTSSUnsigned8,read-write,"When 'Specific' is selected for the IPv6 next header value, you can enter a specific value. The allowed range is 0 to 255. A frame that hits this ACE "
ML540M-ACL-MIB,ml540mAclConfigAceRowEditorIpv6Icmpv6TypeOp,1.3.6.1.4.1.5468.100.17.1.2.4.2.803,scalar,VTSSASType,read-write,Indicates how a IPv6 packet's ICMPv6 type field is to be compared. This object is only available if FrameType is ipv6(6) and Ipv6NextHeader is icmpv6(
ML540M-ACL-MIB,ml540mAclConfigAceRowEditorIpv6Icmpv6Type,1.3.6.1.4.1.5468.100.17.1.2.4.2.804,scalar,VTSSUnsigned8,read-write,"The ICMPv6 type field in the IPv6 header. Possible values are 0-255. This object is only available if FrameType is ipv6(6), Ipv6NextHeader is icmpv6(5"
ML540M-ACL-MIB,ml540mAclConfigAceRowEditorIpv6Icmpv6CodeOp,1.3.6.1.4.1.5468.100.17.1.2.4.2.805,scalar,VTSSASType,read-write,Indicates how a IPv6 packet's ICMPv6 code field is to be compared. This object is only available if FrameType is ipv6(6) and Ipv6NextHeader is icmpv6(
ML540M-ACL-MIB,ml540mAclConfigAceRowEditorIpv6Icmpv6Code,1.3.6.1.4.1.5468.100.17.1.2.4.2.806,scalar,VTSSUnsigned8,read-write,"The ICMP code field in the IPv6 header. Possible values are 0-255. This object is only available if FrameType is ipv6(6), Ipv6NextHeader is icmpv6(58)"
ML540M-ACL-MIB,ml540mAclConfigAceRowEditorIpv6SrcIp,1.3.6.1.4.1.5468.100.17.1.2.4.2.807,scalar,InetAddressIPv6,read-write,The specified source IPv6 address. The packet's sender address is AND-ed with the value of Ipv6SrcIpMask and then compared with the value of this obje
ML540M-ACL-MIB,ml540mAclConfigAceRowEditorIpv6SrcIpMask,1.3.6.1.4.1.5468.100.17.1.2.4.2.808,scalar,InetAddressIPv6,read-write,The specified source IPv6 address mask. This object is only available if FrameType is ipv6(6).
ML540M-ACL-MIB,ml540mAclConfigAceRowEditorIpv6SrcPortOp,1.3.6.1.4.1.5468.100.17.1.2.4.2.809,scalar,VTSSASRType,read-write,Indicates how a packet's source TCP/UDP port number is to be compared. This object is only available if FrameType is ipv6(6).
ML540M-ACL-MIB,ml540mAclConfigAceRowEditorIpv6SrcPort,1.3.6.1.4.1.5468.100.17.1.2.4.2.810,scalar,VTSSUnsigned16,read-write,"The source port number of the TCP or UDP protocol. If the Ipv6SrcPortOp object in the same row is range(2), this object will be the starting port numb"
ML540M-ACL-MIB,ml540mAclConfigAceRowEditorIpv6SrcPortRange,1.3.6.1.4.1.5468.100.17.1.2.4.2.811,scalar,VTSSUnsigned16,read-write,"The source port number of the TCP or UDP protocol. If the Ipv6SrcPortOp object in the same row is range(2), this object will be the ending port number"
ML540M-ACL-MIB,ml540mAclConfigAceRowEditorIpv6DestPortOp,1.3.6.1.4.1.5468.100.17.1.2.4.2.812,scalar,VTSSASRType,read-write,Indicates how a packet's destination TCP/UDP port number is to be compared. This object is only available if FrameType is ipv6(6).
ML540M-ACL-MIB,ml540mAclConfigAceRowEditorIpv6DestPort,1.3.6.1.4.1.5468.100.17.1.2.4.2.813,scalar,VTSSUnsigned16,read-write,"The destination port number of the TCP or UDP protocol. If the Ipv6DestPortOp object in the same row is range(2), this object will be the starting por"
ML540M-ACL-MIB,ml540mAclConfigAceRowEditorIpv6DestPortRange,1.3.6.1.4.1.5468.100.17.1.2.4.2.814,scalar,VTSSUnsigned16,read-write,"The destination port number of the TCP or UDP protocol. If the Ipv6DestPortOp object in the same row is range(2), this object will be the ending port "
ML540M-ACL-MIB,ml540mAclConfigAceRowEditorIpv6FlagTtl,1.3.6.1.4.1.5468.100.17.1.2.4.2.815,scalar,VTSSBitType,read-write,"Indicates how a IPv6 packet's Time-to-Live field (TTL) is to be compared. The value 0 means any TTL value is allowed (don't-care field), value 1 means"
ML540M-ACL-MIB,ml540mAclConfigAceRowEditorIpv6TcpFlagFin,1.3.6.1.4.1.5468.100.17.1.2.4.2.816,scalar,VTSSBitType,read-write,Indicates how a IPv6 TCP packet's 'No more data from sender' field (FIN) is to be compared. The value 0 means any FIN value is allowed (don't-care fie
ML540M-ACL-MIB,ml540mAclConfigAceRowEditorIpv6TcpFlagSyn,1.3.6.1.4.1.5468.100.17.1.2.4.2.817,scalar,VTSSBitType,read-write,Indicates how a IPv6 TCP packet's 'Synchronize sequence numbers' field (SYN) is to be compared. The value 0 means any SYN value is allowed (don't-care
ML540M-ACL-MIB,ml540mAclConfigAceRowEditorIpv6TcpFlagRst,1.3.6.1.4.1.5468.100.17.1.2.4.2.818,scalar,VTSSBitType,read-write,"Indicates how a IPv6 TCP packet's 'Reset the connection' field (RST) is to be compared. The value 0 means any RST value is allowed (don't-care field),"
ML540M-ACL-MIB,ml540mAclConfigAceRowEditorIpv6TcpFlagPsh,1.3.6.1.4.1.5468.100.17.1.2.4.2.819,scalar,VTSSBitType,read-write,"Indicates how a IPv6 TCP packet's 'Push Function' field (PSH) is to be compared. The value 0 means any PSH value is allowed (don't-care field), value "
ML540M-ACL-MIB,ml540mAclConfigAceRowEditorIpv6TcpFlagAck,1.3.6.1.4.1.5468.100.17.1.2.4.2.820,scalar,VTSSBitType,read-write,Indicates how a IPv6 TCP packet's 'Acknowledgment field significant' field (ACK) is to be compared. The value 0 means any FIN value is allowed (don't-
ML540M-ACL-MIB,ml540mAclConfigAceRowEditorIpv6TcpFlagUrg,1.3.6.1.4.1.5468.100.17.1.2.4.2.821,scalar,VTSSBitType,read-write,Indicates how a IPv6 TCP packet's 'Urgent Pointer field significant' field (URG) is to be compared. The value 0 means any URG value is allowed (don't-
ML540M-ACL-MIB,ml540mAclConfigAceRowEditorAction,1.3.6.1.4.1.5468.100.17.1.2.4.2.10000,scalar,VTSSRowEditorState,read-write,Action
ML540M-ACL-MIB,ml540mAclConfigAcePrecedencePrecedence,1.3.6.1.4.1.5468.100.17.1.2.4.3.1.1,column,Integer32 (0..2147483647),not-accessible,The ACL ACE hit precedence.
ML540M-ACL-MIB,ml540mAclConfigAcePrecedenceAceId,1.3.6.1.4.1.5468.100.17.1.2.4.3.1.2,column,Unsigned32,read-only,Identifier of ACE
ML540M-ACL-MIB,ml540mAclStatusInterfaceHitCountIfIndex,1.3.6.1.4.1.5468.100.17.1.3.2.1.1.1,column,VTSSInterfaceIndex,not-accessible,The index of logical interface.
ML540M-ACL-MIB,ml540mAclStatusInterfaceHitCountCounter,1.3.6.1.4.1.5468.100.17.1.3.2.1.1.2,column,Unsigned32,read-only,The hit count of this interface.
ML540M-ACL-MIB,ml540mAclStatusAceSwitchId,1.3.6.1.4.1.5468.100.17.1.3.3.1.1.1,column,Integer32 (0..2147483647),not-accessible,The switch ID.
ML540M-ACL-MIB,ml540mAclStatusAcePrecedence,1.3.6.1.4.1.5468.100.17.1.3.3.1.1.2,column,Integer32 (0..2147483647),not-accessible,The ACL ACE hit precedence.
ML540M-ACL-MIB,ml540mAclStatusAceAclUser,1.3.6.1.4.1.5468.100.17.1.3.3.1.1.3,column,VTSSDisplayString (SIZE(0..31)),read-only,User of ACE
ML540M-ACL-MIB,ml540mAclStatusAceAceId,1.3.6.1.4.1.5468.100.17.1.3.3.1.1.4,column,Unsigned32,read-only,Identifier of ACE
ML540M-ACL-MIB,ml540mAclStatusAceConflict,1.3.6.1.4.1.5468.100.17.1.3.3.1.1.5,column,TruthValue,read-only,"The conflict status of this ACE. When the status value is true, it means the specific ACE is not applied to the hardware due to hardware limitations."
ML540M-ACL-MIB,ml540mAclStatusAceHitCountAceId,1.3.6.1.4.1.5468.100.17.1.3.3.2.1.1,column,Integer32 (0..2147483647),not-accessible,The ACE ID.
ML540M-ACL-MIB,ml540mAclStatusAceHitCountCounter,1.3.6.1.4.1.5468.100.17.1.3.3.2.1.2,column,Unsigned32,read-only,The hit count of this ACE.
ML540M-ACL-MIB,ml540mAclControlGlobalsClearAllHitCount,1.3.6.1.4.1.5468.100.17.1.4.1.1,scalar,TruthValue,read-write,Set true to clear hit counts of all ACEs and interfaces.
ML540M-ACL-MIB,ml540mAclControlInterfaceControlIfIndex,1.3.6.1.4.1.5468.100.17.1.4.2.1.1.1,column,VTSSInterfaceIndex,not-accessible,The index of logical interface.
ML540M-ACL-MIB,ml540mAclControlInterfaceControlState,1.3.6.1.4.1.5468.100.17.1.4.2.1.1.2,column,TruthValue,read-write,Specify the port status. True is to enable the port and false is to shutdown the port
ML540M-ERPS-MIB,ml540mErpsCapabilitiesMaxGroups,1.3.6.1.4.1.5468.100.72.1.1.1,scalar,Unsigned32,read-only,Maximum number of configured ERPS groups.
ML540M-ERPS-MIB,ml540mErpsCapabilitiesMaxVlansPerGroup,1.3.6.1.4.1.5468.100.72.1.1.2,scalar,Unsigned32,read-only,Maximum number of protected VLANS per ERPS group.
ML540M-ERPS-MIB,ml540mErpsConfigGroupIndex,1.3.6.1.4.1.5468.100.72.1.2.1.1.1,column,Integer32 (0..2147483647),not-accessible,ERPS group index number. Valid range is (1..max groups). The maximum group number is platform-specific and can be retrieved from the ERPS capabilities
ML540M-ERPS-MIB,ml540mErpsConfigRingType,1.3.6.1.4.1.5468.100.72.1.2.1.1.2,column,VTSSErpsRingType,read-write,Type of ring. Can only be set once for a ring instance.
ML540M-ERPS-MIB,ml540mErpsConfigPort0,1.3.6.1.4.1.5468.100.72.1.2.1.1.3,column,VTSSInterfaceIndex,read-write,ifindex of ring protection port 0. Can only be set once for a ring instance.
ML540M-ERPS-MIB,ml540mErpsConfigPort1,1.3.6.1.4.1.5468.100.72.1.2.1.1.4,column,VTSSInterfaceIndex,read-write,ifindex of ring protection Port 1. For interconnected sub-rings this value must be zero. Can only be set once for a ring instance.
ML540M-ERPS-MIB,ml540mErpsConfigInterconnectMajorRingGroupIndex,1.3.6.1.4.1.5468.100.72.1.2.1.1.5,column,Unsigned32,read-write,For sub-ring: zero = not interconnected; > zero = index of major ring group. For major ring: zero = not interconnected; > zero = is interconnected (i.
ML540M-ERPS-MIB,ml540mErpsConfigVirtualChannel,1.3.6.1.4.1.5468.100.72.1.2.1.1.6,column,TruthValue,read-write,Whether to use a virtual channel. Can only be set once for a ring instance.
ML540M-ERPS-MIB,ml540mErpsConfigPort0SignalFailMepIndex,1.3.6.1.4.1.5468.100.72.1.2.1.1.7,column,Unsigned32,read-write,"Index of SignalFail MEP for Port 0. Zero if not set. To clear an ERPS group's MEP association, set this to zero; it affects all MEP indices."
ML540M-ERPS-MIB,ml540mErpsConfigPort0ApsMepIndex,1.3.6.1.4.1.5468.100.72.1.2.1.1.8,column,Unsigned32,read-write,Index of APS MEP for Port 0. Zero if not set.
ML540M-ERPS-MIB,ml540mErpsConfigPort1SignalFailMepIndex,1.3.6.1.4.1.5468.100.72.1.2.1.1.9,column,Unsigned32,read-write,Index of SignalFail MEP for Port 1. Zero if not set. Must be zero for interconnected sub-rings.
ML540M-ERPS-MIB,ml540mErpsConfigPort1ApsMepIndex,1.3.6.1.4.1.5468.100.72.1.2.1.1.10,column,Unsigned32,read-write,Index of APS MEP for Port 1. Zero if not set. Must be zero for interconnected sub-rings with virtual channel.
ML540M-ERPS-MIB,ml540mErpsConfigHoldOffTime,1.3.6.1.4.1.5468.100.72.1.2.1.1.11,column,Unsigned32,read-write,Hold off time in ms. Value is rounded down to 100ms precision. Valid range is 0-10000 ms
ML540M-ERPS-MIB,ml540mErpsConfigWaitToRestoreTime,1.3.6.1.4.1.5468.100.72.1.2.1.1.12,column,Unsigned32,read-write,Wait-to-Restore time in ms. Valid range is 60000-720000 ms (1-12 minutes).
ML540M-ERPS-MIB,ml540mErpsConfigGuardTime,1.3.6.1.4.1.5468.100.72.1.2.1.1.13,column,Unsigned32,read-write,Guard time in ms. Valid range is 10-2000 ms.
ML540M-ERPS-MIB,ml540mErpsConfigRplMode,1.3.6.1.4.1.5468.100.72.1.2.1.1.14,column,VTSSErpsRplMode,read-write,Ring Protection Link mode.
ML540M-ERPS-MIB,ml540mErpsConfigRplPort,1.3.6.1.4.1.5468.100.72.1.2.1.1.15,column,VTSSErpsPort,read-write,RPL port. Only valid if the ERPS group is RPL owner or neighbour.
ML540M-ERPS-MIB,ml540mErpsConfigRevertive,1.3.6.1.4.1.5468.100.72.1.2.1.1.16,column,TruthValue,read-write,Revertive (true) or Non-revertive (false) mode.
ML540M-ERPS-MIB,ml540mErpsConfigVersion,1.3.6.1.4.1.5468.100.72.1.2.1.1.17,column,VTSSErpsVersion,read-write,ERPS protocol version.
ML540M-ERPS-MIB,ml540mErpsConfigTopologyChange,1.3.6.1.4.1.5468.100.72.1.2.1.1.18,column,TruthValue,read-write,Whether to enable Topology Change propagation; only valid for an interconnected node.
ML540M-ERPS-MIB,ml540mErpsConfigProtectedVlans0Kto1K,1.3.6.1.4.1.5468.100.72.1.2.1.1.19,column,VTSSVlanListQuarter,read-write,First quarter of bit-array indicating whether a VLAN is protected by this ring instance ('1') or not ('0').
ML540M-ERPS-MIB,ml540mErpsConfigProtectedVlans1Kto2K,1.3.6.1.4.1.5468.100.72.1.2.1.1.20,column,VTSSVlanListQuarter,read-write,Second quarter of bit-array indicating whether a VLAN is protected by this ring instance ('1') or not ('0').
ML540M-ERPS-MIB,ml540mErpsConfigProtectedVlans2Kto3K,1.3.6.1.4.1.5468.100.72.1.2.1.1.21,column,VTSSVlanListQuarter,read-write,Third quarter of bit-array indicating whether a VLAN is protected by this ring instance ('1') or not ('0').
ML540M-ERPS-MIB,ml540mErpsConfigProtectedVlans3Kto4K,1.3.6.1.4.1.5468.100.72.1.2.1.1.22,column,VTSSVlanListQuarter,read-write,Fourth quarter of bit-array indicating whether a VLAN is protected by this ring instance ('1') or not ('0').
ML540M-ERPS-MIB,ml540mErpsConfigAction,1.3.6.1.4.1.5468.100.72.1.2.1.1.100,column,VTSSRowEditorState,read-write,Action
ML540M-ERPS-MIB,ml540mErpsConfigRowEditorGroupIndex,1.3.6.1.4.1.5468.100.72.1.2.2.1,scalar,Integer32 (0..2147483647),read-write,ERPS group index number. Valid range is (1..max groups). The maximum group number is platform-specific and can be retrieved from the ERPS capabilities
ML540M-ERPS-MIB,ml540mErpsConfigRowEditorRingType,1.3.6.1.4.1.5468.100.72.1.2.2.2,scalar,VTSSErpsRingType,read-write,Type of ring. Can only be set once for a ring instance.
ML540M-ERPS-MIB,ml540mErpsConfigRowEditorPort0,1.3.6.1.4.1.5468.100.72.1.2.2.3,scalar,VTSSInterfaceIndex,read-write,ifindex of ring protection port 0. Can only be set once for a ring instance.
ML540M-ERPS-MIB,ml540mErpsConfigRowEditorPort1,1.3.6.1.4.1.5468.100.72.1.2.2.4,scalar,VTSSInterfaceIndex,read-write,ifindex of ring protection Port 1. For interconnected sub-rings this value must be zero. Can only be set once for a ring instance.
ML540M-ERPS-MIB,ml540mErpsConfigRowEditorInterconnectMajorRingGroupIndex,1.3.6.1.4.1.5468.100.72.1.2.2.5,scalar,Unsigned32,read-write,For sub-ring: zero = not interconnected; > zero = index of major ring group. For major ring: zero = not interconnected; > zero = is interconnected (i.
ML540M-ERPS-MIB,ml540mErpsConfigRowEditorVirtualChannel,1.3.6.1.4.1.5468.100.72.1.2.2.6,scalar,TruthValue,read-write,Whether to use a virtual channel. Can only be set once for a ring instance.
ML540M-ERPS-MIB,ml540mErpsConfigRowEditorPort0SignalFailMepIndex,1.3.6.1.4.1.5468.100.72.1.2.2.7,scalar,Unsigned32,read-write,"Index of SignalFail MEP for Port 0. Zero if not set. To clear an ERPS group's MEP association, set this to zero; it affects all MEP indices."
ML540M-ERPS-MIB,ml540mErpsConfigRowEditorPort0ApsMepIndex,1.3.6.1.4.1.5468.100.72.1.2.2.8,scalar,Unsigned32,read-write,Index of APS MEP for Port 0. Zero if not set.
ML540M-ERPS-MIB,ml540mErpsConfigRowEditorPort1SignalFailMepIndex,1.3.6.1.4.1.5468.100.72.1.2.2.9,scalar,Unsigned32,read-write,Index of SignalFail MEP for Port 1. Zero if not set. Must be zero for interconnected sub-rings.
ML540M-ERPS-MIB,ml540mErpsConfigRowEditorPort1ApsMepIndex,1.3.6.1.4.1.5468.100.72.1.2.2.10,scalar,Unsigned32,read-write,Index of APS MEP for Port 1. Zero if not set. Must be zero for interconnected sub-rings with virtual channel.
ML540M-ERPS-MIB,ml540mErpsConfigRowEditorHoldOffTime,1.3.6.1.4.1.5468.100.72.1.2.2.11,scalar,Unsigned32,read-write,Hold off time in ms. Value is rounded down to 100ms precision. Valid range is 0-10000 ms
ML540M-ERPS-MIB,ml540mErpsConfigRowEditorWaitToRestoreTime,1.3.6.1.4.1.5468.100.72.1.2.2.12,scalar,Unsigned32,read-write,Wait-to-Restore time in ms. Valid range is 60000-720000 ms (1-12 minutes).
ML540M-ERPS-MIB,ml540mErpsConfigRowEditorGuardTime,1.3.6.1.4.1.5468.100.72.1.2.2.13,scalar,Unsigned32,read-write,Guard time in ms. Valid range is 10-2000 ms.
ML540M-ERPS-MIB,ml540mErpsConfigRowEditorRplMode,1.3.6.1.4.1.5468.100.72.1.2.2.14,scalar,VTSSErpsRplMode,read-write,Ring Protection Link mode.
ML540M-ERPS-MIB,ml540mErpsConfigRowEditorRplPort,1.3.6.1.4.1.5468.100.72.1.2.2.15,scalar,VTSSErpsPort,read-write,RPL port. Only valid if the ERPS group is RPL owner or neighbour.
ML540M-ERPS-MIB,ml540mErpsConfigRowEditorRevertive,1.3.6.1.4.1.5468.100.72.1.2.2.16,scalar,TruthValue,read-write,Revertive (true) or Non-revertive (false) mode.
ML540M-ERPS-MIB,ml540mErpsConfigRowEditorVersion,1.3.6.1.4.1.5468.100.72.1.2.2.17,scalar,VTSSErpsVersion,read-write,ERPS protocol version.
ML540M-ERPS-MIB,ml540mErpsConfigRowEditorTopologyChange,1.3.6.1.4.1.5468.100.72.1.2.2.18,scalar,TruthValue,read-write,Whether to enable Topology Change propagation; only valid for an interconnected node.
ML540M-ERPS-MIB,ml540mErpsConfigRowEditorProtectedVlans0Kto1K,1.3.6.1.4.1.5468.100.72.1.2.2.19,scalar,VTSSVlanListQuarter,read-write,First quarter of bit-array indicating whether a VLAN is protected by this ring instance ('1') or not ('0').
ML540M-ERPS-MIB,ml540mErpsConfigRowEditorProtectedVlans1Kto2K,1.3.6.1.4.1.5468.100.72.1.2.2.20,scalar,VTSSVlanListQuarter,read-write,Second quarter of bit-array indicating whether a VLAN is protected by this ring instance ('1') or not ('0').
ML540M-ERPS-MIB,ml540mErpsConfigRowEditorProtectedVlans2Kto3K,1.3.6.1.4.1.5468.100.72.1.2.2.21,scalar,VTSSVlanListQuarter,read-write,Third quarter of bit-array indicating whether a VLAN is protected by this ring instance ('1') or not ('0').
ML540M-ERPS-MIB,ml540mErpsConfigRowEditorProtectedVlans3Kto4K,1.3.6.1.4.1.5468.100.72.1.2.2.22,scalar,VTSSVlanListQuarter,read-write,Fourth quarter of bit-array indicating whether a VLAN is protected by this ring instance ('1') or not ('0').
ML540M-ERPS-MIB,ml540mErpsConfigRowEditorAction,1.3.6.1.4.1.5468.100.72.1.2.2.100,scalar,VTSSRowEditorState,read-write,Action
ML540M-ERPS-MIB,ml540mErpsStatusGroupIndex,1.3.6.1.4.1.5468.100.72.1.3.1.1.1,column,Integer32 (0..2147483647),not-accessible,ERPS group index number. Valid range is (1..max groups). The maximum group number is platform-specific and can be retrieved from the ERPS capabilities
ML540M-ERPS-MIB,ml540mErpsStatusActive,1.3.6.1.4.1.5468.100.72.1.3.1.1.2,column,TruthValue,read-only,Specifies whether ERPS group is currently active or not.
ML540M-ERPS-MIB,ml540mErpsStatusProtectionState,1.3.6.1.4.1.5468.100.72.1.3.1.1.3,column,VTSSErpsProtectionState,read-only,Specifies current ERPS group protection state.
ML540M-ERPS-MIB,ml540mErpsStatusRplBlocked,1.3.6.1.4.1.5468.100.72.1.3.1.1.4,column,TruthValue,read-only,Specifies whether the RPL is currently blocked or not.
ML540M-ERPS-MIB,ml540mErpsStatusWtrRemaining,1.3.6.1.4.1.5468.100.72.1.3.1.1.5,column,Unsigned32,read-only,Specifies the remaining wait-time before restoring ring.
ML540M-ERPS-MIB,ml540mErpsStatusAdminCmd,1.3.6.1.4.1.5468.100.72.1.3.1.1.6,column,VTSSErpsAdminCmd,read-only,Specifies the currently active administrative command.
ML540M-ERPS-MIB,ml540mErpsStatusFopAlarm,1.3.6.1.4.1.5468.100.72.1.3.1.1.7,column,TruthValue,read-only,Specifies whether the FailureOfProtocol alarm is currently active or not.
ML540M-ERPS-MIB,ml540mErpsStatusTxActive,1.3.6.1.4.1.5468.100.72.1.3.1.1.8,column,TruthValue,read-only,Specifies whether R-APS transmission is currently active.
ML540M-ERPS-MIB,ml540mErpsStatusTxRequestOrState,1.3.6.1.4.1.5468.100.72.1.3.1.1.9,column,VTSSErpsRequestState,read-only,Specifies the currently transmitted request/state. Only relevant when Tx is active.
ML540M-ERPS-MIB,ml540mErpsStatusTxRplBlocked,1.3.6.1.4.1.5468.100.72.1.3.1.1.10,column,TruthValue,read-only,Specifies the currently transmitted RPL Blocked flag. Only relevant when Tx is active.
ML540M-ERPS-MIB,ml540mErpsStatusTxDoNotFlush,1.3.6.1.4.1.5468.100.72.1.3.1.1.11,column,TruthValue,read-only,Specifies the currently transmitted Do Not Flush flag. Only relevant when Tx is active.
ML540M-ERPS-MIB,ml540mErpsStatusBlockedPortReference,1.3.6.1.4.1.5468.100.72.1.3.1.1.12,column,VTSSErpsPort,read-only,Specifies the currently transmitted Blocked Port Reference. Only relevant when Tx is active.
ML540M-ERPS-MIB,ml540mErpsStatusPort0Blocked,1.3.6.1.4.1.5468.100.72.1.3.1.1.13,column,TruthValue,read-only,Specifies whether ring Port 0 is blocked or not.
ML540M-ERPS-MIB,ml540mErpsStatusPort0State,1.3.6.1.4.1.5468.100.72.1.3.1.1.14,column,VTSSErpsPortState,read-only,Specifies the state of ring Port 0.
ML540M-ERPS-MIB,ml540mErpsStatusPort0RxActive,1.3.6.1.4.1.5468.100.72.1.3.1.1.15,column,TruthValue,read-only,Specifies if ring Port0 receives R-APS.
ML540M-ERPS-MIB,ml540mErpsStatusPort0RxRequestOrState,1.3.6.1.4.1.5468.100.72.1.3.1.1.16,column,VTSSErpsRequestState,read-only,Specifies the most recently received request/state on ring Port 0. Only relevant when Rx is active.
ML540M-ERPS-MIB,ml540mErpsStatusPort0RxRplBlocked,1.3.6.1.4.1.5468.100.72.1.3.1.1.17,column,TruthValue,read-only,Specifies the most recently received RPL Blocked flag on ring Port 0. Only relevant when Rx is active.
ML540M-ERPS-MIB,ml540mErpsStatusPort0RxDoNotFlush,1.3.6.1.4.1.5468.100.72.1.3.1.1.18,column,TruthValue,read-only,Specifies the most recently received Do Not Flush flag on ring Port 0. Only relevant when Rx is active.
ML540M-ERPS-MIB,ml540mErpsStatusPort0RxBlockedPortReference,1.3.6.1.4.1.5468.100.72.1.3.1.1.19,column,VTSSErpsPort,read-only,Specifies the most recently received Blocked Port Reference on ring Port 0. Only relevant when Rx is active.
ML540M-ERPS-MIB,ml540mErpsStatusPort0RxNodeId,1.3.6.1.4.1.5468.100.72.1.3.1.1.20,column,OCTET STRING (SIZE(6)),read-only,Specifies the most recently received node ID on ring Port 0. Only relevant when Rx is active.
ML540M-ERPS-MIB,ml540mErpsStatusPort1Blocked,1.3.6.1.4.1.5468.100.72.1.3.1.1.21,column,TruthValue,read-only,Specifies whether ring Port 1 is blocked or not.
ML540M-ERPS-MIB,ml540mErpsStatusPort1State,1.3.6.1.4.1.5468.100.72.1.3.1.1.22,column,VTSSErpsPortState,read-only,Specifies the state of ring Port 1.
ML540M-ERPS-MIB,ml540mErpsStatusPort1RxActive,1.3.6.1.4.1.5468.100.72.1.3.1.1.23,column,TruthValue,read-only,Specifies if ring Port1 receives R-APS.
ML540M-ERPS-MIB,ml540mErpsStatusPort1RxRequestOrState,1.3.6.1.4.1.5468.100.72.1.3.1.1.24,column,VTSSErpsRequestState,read-only,Specifies the most recently received request/state on ring Port 1. Only relevant when Rx is active.
ML540M-ERPS-MIB,ml540mErpsStatusPort1RxRplBlocked,1.3.6.1.4.1.5468.100.72.1.3.1.1.25,column,TruthValue,read-only,Specifies the most recently received RPL Blocked flag on ring Port 1. Only relevant when Rx is active.
ML540M-ERPS-MIB,ml540mErpsStatusPort1RxDoNotFlush,1.3.6.1.4.1.5468.100.72.1.3.1.1.26,column,TruthValue,read-only,Specifies the most recently received Do Not Flush flag on ring Port 1. Only relevant when Rx is active.
ML540M-ERPS-MIB,ml540mErpsStatusPort1RxBlockedPortReference,1.3.6.1.4.1.5468.100.72.1.3.1.1.27,column,VTSSErpsPort,read-only,Specifies the most recently received Blocked Port Reference on ring Port 1. Only relevant when Rx is active.
ML540M-ERPS-MIB,ml540mErpsStatusPort1RxNodeId,1.3.6.1.4.1.5468.100.72.1.3.1.1.28,column,OCTET STRING (SIZE(6)),read-only,Specifies the most recently received node ID on ring Port 1. Only relevant when Rx is active.
ML540M-ERPS-MIB,ml540mErpsControlGroupIndex,1.3.6.1.4.1.5468.100.72.1.4.1.1.1,column,Integer32 (0..2147483647),not-accessible,ERPS group index number. Valid range is (1..max groups). The maximum group number is platform-specific and can be retrieved from the ERPS capabilities
ML540M-ERPS-MIB,ml540mErpsControlCommand,1.3.6.1.4.1.5468.100.72.1.4.1.1.2,column,VTSSErpsControlCmd,read-write,Control command to execute. Always returns none when read.
ML540M-ERPS-MIB,ml540mErpsControlPort,1.3.6.1.4.1.5468.100.72.1.4.1.1.3,column,VTSSErpsPort,read-write,Ring port affected by control command. Only relevant for administrative commands. Always returns port0 when read.
ML540M-ERPS-MIB,ml540mErpsStatisticsGroupIndex,1.3.6.1.4.1.5468.100.72.1.5.1.1.1,column,Integer32 (0..2147483647),not-accessible,ERPS group index number. Valid range is (1..max groups). The maximum group number is platform-specific and can be retrieved from the ERPS capabilities
ML540M-ERPS-MIB,ml540mErpsStatisticsRapsTx,1.3.6.1.4.1.5468.100.72.1.5.1.1.2,column,Counter64,read-only,Number of transmitted RAPS PDUs.
ML540M-ERPS-MIB,ml540mErpsStatisticsRapsRx,1.3.6.1.4.1.5468.100.72.1.5.1.1.3,column,Counter64,read-only,Number of received RAPS PDUs.
ML540M-ERPS-MIB,ml540mErpsStatisticsRapsRxDrop,1.3.6.1.4.1.5468.100.72.1.5.1.1.4,column,Counter64,read-only,Number of received RAPS PDUs that were dropped.
ML540M-ERPS-MIB,ml540mErpsStatisticsLocalSF,1.3.6.1.4.1.5468.100.72.1.5.1.1.5,column,Counter64,read-only,Number of local SignalFail events.
ML540M-ERPS-MIB,ml540mErpsStatisticsLocalSFCleared,1.3.6.1.4.1.5468.100.72.1.5.1.1.6,column,Counter64,read-only,Number of local SignalFail clear events.
ML540M-ERPS-MIB,ml540mErpsStatisticsRemoteSF,1.3.6.1.4.1.5468.100.72.1.5.1.1.7,column,Counter64,read-only,Number of remote SignalFail events.
ML540M-ERPS-MIB,ml540mErpsStatisticsNR,1.3.6.1.4.1.5468.100.72.1.5.1.1.8,column,Counter64,read-only,Number of NoRequest events.
ML540M-ERPS-MIB,ml540mErpsStatisticsRemoteMS,1.3.6.1.4.1.5468.100.72.1.5.1.1.9,column,Counter64,read-only,Number of remote ManualSwitch events.
ML540M-ERPS-MIB,ml540mErpsStatisticsLocalMS,1.3.6.1.4.1.5468.100.72.1.5.1.1.10,column,Counter64,read-only,Number of local ManualSwitch events.
ML540M-ERPS-MIB,ml540mErpsStatisticsRemoteFS,1.3.6.1.4.1.5468.100.72.1.5.1.1.11,column,Counter64,read-only,Number of remote ForcedSwitch events.
ML540M-ERPS-MIB,ml540mErpsStatisticsLocalFS,1.3.6.1.4.1.5468.100.72.1.5.1.1.12,column,Counter64,read-only,Number of local ForcedSwitch events.
ML540M-ERPS-MIB,ml540mErpsStatisticsAdminClear,1.3.6.1.4.1.5468.100.72.1.5.1.1.13,column,Counter64,read-only,Number of AdminClear events.
ML540M-EVC-MIB,ml540mEvcCapabilitiesPolicerMax,1.3.6.1.4.1.5468.100.62.1.1.1,scalar,Unsigned32,read-only,Maximum number of EVC policers.
ML540M-EVC-MIB,ml540mEvcCapabilitiesEvcMax,1.3.6.1.4.1.5468.100.62.1.1.2,scalar,Unsigned32,read-only,Maximum number of EVC rules.
ML540M-EVC-MIB,ml540mEvcCapabilitiesEceMax,1.3.6.1.4.1.5468.100.62.1.1.3,scalar,Unsigned32,read-only,Maximum number of ECE rules.
ML540M-EVC-MIB,ml540mEvcCapabilitiesHasPortDeiColoring,1.3.6.1.4.1.5468.100.62.1.1.100,scalar,TruthValue,read-only,"If true, the platform supports NNI port DEI coloring."
ML540M-EVC-MIB,ml540mEvcCapabilitiesHasPortInnerTag,1.3.6.1.4.1.5468.100.62.1.1.101,scalar,TruthValue,read-only,"If true, the platform supports NNI port inner tag classification."
ML540M-EVC-MIB,ml540mEvcCapabilitiesHasPortAddrMode,1.3.6.1.4.1.5468.100.62.1.1.102,scalar,TruthValue,read-only,"If true, the platform supports port address mode (SMAC/SIP or DMAC/DIP)."
ML540M-EVC-MIB,ml540mEvcCapabilitiesHasPortKey,1.3.6.1.4.1.5468.100.62.1.1.103,scalar,TruthValue,read-only,"If true, the platform supports port key type."
ML540M-EVC-MIB,ml540mEvcCapabilitiesHasPolicerColorBlind,1.3.6.1.4.1.5468.100.62.1.1.200,scalar,TruthValue,read-only,"If true, the platform supports color-blind policing."
ML540M-EVC-MIB,ml540mEvcCapabilitiesHasEvcPolicer,1.3.6.1.4.1.5468.100.62.1.1.300,scalar,TruthValue,read-only,"If true, the platform supports EVC policer mapping."
ML540M-EVC-MIB,ml540mEvcCapabilitiesHasEvcUniVid,1.3.6.1.4.1.5468.100.62.1.1.301,scalar,TruthValue,read-only,"If true, the platform supports EVC UNI VLAN ID."
ML540M-EVC-MIB,ml540mEvcCapabilitiesHasEvcItAdd,1.3.6.1.4.1.5468.100.62.1.1.302,scalar,TruthValue,read-only,"If true, the platform supports EVC inner tag adding."
ML540M-EVC-MIB,ml540mEvcCapabilitiesHasEvcMpls,1.3.6.1.4.1.5468.100.62.1.1.303,scalar,TruthValue,read-only,"If true, the platform supports EVC MPLS."
ML540M-EVC-MIB,ml540mEvcCapabilitiesHasEvcETree,1.3.6.1.4.1.5468.100.62.1.1.304,scalar,TruthValue,read-only,"If true, the platform supports E-Tree."
ML540M-EVC-MIB,ml540mEvcCapabilitiesHasEceAdvLookup,1.3.6.1.4.1.5468.100.62.1.1.400,scalar,TruthValue,read-only,"If true, the platform supports ECE advanced lookup."
ML540M-EVC-MIB,ml540mEvcCapabilitiesHasEceDestMacType,1.3.6.1.4.1.5468.100.62.1.1.401,scalar,TruthValue,read-only,"If true, the platform supports ECE DMAC type matching."
ML540M-EVC-MIB,ml540mEvcCapabilitiesHasEceDestMac,1.3.6.1.4.1.5468.100.62.1.1.402,scalar,TruthValue,read-only,"If true, the platform supports ECE DMAC matching."
ML540M-EVC-MIB,ml540mEvcCapabilitiesHasEceSrcMac,1.3.6.1.4.1.5468.100.62.1.1.403,scalar,TruthValue,read-only,"If true, the platform supports ECE SMAC matching."
ML540M-EVC-MIB,ml540mEvcCapabilitiesHasEceInnerTag,1.3.6.1.4.1.5468.100.62.1.1.404,scalar,TruthValue,read-only,"If true, the platform supports ECE inner tag matching."
ML540M-EVC-MIB,ml540mEvcCapabilitiesHasEceEtype,1.3.6.1.4.1.5468.100.62.1.1.405,scalar,TruthValue,read-only,"If true, the platform supports ECE Ethernet Type frame matching."
ML540M-EVC-MIB,ml540mEvcCapabilitiesHasEceLlc,1.3.6.1.4.1.5468.100.62.1.1.406,scalar,TruthValue,read-only,"If true, the platform supports ECE LLC frame matching."
ML540M-EVC-MIB,ml540mEvcCapabilitiesHasEceSnap,1.3.6.1.4.1.5468.100.62.1.1.407,scalar,TruthValue,read-only,"If true, the platform supports ECE SNAP frame matching."
ML540M-EVC-MIB,ml540mEvcCapabilitiesHasEceL2cp,1.3.6.1.4.1.5468.100.62.1.1.408,scalar,TruthValue,read-only,"If true, the platform supports ECE LLC frame matching and forwarding."
ML540M-EVC-MIB,ml540mEvcCapabilitiesHasEceIpv4Fragment,1.3.6.1.4.1.5468.100.62.1.1.409,scalar,TruthValue,read-only,"If true, the platform supports ECE IPv4 fragment matching."
ML540M-EVC-MIB,ml540mEvcCapabilitiesHasEceIpProto,1.3.6.1.4.1.5468.100.62.1.1.410,scalar,TruthValue,read-only,"If true, the platform supports ECE IP protocol matching."
ML540M-EVC-MIB,ml540mEvcCapabilitiesHasEceSrcIp,1.3.6.1.4.1.5468.100.62.1.1.411,scalar,TruthValue,read-only,"If true, the platform supports ECE source IP address matching."
ML540M-EVC-MIB,ml540mEvcCapabilitiesHasEceDestIp,1.3.6.1.4.1.5468.100.62.1.1.412,scalar,TruthValue,read-only,"If true, the platform supports ECE destination IP address matching."
ML540M-EVC-MIB,ml540mEvcCapabilitiesHasEceSrcPort,1.3.6.1.4.1.5468.100.62.1.1.413,scalar,TruthValue,read-only,"If true, the platform supports ECE source UDP/TCP port matching."
ML540M-EVC-MIB,ml540mEvcCapabilitiesHasEceDestPort,1.3.6.1.4.1.5468.100.62.1.1.414,scalar,TruthValue,read-only,"If true, the platform supports ECE destination UDP/TCP port matching."
ML540M-EVC-MIB,ml540mEvcCapabilitiesHasEceRuleType,1.3.6.1.4.1.5468.100.62.1.1.415,scalar,TruthValue,read-only,"If true, the platform supports ECE rule type."
ML540M-EVC-MIB,ml540mEvcCapabilitiesHasEceTxLookup,1.3.6.1.4.1.5468.100.62.1.1.416,scalar,TruthValue,read-only,"If true, the platform supports ECE egress lookup type."
ML540M-EVC-MIB,ml540mEvcCapabilitiesHasEceOtAddVid,1.3.6.1.4.1.5468.100.62.1.1.417,scalar,TruthValue,read-only,"If true, the platform supports ECE outer tag VID."
ML540M-EVC-MIB,ml540mEvcCapabilitiesHasEcePcpMode,1.3.6.1.4.1.5468.100.62.1.1.418,scalar,TruthValue,read-only,"If true, the platform supports ECE PCP mode."
ML540M-EVC-MIB,ml540mEvcCapabilitiesHasEcePcpDeiPreserve,1.3.6.1.4.1.5468.100.62.1.1.419,scalar,TruthValue,read-only,"If true, the platform supports ECE PCP/DEI preservation."
ML540M-EVC-MIB,ml540mEvcCapabilitiesHasEceDeiMode,1.3.6.1.4.1.5468.100.62.1.1.420,scalar,TruthValue,read-only,"If true, the platform supports ECE DEI mode."
ML540M-EVC-MIB,ml540mEvcCapabilitiesHasEceItAdd,1.3.6.1.4.1.5468.100.62.1.1.421,scalar,TruthValue,read-only,"If true, the platform supports ECE inner tag adding."
ML540M-EVC-MIB,ml540mEvcCapabilitiesHasEcePolicer,1.3.6.1.4.1.5468.100.62.1.1.422,scalar,TruthValue,read-only,"If true, the platform supports ECE policer mapping."
ML540M-EVC-MIB,ml540mEvcCapabilitiesHasEceCos,1.3.6.1.4.1.5468.100.62.1.1.423,scalar,TruthValue,read-only,"If true, the platform supports ECE CoS mapping."
ML540M-EVC-MIB,ml540mEvcCapabilitiesHasEceDp,1.3.6.1.4.1.5468.100.62.1.1.424,scalar,TruthValue,read-only,"If true, the platform supports ECE Drop Precedence mapping."
ML540M-EVC-MIB,ml540mEvcCapabilitiesHasEvcPortHqos,1.3.6.1.4.1.5468.100.62.1.1.500,scalar,TruthValue,read-only,"If true, the platform supports (EVC, port) HQoS ID mapping."
ML540M-EVC-MIB,ml540mEvcCapabilitiesHasEvcPortCounters,1.3.6.1.4.1.5468.100.62.1.1.501,scalar,TruthValue,read-only,"If true, the platform supports (EVC, port) counters."
ML540M-EVC-MIB,ml540mEvcConfigInterfaceIfIndex,1.3.6.1.4.1.5468.100.62.1.2.2.1.1.1,column,VTSSInterfaceIndex,not-accessible,Logical interface index.
ML540M-EVC-MIB,ml540mEvcConfigInterfaceKey,1.3.6.1.4.1.5468.100.62.1.2.2.1.1.2,column,VTSSVcapKeyType,read-write,The key type for the basic ingress lookup. This object is only available if the capability object 'ml540mEvcCapabilitiesHasPortKey' is True.
ML540M-EVC-MIB,ml540mEvcConfigInterfaceKeyAdv,1.3.6.1.4.1.5468.100.62.1.2.2.1.1.3,column,VTSSVcapKeyType,read-write,The key type for the advanced ingress lookup. This object is only available if the capability object 'ml540mEvcCapabilitiesHasPortKey' is True.
ML540M-EVC-MIB,ml540mEvcConfigInterfaceAddrMode,1.3.6.1.4.1.5468.100.62.1.2.2.1.1.4,column,TruthValue,read-write,"If false, the basic ingress lookup is based on SMAC/SIP. If true, the basic ingress lookup is based on DMAC/DIP. This object is only available if the "
ML540M-EVC-MIB,ml540mEvcConfigInterfaceAddrModeAdv,1.3.6.1.4.1.5468.100.62.1.2.2.1.1.5,column,TruthValue,read-write,"If false, the advanced ingress lookup is based on SMAC/SIP. If true, the advanced ingress lookup is based on DMAC/DIP. This object is only available i"
ML540M-EVC-MIB,ml540mEvcConfigInterfaceDeiColoring,1.3.6.1.4.1.5468.100.62.1.2.2.1.1.6,column,TruthValue,read-write,"If false, DEI coloring for the NNI port is enabled. If true, DEI coloring for the NNI port is disabled. This object is only available if the capabilit"
ML540M-EVC-MIB,ml540mEvcConfigInterfaceInnerTag,1.3.6.1.4.1.5468.100.62.1.2.2.1.1.7,column,TruthValue,read-write,"If false, the NNI port uses outer tag classification. If true, the NNI port uses inner tag classification. This object is only available if the capabi"
ML540M-EVC-MIB,ml540mEvcConfigInterfaceL2cpIfIndex,1.3.6.1.4.1.5468.100.62.1.2.2.2.1.1,column,VTSSInterfaceIndex,not-accessible,Logical interface index.
ML540M-EVC-MIB,ml540mEvcConfigInterfaceL2cpL2cpId,1.3.6.1.4.1.5468.100.62.1.2.2.2.1.2,column,Integer32 (0..31),not-accessible,L2CP ID.
ML540M-EVC-MIB,ml540mEvcConfigInterfaceL2cpL2cpMode,1.3.6.1.4.1.5468.100.62.1.2.2.2.1.3,column,VTSSevcL2cpMode,read-write,The forwarding mode for the L2CP.
ML540M-EVC-MIB,ml540mEvcConfigPolicerPolicerId,1.3.6.1.4.1.5468.100.62.1.2.3.1.1,column,Integer32 (0..4095),not-accessible,"Policer ID, allowed range is [0,PolicerMax[."
ML540M-EVC-MIB,ml540mEvcConfigPolicerEnable,1.3.6.1.4.1.5468.100.62.1.2.3.1.2,column,TruthValue,read-write,Enable or disable policer.
ML540M-EVC-MIB,ml540mEvcConfigPolicerPolicerType,1.3.6.1.4.1.5468.100.62.1.2.3.1.3,column,VTSSevcPolicerType,read-write,The EVC policer type.
ML540M-EVC-MIB,ml540mEvcConfigPolicerPolicerMode,1.3.6.1.4.1.5468.100.62.1.2.3.1.4,column,VTSSevcPolicerMode,read-write,The EVC policer mode. Color-blind policing is only supported if HasPolicerColorBlind is true.
ML540M-EVC-MIB,ml540mEvcConfigPolicerLineRate,1.3.6.1.4.1.5468.100.62.1.2.3.1.5,column,TruthValue,read-write,Enable or disable line rate policing.
ML540M-EVC-MIB,ml540mEvcConfigPolicerCir,1.3.6.1.4.1.5468.100.62.1.2.3.1.6,column,Unsigned32,read-write,Committed Information Rate in kbps.
ML540M-EVC-MIB,ml540mEvcConfigPolicerCbs,1.3.6.1.4.1.5468.100.62.1.2.3.1.7,column,Unsigned32,read-write,Committed Burst Size in bytes.
ML540M-EVC-MIB,ml540mEvcConfigPolicerEir,1.3.6.1.4.1.5468.100.62.1.2.3.1.8,column,Unsigned32,read-write,Excess Information Rate in kbps.
ML540M-EVC-MIB,ml540mEvcConfigPolicerEbs,1.3.6.1.4.1.5468.100.62.1.2.3.1.9,column,Unsigned32,read-write,Excess Burst Size in bytes.
ML540M-EVC-MIB,ml540mEvcConfigEvcEvcId,1.3.6.1.4.1.5468.100.62.1.2.4.1.1.1,column,Integer32 (0..4095),not-accessible,"EVC ID, allowed range is [0,EvcMax[."
ML540M-EVC-MIB,ml540mEvcConfigEvcVid,1.3.6.1.4.1.5468.100.62.1.2.4.1.1.2,column,VTSSUnsigned16,read-write,The VLAN ID used in the outer tag for the EVC.
ML540M-EVC-MIB,ml540mEvcConfigEvcIvid,1.3.6.1.4.1.5468.100.62.1.2.4.1.1.3,column,VTSSUnsigned16,read-write,The internal classified VLAN ID for the EVC.
ML540M-EVC-MIB,ml540mEvcConfigEvcNniPortList,1.3.6.1.4.1.5468.100.62.1.2.4.1.1.4,column,VTSSPortList,read-write,List of NNI ports for the EVC.
ML540M-EVC-MIB,ml540mEvcConfigEvcLearning,1.3.6.1.4.1.5468.100.62.1.2.4.1.1.5,column,TruthValue,read-write,Enable or disable MAC address learning for the EVC.
ML540M-EVC-MIB,ml540mEvcConfigEvcPolicerOp,1.3.6.1.4.1.5468.100.62.1.2.4.1.1.6,column,VTSSevcPolicerOp,read-write,Policer operator for the EVC. This object is only available if the capability object 'ml540mEvcCapabilitiesHasEvcPolicer' is True.
ML540M-EVC-MIB,ml540mEvcConfigEvcPolicerId,1.3.6.1.4.1.5468.100.62.1.2.4.1.1.7,column,VTSSUnsigned16,read-write,Policer ID for the EVC. This object is only available if the capability object 'ml540mEvcCapabilitiesHasEvcPolicer' is True.
ML540M-EVC-MIB,ml540mEvcConfigEvcUniVid,1.3.6.1.4.1.5468.100.62.1.2.4.1.1.8,column,VTSSUnsigned16,read-write,The VLAN ID used in the outer tag on the UNI. This object is only available if the capability object 'ml540mEvcCapabilitiesHasEvcUniVid' is True.
ML540M-EVC-MIB,ml540mEvcConfigEvcItAddType,1.3.6.1.4.1.5468.100.62.1.2.4.1.1.9,column,VTSSevcInnerTagType,read-write,The tag type for the inner tag pushed. This object is only available if the capability object 'ml540mEvcCapabilitiesHasEvcItAdd' is True.
ML540M-EVC-MIB,ml540mEvcConfigEvcItInnerVid,1.3.6.1.4.1.5468.100.62.1.2.4.1.1.10,column,TruthValue,read-write,Enable inner VLAN ID for EVC classification. This object is only available if the capability object 'ml540mEvcCapabilitiesHasEvcItAdd' is True.
ML540M-EVC-MIB,ml540mEvcConfigEvcItAddVid,1.3.6.1.4.1.5468.100.62.1.2.4.1.1.11,column,VTSSUnsigned16,read-write,The VLAN ID for the inner tag pushed This object is only available if the capability object 'ml540mEvcCapabilitiesHasEvcItAdd' is True.
ML540M-EVC-MIB,ml540mEvcConfigEvcItAddPcpDeiPreserve,1.3.6.1.4.1.5468.100.62.1.2.4.1.1.12,column,TruthValue,read-write,Enable PCP/DEI preservation for the inner tag pushed. This object is only available if the capability object 'ml540mEvcCapabilitiesHasEvcItAdd' is Tru
ML540M-EVC-MIB,ml540mEvcConfigEvcItAddPcp,1.3.6.1.4.1.5468.100.62.1.2.4.1.1.13,column,Unsigned32,read-write,The PCP value for the inner tag pushed. This object is only available if the capability object 'ml540mEvcCapabilitiesHasEvcItAdd' is True.
ML540M-EVC-MIB,ml540mEvcConfigEvcItAddDei,1.3.6.1.4.1.5468.100.62.1.2.4.1.1.14,column,VTSSUnsigned8,read-write,The DEI value for the inner tag pushed. This object is only available if the capability object 'ml540mEvcCapabilitiesHasEvcItAdd' is True.
ML540M-EVC-MIB,ml540mEvcConfigEvcLeafVid,1.3.6.1.4.1.5468.100.62.1.2.4.1.1.15,column,VTSSUnsigned16,read-write,The leaf VLAN ID used in the outer tag for the EVC. This object is only available if the capability object 'ml540mEvcCapabilitiesHasEvcETree' is True.
ML540M-EVC-MIB,ml540mEvcConfigEvcLeafIvid,1.3.6.1.4.1.5468.100.62.1.2.4.1.1.16,column,VTSSUnsigned16,read-write,The leaf internal classified VLAN ID for the EVC. This object is only available if the capability object 'ml540mEvcCapabilitiesHasEvcETree' is True.
ML540M-EVC-MIB,ml540mEvcConfigEvcLeafPortList,1.3.6.1.4.1.5468.100.62.1.2.4.1.1.17,column,VTSSPortList,read-write,List of leaf ports for the EVC. This object is only available if the capability object 'ml540mEvcCapabilitiesHasEvcETree' is True.
ML540M-EVC-MIB,ml540mEvcConfigEvcAction,1.3.6.1.4.1.5468.100.62.1.2.4.1.1.10000,column,VTSSRowEditorState,read-write,Action
ML540M-EVC-MIB,ml540mEvcConfigEvcTableRowEditorEvcId,1.3.6.1.4.1.5468.100.62.1.2.4.2.1,scalar,Integer32 (0..4095),read-write,"EVC ID, allowed range is [0,EvcMax[."
ML540M-EVC-MIB,ml540mEvcConfigEvcTableRowEditorVid,1.3.6.1.4.1.5468.100.62.1.2.4.2.2,scalar,VTSSUnsigned16,read-write,The VLAN ID used in the outer tag for the EVC.
ML540M-EVC-MIB,ml540mEvcConfigEvcTableRowEditorIvid,1.3.6.1.4.1.5468.100.62.1.2.4.2.3,scalar,VTSSUnsigned16,read-write,The internal classified VLAN ID for the EVC.
ML540M-EVC-MIB,ml540mEvcConfigEvcTableRowEditorNniPortList,1.3.6.1.4.1.5468.100.62.1.2.4.2.4,scalar,VTSSPortList,read-write,List of NNI ports for the EVC.
ML540M-EVC-MIB,ml540mEvcConfigEvcTableRowEditorLearning,1.3.6.1.4.1.5468.100.62.1.2.4.2.5,scalar,TruthValue,read-write,Enable or disable MAC address learning for the EVC.
ML540M-EVC-MIB,ml540mEvcConfigEvcTableRowEditorPolicerOp,1.3.6.1.4.1.5468.100.62.1.2.4.2.6,scalar,VTSSevcPolicerOp,read-write,Policer operator for the EVC. This object is only available if the capability object 'ml540mEvcCapabilitiesHasEvcPolicer' is True.
ML540M-EVC-MIB,ml540mEvcConfigEvcTableRowEditorPolicerId,1.3.6.1.4.1.5468.100.62.1.2.4.2.7,scalar,VTSSUnsigned16,read-write,Policer ID for the EVC. This object is only available if the capability object 'ml540mEvcCapabilitiesHasEvcPolicer' is True.
ML540M-EVC-MIB,ml540mEvcConfigEvcTableRowEditorUniVid,1.3.6.1.4.1.5468.100.62.1.2.4.2.8,scalar,VTSSUnsigned16,read-write,The VLAN ID used in the outer tag on the UNI. This object is only available if the capability object 'ml540mEvcCapabilitiesHasEvcUniVid' is True.
ML540M-EVC-MIB,ml540mEvcConfigEvcTableRowEditorItAddType,1.3.6.1.4.1.5468.100.62.1.2.4.2.9,scalar,VTSSevcInnerTagType,read-write,The tag type for the inner tag pushed. This object is only available if the capability object 'ml540mEvcCapabilitiesHasEvcItAdd' is True.
ML540M-EVC-MIB,ml540mEvcConfigEvcTableRowEditorItInnerVid,1.3.6.1.4.1.5468.100.62.1.2.4.2.10,scalar,TruthValue,read-write,Enable inner VLAN ID for EVC classification. This object is only available if the capability object 'ml540mEvcCapabilitiesHasEvcItAdd' is True.
ML540M-EVC-MIB,ml540mEvcConfigEvcTableRowEditorItAddVid,1.3.6.1.4.1.5468.100.62.1.2.4.2.11,scalar,VTSSUnsigned16,read-write,The VLAN ID for the inner tag pushed This object is only available if the capability object 'ml540mEvcCapabilitiesHasEvcItAdd' is True.
ML540M-EVC-MIB,ml540mEvcConfigEvcTableRowEditorItAddPcpDeiPreserve,1.3.6.1.4.1.5468.100.62.1.2.4.2.12,scalar,TruthValue,read-write,Enable PCP/DEI preservation for the inner tag pushed. This object is only available if the capability object 'ml540mEvcCapabilitiesHasEvcItAdd' is Tru
ML540M-EVC-MIB,ml540mEvcConfigEvcTableRowEditorItAddPcp,1.3.6.1.4.1.5468.100.62.1.2.4.2.13,scalar,Unsigned32,read-write,The PCP value for the inner tag pushed. This object is only available if the capability object 'ml540mEvcCapabilitiesHasEvcItAdd' is True.
ML540M-EVC-MIB,ml540mEvcConfigEvcTableRowEditorItAddDei,1.3.6.1.4.1.5468.100.62.1.2.4.2.14,scalar,VTSSUnsigned8,read-write,The DEI value for the inner tag pushed. This object is only available if the capability object 'ml540mEvcCapabilitiesHasEvcItAdd' is True.
ML540M-EVC-MIB,ml540mEvcConfigEvcTableRowEditorLeafVid,1.3.6.1.4.1.5468.100.62.1.2.4.2.15,scalar,VTSSUnsigned16,read-write,The leaf VLAN ID used in the outer tag for the EVC. This object is only available if the capability object 'ml540mEvcCapabilitiesHasEvcETree' is True.
ML540M-EVC-MIB,ml540mEvcConfigEvcTableRowEditorLeafIvid,1.3.6.1.4.1.5468.100.62.1.2.4.2.16,scalar,VTSSUnsigned16,read-write,The leaf internal classified VLAN ID for the EVC. This object is only available if the capability object 'ml540mEvcCapabilitiesHasEvcETree' is True.
ML540M-EVC-MIB,ml540mEvcConfigEvcTableRowEditorLeafPortList,1.3.6.1.4.1.5468.100.62.1.2.4.2.17,scalar,VTSSPortList,read-write,List of leaf ports for the EVC. This object is only available if the capability object 'ml540mEvcCapabilitiesHasEvcETree' is True.
ML540M-EVC-MIB,ml540mEvcConfigEvcTableRowEditorAction,1.3.6.1.4.1.5468.100.62.1.2.4.2.10000,scalar,VTSSRowEditorState,read-write,Action
ML540M-EVC-MIB,ml540mEvcConfigEceEceId,1.3.6.1.4.1.5468.100.62.1.2.5.1.1.1,column,Integer32 (1..4096),not-accessible,"ECE ID, allowed range is [1,EceMax]."
ML540M-EVC-MIB,ml540mEvcConfigEceNextId,1.3.6.1.4.1.5468.100.62.1.2.5.1.1.2,column,Unsigned32,read-write,The ID of the next ECE.
ML540M-EVC-MIB,ml540mEvcConfigEceAdvLookup,1.3.6.1.4.1.5468.100.62.1.2.5.1.1.3,column,TruthValue,read-write,Enable advanced ingress lookup. This object is only available if the capability object 'ml540mEvcCapabilitiesHasEceAdvLookup' is True.
ML540M-EVC-MIB,ml540mEvcConfigEceUniPortList,1.3.6.1.4.1.5468.100.62.1.2.5.1.1.4,column,VTSSPortList,read-write,List of UNI ports for the ECE.
ML540M-EVC-MIB,ml540mEvcConfigEceSrcMac,1.3.6.1.4.1.5468.100.62.1.2.5.1.1.10,column,MacAddress,read-write,The source MAC address to match. This object is only available if the capability object 'ml540mEvcCapabilitiesHasEceSrcMac' is True.
ML540M-EVC-MIB,ml540mEvcConfigEceSrcMacMask,1.3.6.1.4.1.5468.100.62.1.2.5.1.1.11,column,MacAddress,read-write,The source MAC address mask. This object is only available if the capability object 'ml540mEvcCapabilitiesHasEceSrcMac' is True.
ML540M-EVC-MIB,ml540mEvcConfigEceDestMacType,1.3.6.1.4.1.5468.100.62.1.2.5.1.1.12,column,VTSSDestMacType,read-write,The destination MAC address type to match. This object is only available if the capability object 'ml540mEvcCapabilitiesHasEceDestMacType' is True.
ML540M-EVC-MIB,ml540mEvcConfigEceDestMac,1.3.6.1.4.1.5468.100.62.1.2.5.1.1.13,column,MacAddress,read-write,The destination MAC address to match. This object is only available if the capability object 'ml540mEvcCapabilitiesHasEceDestMac' is True.
ML540M-EVC-MIB,ml540mEvcConfigEceDestMacMask,1.3.6.1.4.1.5468.100.62.1.2.5.1.1.14,column,MacAddress,read-write,The destination MAC address mask. This object is only available if the capability object 'ml540mEvcCapabilitiesHasEceDestMac' is True.
ML540M-EVC-MIB,ml540mEvcConfigEceOtMatchType,1.3.6.1.4.1.5468.100.62.1.2.5.1.1.20,column,VTSSVlanTagType,read-write,The outer tag type to match.
ML540M-EVC-MIB,ml540mEvcConfigEceOtMatchVid,1.3.6.1.4.1.5468.100.62.1.2.5.1.1.21,column,Unsigned32,read-write,The outer tag VLAN ID range to match. The minimum value is encoded in the 16 least significant bits. The maximum value is encoded in the 16 most signi
ML540M-EVC-MIB,ml540mEvcConfigEceOtMatchPcp,1.3.6.1.4.1.5468.100.62.1.2.5.1.1.22,column,VTSSVlanTagPriority,read-write,The outer tag PCP to match.
ML540M-EVC-MIB,ml540mEvcConfigEceOtMatchDei,1.3.6.1.4.1.5468.100.62.1.2.5.1.1.23,column,VTSSBitType,read-write,The outer tag DEI to match.
ML540M-EVC-MIB,ml540mEvcConfigEceItMatchType,1.3.6.1.4.1.5468.100.62.1.2.5.1.1.30,column,VTSSVlanTagType,read-write,The inner tag type to match. This object is only available if the capability object 'ml540mEvcCapabilitiesHasEceInnerTag' is True.
ML540M-EVC-MIB,ml540mEvcConfigEceItMatchVid,1.3.6.1.4.1.5468.100.62.1.2.5.1.1.31,column,Unsigned32,read-write,The inner tag VLAN ID range to match. The minimum value is encoded in the 16 least significant bits. The maximum value is encoded in the 16 most signi
ML540M-EVC-MIB,ml540mEvcConfigEceItMatchPcp,1.3.6.1.4.1.5468.100.62.1.2.5.1.1.32,column,VTSSVlanTagPriority,read-write,The inner tag PCP to match. This object is only available if the capability object 'ml540mEvcCapabilitiesHasEceInnerTag' is True.
ML540M-EVC-MIB,ml540mEvcConfigEceItMatchDei,1.3.6.1.4.1.5468.100.62.1.2.5.1.1.33,column,VTSSBitType,read-write,The inner tag DEI to match. This object is only available if the capability object 'ml540mEvcCapabilitiesHasEceInnerTag' is True.
ML540M-EVC-MIB,ml540mEvcConfigEceFrameType,1.3.6.1.4.1.5468.100.62.1.2.5.1.1.50,column,VTSSevcFrameType,read-write,The ECE frame type.
ML540M-EVC-MIB,ml540mEvcConfigEceEtype,1.3.6.1.4.1.5468.100.62.1.2.5.1.1.100,column,VTSSUnsigned16,read-write,The Ethernet Type to match. This object is only available if the capability object 'ml540mEvcCapabilitiesHasEceEtype' is True.
ML540M-EVC-MIB,ml540mEvcConfigEceEtypeMask,1.3.6.1.4.1.5468.100.62.1.2.5.1.1.101,column,VTSSUnsigned16,read-write,The Ethernet Type mask. This object is only available if the capability object 'ml540mEvcCapabilitiesHasEceEtype' is True.
ML540M-EVC-MIB,ml540mEvcConfigEceEtypeData,1.3.6.1.4.1.5468.100.62.1.2.5.1.1.102,column,VTSSUnsigned16,read-write,The Ethernet Type data to match. This object is only available if the capability object 'ml540mEvcCapabilitiesHasEceEtype' is True.
ML540M-EVC-MIB,ml540mEvcConfigEceEtypeDataMask,1.3.6.1.4.1.5468.100.62.1.2.5.1.1.103,column,VTSSUnsigned16,read-write,The Ethernet Type data mask. This object is only available if the capability object 'ml540mEvcCapabilitiesHasEceEtype' is True.
ML540M-EVC-MIB,ml540mEvcConfigEceLlcDsap,1.3.6.1.4.1.5468.100.62.1.2.5.1.1.200,column,VTSSUnsigned8,read-write,The LLC DSAP field to match. This object is only available if the capability object 'ml540mEvcCapabilitiesHasEceLlc' is True.
ML540M-EVC-MIB,ml540mEvcConfigEceLlcDsapMask,1.3.6.1.4.1.5468.100.62.1.2.5.1.1.201,column,VTSSUnsigned8,read-write,The LLC DSAP mask. This object is only available if the capability object 'ml540mEvcCapabilitiesHasEceLlc' is True.
ML540M-EVC-MIB,ml540mEvcConfigEceLlcSsap,1.3.6.1.4.1.5468.100.62.1.2.5.1.1.202,column,VTSSUnsigned8,read-write,The LLC SSAP field to match. This object is only available if the capability object 'ml540mEvcCapabilitiesHasEceLlc' is True.
ML540M-EVC-MIB,ml540mEvcConfigEceLlcSsapMask,1.3.6.1.4.1.5468.100.62.1.2.5.1.1.203,column,VTSSUnsigned8,read-write,The LLC SSAP mask. This object is only available if the capability object 'ml540mEvcCapabilitiesHasEceLlc' is True.
ML540M-EVC-MIB,ml540mEvcConfigEceLlcControl,1.3.6.1.4.1.5468.100.62.1.2.5.1.1.204,column,VTSSUnsigned8,read-write,The LLC Control field to match. This object is only available if the capability object 'ml540mEvcCapabilitiesHasEceLlc' is True.
ML540M-EVC-MIB,ml540mEvcConfigEceLlcControlMask,1.3.6.1.4.1.5468.100.62.1.2.5.1.1.205,column,VTSSUnsigned8,read-write,The LLC Control mask. This object is only available if the capability object 'ml540mEvcCapabilitiesHasEceLlc' is True.
ML540M-EVC-MIB,ml540mEvcConfigEceLlcPid,1.3.6.1.4.1.5468.100.62.1.2.5.1.1.206,column,VTSSUnsigned16,read-write,The LLC Protocol ID to match. This object is only available if the capability object 'ml540mEvcCapabilitiesHasEceLlc' is True.
ML540M-EVC-MIB,ml540mEvcConfigEceLlcPidMask,1.3.6.1.4.1.5468.100.62.1.2.5.1.1.207,column,VTSSUnsigned16,read-write,The LLC Protocol ID mask. This object is only available if the capability object 'ml540mEvcCapabilitiesHasEceLlc' is True.
ML540M-EVC-MIB,ml540mEvcConfigEceSnapOui,1.3.6.1.4.1.5468.100.62.1.2.5.1.1.300,column,Unsigned32,read-write,The SNAP OUI to match. This object is only available if the capability object 'ml540mEvcCapabilitiesHasEceSnap' is True.
ML540M-EVC-MIB,ml540mEvcConfigEceSnapOuiMask,1.3.6.1.4.1.5468.100.62.1.2.5.1.1.301,column,Unsigned32,read-write,The SNAP OUI mask. This object is only available if the capability object 'ml540mEvcCapabilitiesHasEceSnap' is True.
ML540M-EVC-MIB,ml540mEvcConfigEceSnapPid,1.3.6.1.4.1.5468.100.62.1.2.5.1.1.302,column,VTSSUnsigned16,read-write,The SNAP Protocol ID to match. This object is only available if the capability object 'ml540mEvcCapabilitiesHasEceSnap' is True.
ML540M-EVC-MIB,ml540mEvcConfigEceSnapPidMask,1.3.6.1.4.1.5468.100.62.1.2.5.1.1.303,column,VTSSUnsigned16,read-write,The SNAP Protocol ID mask. This object is only available if the capability object 'ml540mEvcCapabilitiesHasEceSnap' is True.
ML540M-EVC-MIB,ml540mEvcConfigEceL2cpType,1.3.6.1.4.1.5468.100.62.1.2.5.1.1.400,column,VTSSevcL2cpType,read-write,The L2CP type to match. The value 'none' is not valid for SET operations. This object is only available if the capability object 'ml540mEvcCapabilitie
ML540M-EVC-MIB,ml540mEvcConfigEceIpv4Dscp,1.3.6.1.4.1.5468.100.62.1.2.5.1.1.500,column,Unsigned32,read-write,The IPv4 DSCP range to match. The minimum value is encoded in the 16 least significant bits. The maximum value is encoded in the 16 most significant b
ML540M-EVC-MIB,ml540mEvcConfigEceIpv4Proto,1.3.6.1.4.1.5468.100.62.1.2.5.1.1.501,column,VTSSUnsigned8,read-write,The IPv4 protocol number to match. This object is only available if the capability object 'ml540mEvcCapabilitiesHasEceIpProto' is True.
ML540M-EVC-MIB,ml540mEvcConfigEceIpv4ProtoMask,1.3.6.1.4.1.5468.100.62.1.2.5.1.1.502,column,VTSSUnsigned8,read-write,The IPv4 protocol mask. This object is only available if the capability object 'ml540mEvcCapabilitiesHasEceIpProto' is True.
ML540M-EVC-MIB,ml540mEvcConfigEceIpv4Fragment,1.3.6.1.4.1.5468.100.62.1.2.5.1.1.503,column,VTSSBitType,read-write,The IPv4 fragment match. This object is only available if the capability object 'ml540mEvcCapabilitiesHasEceIpv4Fragment' is True.
ML540M-EVC-MIB,ml540mEvcConfigEceIpv4SrcIp,1.3.6.1.4.1.5468.100.62.1.2.5.1.1.504,column,IpAddress,read-write,The IPv4 source address. This object is only available if the capability object 'ml540mEvcCapabilitiesHasEceSrcIp' is True.
ML540M-EVC-MIB,ml540mEvcConfigEceIpv4SrcIpMask,1.3.6.1.4.1.5468.100.62.1.2.5.1.1.505,column,IpAddress,read-write,The IPv4 source address mask. This object is only available if the capability object 'ml540mEvcCapabilitiesHasEceSrcIp' is True.
ML540M-EVC-MIB,ml540mEvcConfigEceIpv4DestIp,1.3.6.1.4.1.5468.100.62.1.2.5.1.1.506,column,IpAddress,read-write,The IPv4 destination address. This object is only available if the capability object 'ml540mEvcCapabilitiesHasEceDestIp' is True.
ML540M-EVC-MIB,ml540mEvcConfigEceIpv4DestIpMask,1.3.6.1.4.1.5468.100.62.1.2.5.1.1.507,column,IpAddress,read-write,The IPv4 destination address mask. This object is only available if the capability object 'ml540mEvcCapabilitiesHasEceDestIp' is True.
ML540M-EVC-MIB,ml540mEvcConfigEceIpv4SrcPort,1.3.6.1.4.1.5468.100.62.1.2.5.1.1.508,column,Unsigned32,read-write,The IPv4 UDP/TCP source port range to match. The minimum value is encoded in the 16 least significant bits. The maximum value is encoded in the 16 mos
ML540M-EVC-MIB,ml540mEvcConfigEceIpv4DestPort,1.3.6.1.4.1.5468.100.62.1.2.5.1.1.509,column,Unsigned32,read-write,The IPv4 UDP/TCP destination port range to match. The minimum value is encoded in the 16 least significant bits. The maximum value is encoded in the 1
ML540M-EVC-MIB,ml540mEvcConfigEceIpv6Dscp,1.3.6.1.4.1.5468.100.62.1.2.5.1.1.600,column,Unsigned32,read-write,The IPv6 DSCP range to match. The minimum value is encoded in the 16 least significant bits. The maximum value is encoded in the 16 most significant b
ML540M-EVC-MIB,ml540mEvcConfigEceIpv6Proto,1.3.6.1.4.1.5468.100.62.1.2.5.1.1.601,column,VTSSUnsigned8,read-write,The IPv6 protocol number to match. This object is only available if the capability object 'ml540mEvcCapabilitiesHasEceIpProto' is True.
ML540M-EVC-MIB,ml540mEvcConfigEceIpv6ProtoMask,1.3.6.1.4.1.5468.100.62.1.2.5.1.1.602,column,VTSSUnsigned8,read-write,The IPv6 protocol mask. This object is only available if the capability object 'ml540mEvcCapabilitiesHasEceIpProto' is True.
ML540M-EVC-MIB,ml540mEvcConfigEceIpv6SrcIp,1.3.6.1.4.1.5468.100.62.1.2.5.1.1.603,column,InetAddressIPv6,read-write,The IPv6 source address. This object is only available if the capability object 'ml540mEvcCapabilitiesHasEceSrcIp' is True.
ML540M-EVC-MIB,ml540mEvcConfigEceIpv6SrcIpMask,1.3.6.1.4.1.5468.100.62.1.2.5.1.1.604,column,InetAddressIPv6,read-write,The IPv6 source address mask. This object is only available if the capability object 'ml540mEvcCapabilitiesHasEceSrcIp' is True.
ML540M-EVC-MIB,ml540mEvcConfigEceIpv6DestIp,1.3.6.1.4.1.5468.100.62.1.2.5.1.1.605,column,InetAddressIPv6,read-write,The IPv6 destination address. This object is only available if the capability object 'ml540mEvcCapabilitiesHasEceDestIp' is True.
ML540M-EVC-MIB,ml540mEvcConfigEceIpv6DestIpMask,1.3.6.1.4.1.5468.100.62.1.2.5.1.1.606,column,InetAddressIPv6,read-write,The IPv6 destination address mask. This object is only available if the capability object 'ml540mEvcCapabilitiesHasEceDestIp' is True.
ML540M-EVC-MIB,ml540mEvcConfigEceIpv6SrcPort,1.3.6.1.4.1.5468.100.62.1.2.5.1.1.607,column,Unsigned32,read-write,The IPv6 UDP/TCP source port range to match. The minimum value is encoded in the 16 least significant bits. The maximum value is encoded in the 16 mos
ML540M-EVC-MIB,ml540mEvcConfigEceIpv6DestPort,1.3.6.1.4.1.5468.100.62.1.2.5.1.1.608,column,Unsigned32,read-write,The IPv6 UDP/TCP destination port range to match. The minimum value is encoded in the 16 least significant bits. The maximum value is encoded in the 1
ML540M-EVC-MIB,ml540mEvcConfigEceDirection,1.3.6.1.4.1.5468.100.62.1.2.5.1.1.1000,column,VTSSevcDirection,read-write,The ECE direction.
ML540M-EVC-MIB,ml540mEvcConfigEceRuleType,1.3.6.1.4.1.5468.100.62.1.2.5.1.1.1010,column,VTSSevcRuleType,read-write,The ECE rule type. This object is only available if the capability object 'ml540mEvcCapabilitiesHasEceRuleType' is True.
ML540M-EVC-MIB,ml540mEvcConfigEceTxLookup,1.3.6.1.4.1.5468.100.62.1.2.5.1.1.1011,column,VTSSevcTxLookup,read-write,The egress lookup key type. This object is only available if the capability object 'ml540mEvcCapabilitiesHasEceTxLookup' is True.
ML540M-EVC-MIB,ml540mEvcConfigEcePopTag,1.3.6.1.4.1.5468.100.62.1.2.5.1.1.1020,column,VTSSevcPopTag,read-write,The number of tags popped.
ML540M-EVC-MIB,ml540mEvcConfigEceOtAddEnable,1.3.6.1.4.1.5468.100.62.1.2.5.1.1.1100,column,TruthValue,read-write,Enable outer tag pushing for NNI-to-UNI direction.
ML540M-EVC-MIB,ml540mEvcConfigEceOtAddVid,1.3.6.1.4.1.5468.100.62.1.2.5.1.1.1101,column,VTSSUnsigned16,read-write,The VLAN ID pushed for NNI-to-UNI direction. This object is only available if the capability object 'ml540mEvcCapabilitiesHasEceOtAddVid' is True.
ML540M-EVC-MIB,ml540mEvcConfigEceOtAddPcpMode,1.3.6.1.4.1.5468.100.62.1.2.5.1.1.1102,column,VTSSevcPcpMode,read-write,The PCP mode for the outer tag pushed. This object is only available if the capability object 'ml540mEvcCapabilitiesHasEcePcpMode' is True.
ML540M-EVC-MIB,ml540mEvcConfigEceOtAddPcpDeiPreserve,1.3.6.1.4.1.5468.100.62.1.2.5.1.1.1103,column,TruthValue,read-write,Enable PCP/DEI preservation for the outer tag pushed. This object is only available if the capability object 'ml540mEvcCapabilitiesHasEcePcpDeiPreserv
ML540M-EVC-MIB,ml540mEvcConfigEceOtAddPcp,1.3.6.1.4.1.5468.100.62.1.2.5.1.1.1104,column,Unsigned32,read-write,The PCP value for the outer tag pushed.
ML540M-EVC-MIB,ml540mEvcConfigEceOtAddDeiMode,1.3.6.1.4.1.5468.100.62.1.2.5.1.1.1105,column,VTSSevcDeiMode,read-write,The DEI mode for the outer tag pushed. This object is only available if the capability object 'ml540mEvcCapabilitiesHasEceDeiMode' is True.
ML540M-EVC-MIB,ml540mEvcConfigEceOtAddDei,1.3.6.1.4.1.5468.100.62.1.2.5.1.1.1106,column,VTSSUnsigned8,read-write,The DEI value for the outer tag pushed.
ML540M-EVC-MIB,ml540mEvcConfigEceItAddType,1.3.6.1.4.1.5468.100.62.1.2.5.1.1.1200,column,VTSSevcInnerTagType,read-write,The tag type for the inner tag pushed. This object is only available if the capability object 'ml540mEvcCapabilitiesHasEceItAdd' is True.
ML540M-EVC-MIB,ml540mEvcConfigEceItAddVid,1.3.6.1.4.1.5468.100.62.1.2.5.1.1.1201,column,VTSSUnsigned16,read-write,The VLAN ID for the inner tag pushed. This object is only available if the capability object 'ml540mEvcCapabilitiesHasEceItAdd' is True.
ML540M-EVC-MIB,ml540mEvcConfigEceItAddPcpMode,1.3.6.1.4.1.5468.100.62.1.2.5.1.1.1202,column,VTSSevcPcpMode,read-write,The PCP mode for the inner tag pushed. This object is only available if the capability object 'ml540mEvcCapabilitiesHasEcePcpMode' is True.
ML540M-EVC-MIB,ml540mEvcConfigEceItAddPcpDeiPreserve,1.3.6.1.4.1.5468.100.62.1.2.5.1.1.1203,column,TruthValue,read-write,Enable PCP/DEI preservation for the inner tag pushed. This object is only available if the capability object 'ml540mEvcCapabilitiesHasEcePcpDeiPreserv
ML540M-EVC-MIB,ml540mEvcConfigEceItAddPcp,1.3.6.1.4.1.5468.100.62.1.2.5.1.1.1204,column,Unsigned32,read-write,The PCP value for the inner tag pushed. This object is only available if the capability object 'ml540mEvcCapabilitiesHasEceItAdd' is True.
ML540M-EVC-MIB,ml540mEvcConfigEceItAddDeiMode,1.3.6.1.4.1.5468.100.62.1.2.5.1.1.1205,column,VTSSevcDeiMode,read-write,The DEI mode for the inner tag pushed. This object is only available if the capability object 'ml540mEvcCapabilitiesHasEceDeiMode' is True.
ML540M-EVC-MIB,ml540mEvcConfigEceItAddDei,1.3.6.1.4.1.5468.100.62.1.2.5.1.1.1206,column,VTSSUnsigned8,read-write,The DEI value for the inner tag pushed. This object is only available if the capability object 'ml540mEvcCapabilitiesHasEceItAdd' is True.
ML540M-EVC-MIB,ml540mEvcConfigEceEvcId,1.3.6.1.4.1.5468.100.62.1.2.5.1.1.1300,column,VTSSUnsigned16,read-write,The EVC ID for the ECE.
ML540M-EVC-MIB,ml540mEvcConfigEcePolicerOp,1.3.6.1.4.1.5468.100.62.1.2.5.1.1.1301,column,VTSSevcPolicerOp,read-write,The policer operator for the ECE. This object is only available if the capability object 'ml540mEvcCapabilitiesHasEcePolicer' is True.
ML540M-EVC-MIB,ml540mEvcConfigEcePolicerId,1.3.6.1.4.1.5468.100.62.1.2.5.1.1.1302,column,VTSSUnsigned16,read-write,The policer ID for the ECE. This object is only available if the capability object 'ml540mEvcCapabilitiesHasEcePolicer' is True.
ML540M-EVC-MIB,ml540mEvcConfigEcePolicyNo,1.3.6.1.4.1.5468.100.62.1.2.5.1.1.1310,column,Unsigned32,read-write,The ACL policy number for the ECE.
ML540M-EVC-MIB,ml540mEvcConfigEceCosEnable,1.3.6.1.4.1.5468.100.62.1.2.5.1.1.1320,column,TruthValue,read-write,Enable CoS assignment. This object is only available if the capability object 'ml540mEvcCapabilitiesHasEceCos' is True.
ML540M-EVC-MIB,ml540mEvcConfigEceCos,1.3.6.1.4.1.5468.100.62.1.2.5.1.1.1321,column,Unsigned32,read-write,The CoS value for the ECE. This object is only available if the capability object 'ml540mEvcCapabilitiesHasEceCos' is True.
ML540M-EVC-MIB,ml540mEvcConfigEceDpEnable,1.3.6.1.4.1.5468.100.62.1.2.5.1.1.1330,column,TruthValue,read-write,Enable Drop Precendence assignment. This object is only available if the capability object 'ml540mEvcCapabilitiesHasEceDp' is True.
ML540M-EVC-MIB,ml540mEvcConfigEceDp,1.3.6.1.4.1.5468.100.62.1.2.5.1.1.1331,column,VTSSUnsigned8,read-write,The Drop Precedence value for the ECE. This object is only available if the capability object 'ml540mEvcCapabilitiesHasEceDp' is True.
ML540M-EVC-MIB,ml540mEvcConfigEceL2cpMode,1.3.6.1.4.1.5468.100.62.1.2.5.1.1.1332,column,VTSSevcEceL2cpMode,read-write,The L2CP forward mode for the ECE. This object is only available if the capability object 'ml540mEvcCapabilitiesHasEceL2cp' is True.
ML540M-EVC-MIB,ml540mEvcConfigEceL2cpDmac,1.3.6.1.4.1.5468.100.62.1.2.5.1.1.1333,column,VTSSevcL2cpDmac,read-write,The DMAC used for L2CP tunneling for the ECE. This object is only available if the capability object 'ml540mEvcCapabilitiesHasEceL2cp' is True.
ML540M-EVC-MIB,ml540mEvcConfigEceAction,1.3.6.1.4.1.5468.100.62.1.2.5.1.1.10000,column,VTSSRowEditorState,read-write,Action
ML540M-EVC-MIB,ml540mEvcConfigEceTableRowEditorEceId,1.3.6.1.4.1.5468.100.62.1.2.5.2.1,scalar,Integer32 (1..4096),read-write,"ECE ID, allowed range is [1,EceMax]."
ML540M-EVC-MIB,ml540mEvcConfigEceTableRowEditorNextId,1.3.6.1.4.1.5468.100.62.1.2.5.2.2,scalar,Unsigned32,read-write,The ID of the next ECE.
ML540M-EVC-MIB,ml540mEvcConfigEceTableRowEditorAdvLookup,1.3.6.1.4.1.5468.100.62.1.2.5.2.3,scalar,TruthValue,read-write,Enable advanced ingress lookup. This object is only available if the capability object 'ml540mEvcCapabilitiesHasEceAdvLookup' is True.
ML540M-EVC-MIB,ml540mEvcConfigEceTableRowEditorUniPortList,1.3.6.1.4.1.5468.100.62.1.2.5.2.4,scalar,VTSSPortList,read-write,List of UNI ports for the ECE.
ML540M-EVC-MIB,ml540mEvcConfigEceTableRowEditorSrcMac,1.3.6.1.4.1.5468.100.62.1.2.5.2.10,scalar,MacAddress,read-write,The source MAC address to match. This object is only available if the capability object 'ml540mEvcCapabilitiesHasEceSrcMac' is True.
ML540M-EVC-MIB,ml540mEvcConfigEceTableRowEditorSrcMacMask,1.3.6.1.4.1.5468.100.62.1.2.5.2.11,scalar,MacAddress,read-write,The source MAC address mask. This object is only available if the capability object 'ml540mEvcCapabilitiesHasEceSrcMac' is True.
ML540M-EVC-MIB,ml540mEvcConfigEceTableRowEditorDestMacType,1.3.6.1.4.1.5468.100.62.1.2.5.2.12,scalar,VTSSDestMacType,read-write,The destination MAC address type to match. This object is only available if the capability object 'ml540mEvcCapabilitiesHasEceDestMacType' is True.
ML540M-EVC-MIB,ml540mEvcConfigEceTableRowEditorDestMac,1.3.6.1.4.1.5468.100.62.1.2.5.2.13,scalar,MacAddress,read-write,The destination MAC address to match. This object is only available if the capability object 'ml540mEvcCapabilitiesHasEceDestMac' is True.
ML540M-EVC-MIB,ml540mEvcConfigEceTableRowEditorDestMacMask,1.3.6.1.4.1.5468.100.62.1.2.5.2.14,scalar,MacAddress,read-write,The destination MAC address mask. This object is only available if the capability object 'ml540mEvcCapabilitiesHasEceDestMac' is True.
ML540M-EVC-MIB,ml540mEvcConfigEceTableRowEditorOtMatchType,1.3.6.1.4.1.5468.100.62.1.2.5.2.20,scalar,VTSSVlanTagType,read-write,The outer tag type to match.
ML540M-EVC-MIB,ml540mEvcConfigEceTableRowEditorOtMatchVid,1.3.6.1.4.1.5468.100.62.1.2.5.2.21,scalar,Unsigned32,read-write,The outer tag VLAN ID range to match. The minimum value is encoded in the 16 least significant bits. The maximum value is encoded in the 16 most signi
ML540M-EVC-MIB,ml540mEvcConfigEceTableRowEditorOtMatchPcp,1.3.6.1.4.1.5468.100.62.1.2.5.2.22,scalar,VTSSVlanTagPriority,read-write,The outer tag PCP to match.
ML540M-EVC-MIB,ml540mEvcConfigEceTableRowEditorOtMatchDei,1.3.6.1.4.1.5468.100.62.1.2.5.2.23,scalar,VTSSBitType,read-write,The outer tag DEI to match.
ML540M-EVC-MIB,ml540mEvcConfigEceTableRowEditorItMatchType,1.3.6.1.4.1.5468.100.62.1.2.5.2.30,scalar,VTSSVlanTagType,read-write,The inner tag type to match. This object is only available if the capability object 'ml540mEvcCapabilitiesHasEceInnerTag' is True.
ML540M-EVC-MIB,ml540mEvcConfigEceTableRowEditorItMatchVid,1.3.6.1.4.1.5468.100.62.1.2.5.2.31,scalar,Unsigned32,read-write,The inner tag VLAN ID range to match. The minimum value is encoded in the 16 least significant bits. The maximum value is encoded in the 16 most signi
ML540M-EVC-MIB,ml540mEvcConfigEceTableRowEditorItMatchPcp,1.3.6.1.4.1.5468.100.62.1.2.5.2.32,scalar,VTSSVlanTagPriority,read-write,The inner tag PCP to match. This object is only available if the capability object 'ml540mEvcCapabilitiesHasEceInnerTag' is True.
ML540M-EVC-MIB,ml540mEvcConfigEceTableRowEditorItMatchDei,1.3.6.1.4.1.5468.100.62.1.2.5.2.33,scalar,VTSSBitType,read-write,The inner tag DEI to match. This object is only available if the capability object 'ml540mEvcCapabilitiesHasEceInnerTag' is True.
ML540M-EVC-MIB,ml540mEvcConfigEceTableRowEditorFrameType,1.3.6.1.4.1.5468.100.62.1.2.5.2.50,scalar,VTSSevcFrameType,read-write,The ECE frame type.
ML540M-EVC-MIB,ml540mEvcConfigEceTableRowEditorEtype,1.3.6.1.4.1.5468.100.62.1.2.5.2.100,scalar,VTSSUnsigned16,read-write,The Ethernet Type to match. This object is only available if the capability object 'ml540mEvcCapabilitiesHasEceEtype' is True.
ML540M-EVC-MIB,ml540mEvcConfigEceTableRowEditorEtypeMask,1.3.6.1.4.1.5468.100.62.1.2.5.2.101,scalar,VTSSUnsigned16,read-write,The Ethernet Type mask. This object is only available if the capability object 'ml540mEvcCapabilitiesHasEceEtype' is True.
ML540M-EVC-MIB,ml540mEvcConfigEceTableRowEditorEtypeData,1.3.6.1.4.1.5468.100.62.1.2.5.2.102,scalar,VTSSUnsigned16,read-write,The Ethernet Type data to match. This object is only available if the capability object 'ml540mEvcCapabilitiesHasEceEtype' is True.
ML540M-EVC-MIB,ml540mEvcConfigEceTableRowEditorEtypeDataMask,1.3.6.1.4.1.5468.100.62.1.2.5.2.103,scalar,VTSSUnsigned16,read-write,The Ethernet Type data mask. This object is only available if the capability object 'ml540mEvcCapabilitiesHasEceEtype' is True.
ML540M-EVC-MIB,ml540mEvcConfigEceTableRowEditorLlcDsap,1.3.6.1.4.1.5468.100.62.1.2.5.2.200,scalar,VTSSUnsigned8,read-write,The LLC DSAP field to match. This object is only available if the capability object 'ml540mEvcCapabilitiesHasEceLlc' is True.
ML540M-EVC-MIB,ml540mEvcConfigEceTableRowEditorLlcDsapMask,1.3.6.1.4.1.5468.100.62.1.2.5.2.201,scalar,VTSSUnsigned8,read-write,The LLC DSAP mask. This object is only available if the capability object 'ml540mEvcCapabilitiesHasEceLlc' is True.
ML540M-EVC-MIB,ml540mEvcConfigEceTableRowEditorLlcSsap,1.3.6.1.4.1.5468.100.62.1.2.5.2.202,scalar,VTSSUnsigned8,read-write,The LLC SSAP field to match. This object is only available if the capability object 'ml540mEvcCapabilitiesHasEceLlc' is True.
ML540M-EVC-MIB,ml540mEvcConfigEceTableRowEditorLlcSsapMask,1.3.6.1.4.1.5468.100.62.1.2.5.2.203,scalar,VTSSUnsigned8,read-write,The LLC SSAP mask. This object is only available if the capability object 'ml540mEvcCapabilitiesHasEceLlc' is True.
ML540M-EVC-MIB,ml540mEvcConfigEceTableRowEditorLlcControl,1.3.6.1.4.1.5468.100.62.1.2.5.2.204,scalar,VTSSUnsigned8,read-write,The LLC Control field to match. This object is only available if the capability object 'ml540mEvcCapabilitiesHasEceLlc' is True.
ML540M-EVC-MIB,ml540mEvcConfigEceTableRowEditorLlcControlMask,1.3.6.1.4.1.5468.100.62.1.2.5.2.205,scalar,VTSSUnsigned8,read-write,The LLC Control mask. This object is only available if the capability object 'ml540mEvcCapabilitiesHasEceLlc' is True.
ML540M-EVC-MIB,ml540mEvcConfigEceTableRowEditorLlcPid,1.3.6.1.4.1.5468.100.62.1.2.5.2.206,scalar,VTSSUnsigned16,read-write,The LLC Protocol ID to match. This object is only available if the capability object 'ml540mEvcCapabilitiesHasEceLlc' is True.
ML540M-EVC-MIB,ml540mEvcConfigEceTableRowEditorLlcPidMask,1.3.6.1.4.1.5468.100.62.1.2.5.2.207,scalar,VTSSUnsigned16,read-write,The LLC Protocol ID mask. This object is only available if the capability object 'ml540mEvcCapabilitiesHasEceLlc' is True.
ML540M-EVC-MIB,ml540mEvcConfigEceTableRowEditorSnapOui,1.3.6.1.4.1.5468.100.62.1.2.5.2.300,scalar,Unsigned32,read-write,The SNAP OUI to match. This object is only available if the capability object 'ml540mEvcCapabilitiesHasEceSnap' is True.
ML540M-EVC-MIB,ml540mEvcConfigEceTableRowEditorSnapOuiMask,1.3.6.1.4.1.5468.100.62.1.2.5.2.301,scalar,Unsigned32,read-write,The SNAP OUI mask. This object is only available if the capability object 'ml540mEvcCapabilitiesHasEceSnap' is True.
ML540M-EVC-MIB,ml540mEvcConfigEceTableRowEditorSnapPid,1.3.6.1.4.1.5468.100.62.1.2.5.2.302,scalar,VTSSUnsigned16,read-write,The SNAP Protocol ID to match. This object is only available if the capability object 'ml540mEvcCapabilitiesHasEceSnap' is True.
ML540M-EVC-MIB,ml540mEvcConfigEceTableRowEditorSnapPidMask,1.3.6.1.4.1.5468.100.62.1.2.5.2.303,scalar,VTSSUnsigned16,read-write,The SNAP Protocol ID mask. This object is only available if the capability object 'ml540mEvcCapabilitiesHasEceSnap' is True.
ML540M-EVC-MIB,ml540mEvcConfigEceTableRowEditorL2cpType,1.3.6.1.4.1.5468.100.62.1.2.5.2.400,scalar,VTSSevcL2cpType,read-write,The L2CP type to match. The value 'none' is not valid for SET operations. This object is only available if the capability object 'ml540mEvcCapabilitie
ML540M-EVC-MIB,ml540mEvcConfigEceTableRowEditorIpv4Dscp,1.3.6.1.4.1.5468.100.62.1.2.5.2.500,scalar,Unsigned32,read-write,The IPv4 DSCP range to match. The minimum value is encoded in the 16 least significant bits. The maximum value is encoded in the 16 most significant b
ML540M-EVC-MIB,ml540mEvcConfigEceTableRowEditorIpv4Proto,1.3.6.1.4.1.5468.100.62.1.2.5.2.501,scalar,VTSSUnsigned8,read-write,The IPv4 protocol number to match. This object is only available if the capability object 'ml540mEvcCapabilitiesHasEceIpProto' is True.
ML540M-EVC-MIB,ml540mEvcConfigEceTableRowEditorIpv4ProtoMask,1.3.6.1.4.1.5468.100.62.1.2.5.2.502,scalar,VTSSUnsigned8,read-write,The IPv4 protocol mask. This object is only available if the capability object 'ml540mEvcCapabilitiesHasEceIpProto' is True.
ML540M-EVC-MIB,ml540mEvcConfigEceTableRowEditorIpv4Fragment,1.3.6.1.4.1.5468.100.62.1.2.5.2.503,scalar,VTSSBitType,read-write,The IPv4 fragment match. This object is only available if the capability object 'ml540mEvcCapabilitiesHasEceIpv4Fragment' is True.
ML540M-EVC-MIB,ml540mEvcConfigEceTableRowEditorIpv4SrcIp,1.3.6.1.4.1.5468.100.62.1.2.5.2.504,scalar,IpAddress,read-write,The IPv4 source address. This object is only available if the capability object 'ml540mEvcCapabilitiesHasEceSrcIp' is True.
ML540M-EVC-MIB,ml540mEvcConfigEceTableRowEditorIpv4SrcIpMask,1.3.6.1.4.1.5468.100.62.1.2.5.2.505,scalar,IpAddress,read-write,The IPv4 source address mask. This object is only available if the capability object 'ml540mEvcCapabilitiesHasEceSrcIp' is True.
ML540M-EVC-MIB,ml540mEvcConfigEceTableRowEditorIpv4DestIp,1.3.6.1.4.1.5468.100.62.1.2.5.2.506,scalar,IpAddress,read-write,The IPv4 destination address. This object is only available if the capability object 'ml540mEvcCapabilitiesHasEceDestIp' is True.
ML540M-EVC-MIB,ml540mEvcConfigEceTableRowEditorIpv4DestIpMask,1.3.6.1.4.1.5468.100.62.1.2.5.2.507,scalar,IpAddress,read-write,The IPv4 destination address mask. This object is only available if the capability object 'ml540mEvcCapabilitiesHasEceDestIp' is True.
ML540M-EVC-MIB,ml540mEvcConfigEceTableRowEditorIpv4SrcPort,1.3.6.1.4.1.5468.100.62.1.2.5.2.508,scalar,Unsigned32,read-write,The IPv4 UDP/TCP source port range to match. The minimum value is encoded in the 16 least significant bits. The maximum value is encoded in the 16 mos
ML540M-EVC-MIB,ml540mEvcConfigEceTableRowEditorIpv4DestPort,1.3.6.1.4.1.5468.100.62.1.2.5.2.509,scalar,Unsigned32,read-write,The IPv4 UDP/TCP destination port range to match. The minimum value is encoded in the 16 least significant bits. The maximum value is encoded in the 1
ML540M-EVC-MIB,ml540mEvcConfigEceTableRowEditorIpv6Dscp,1.3.6.1.4.1.5468.100.62.1.2.5.2.600,scalar,Unsigned32,read-write,The IPv6 DSCP range to match. The minimum value is encoded in the 16 least significant bits. The maximum value is encoded in the 16 most significant b
ML540M-EVC-MIB,ml540mEvcConfigEceTableRowEditorIpv6Proto,1.3.6.1.4.1.5468.100.62.1.2.5.2.601,scalar,VTSSUnsigned8,read-write,The IPv6 protocol number to match. This object is only available if the capability object 'ml540mEvcCapabilitiesHasEceIpProto' is True.
ML540M-EVC-MIB,ml540mEvcConfigEceTableRowEditorIpv6ProtoMask,1.3.6.1.4.1.5468.100.62.1.2.5.2.602,scalar,VTSSUnsigned8,read-write,The IPv6 protocol mask. This object is only available if the capability object 'ml540mEvcCapabilitiesHasEceIpProto' is True.
ML540M-EVC-MIB,ml540mEvcConfigEceTableRowEditorIpv6SrcIp,1.3.6.1.4.1.5468.100.62.1.2.5.2.603,scalar,InetAddressIPv6,read-write,The IPv6 source address. This object is only available if the capability object 'ml540mEvcCapabilitiesHasEceSrcIp' is True.
ML540M-EVC-MIB,ml540mEvcConfigEceTableRowEditorIpv6SrcIpMask,1.3.6.1.4.1.5468.100.62.1.2.5.2.604,scalar,InetAddressIPv6,read-write,The IPv6 source address mask. This object is only available if the capability object 'ml540mEvcCapabilitiesHasEceSrcIp' is True.
ML540M-EVC-MIB,ml540mEvcConfigEceTableRowEditorIpv6DestIp,1.3.6.1.4.1.5468.100.62.1.2.5.2.605,scalar,InetAddressIPv6,read-write,The IPv6 destination address. This object is only available if the capability object 'ml540mEvcCapabilitiesHasEceDestIp' is True.
ML540M-EVC-MIB,ml540mEvcConfigEceTableRowEditorIpv6DestIpMask,1.3.6.1.4.1.5468.100.62.1.2.5.2.606,scalar,InetAddressIPv6,read-write,The IPv6 destination address mask. This object is only available if the capability object 'ml540mEvcCapabilitiesHasEceDestIp' is True.
ML540M-EVC-MIB,ml540mEvcConfigEceTableRowEditorIpv6SrcPort,1.3.6.1.4.1.5468.100.62.1.2.5.2.607,scalar,Unsigned32,read-write,The IPv6 UDP/TCP source port range to match. The minimum value is encoded in the 16 least significant bits. The maximum value is encoded in the 16 mos
ML540M-EVC-MIB,ml540mEvcConfigEceTableRowEditorIpv6DestPort,1.3.6.1.4.1.5468.100.62.1.2.5.2.608,scalar,Unsigned32,read-write,The IPv6 UDP/TCP destination port range to match. The minimum value is encoded in the 16 least significant bits. The maximum value is encoded in the 1
ML540M-EVC-MIB,ml540mEvcConfigEceTableRowEditorDirection,1.3.6.1.4.1.5468.100.62.1.2.5.2.1000,scalar,VTSSevcDirection,read-write,The ECE direction.
ML540M-EVC-MIB,ml540mEvcConfigEceTableRowEditorRuleType,1.3.6.1.4.1.5468.100.62.1.2.5.2.1010,scalar,VTSSevcRuleType,read-write,The ECE rule type. This object is only available if the capability object 'ml540mEvcCapabilitiesHasEceRuleType' is True.
ML540M-EVC-MIB,ml540mEvcConfigEceTableRowEditorTxLookup,1.3.6.1.4.1.5468.100.62.1.2.5.2.1011,scalar,VTSSevcTxLookup,read-write,The egress lookup key type. This object is only available if the capability object 'ml540mEvcCapabilitiesHasEceTxLookup' is True.
ML540M-EVC-MIB,ml540mEvcConfigEceTableRowEditorPopTag,1.3.6.1.4.1.5468.100.62.1.2.5.2.1020,scalar,VTSSevcPopTag,read-write,The number of tags popped.
ML540M-EVC-MIB,ml540mEvcConfigEceTableRowEditorOtAddEnable,1.3.6.1.4.1.5468.100.62.1.2.5.2.1100,scalar,TruthValue,read-write,Enable outer tag pushing for NNI-to-UNI direction.
ML540M-EVC-MIB,ml540mEvcConfigEceTableRowEditorOtAddVid,1.3.6.1.4.1.5468.100.62.1.2.5.2.1101,scalar,VTSSUnsigned16,read-write,The VLAN ID pushed for NNI-to-UNI direction. This object is only available if the capability object 'ml540mEvcCapabilitiesHasEceOtAddVid' is True.
ML540M-EVC-MIB,ml540mEvcConfigEceTableRowEditorOtAddPcpMode,1.3.6.1.4.1.5468.100.62.1.2.5.2.1102,scalar,VTSSevcPcpMode,read-write,The PCP mode for the outer tag pushed. This object is only available if the capability object 'ml540mEvcCapabilitiesHasEcePcpMode' is True.
ML540M-EVC-MIB,ml540mEvcConfigEceTableRowEditorOtAddPcpDeiPreserve,1.3.6.1.4.1.5468.100.62.1.2.5.2.1103,scalar,TruthValue,read-write,Enable PCP/DEI preservation for the outer tag pushed. This object is only available if the capability object 'ml540mEvcCapabilitiesHasEcePcpDeiPreserv
ML540M-EVC-MIB,ml540mEvcConfigEceTableRowEditorOtAddPcp,1.3.6.1.4.1.5468.100.62.1.2.5.2.1104,scalar,Unsigned32,read-write,The PCP value for the outer tag pushed.
ML540M-EVC-MIB,ml540mEvcConfigEceTableRowEditorOtAddDeiMode,1.3.6.1.4.1.5468.100.62.1.2.5.2.1105,scalar,VTSSevcDeiMode,read-write,The DEI mode for the outer tag pushed. This object is only available if the capability object 'ml540mEvcCapabilitiesHasEceDeiMode' is True.
ML540M-EVC-MIB,ml540mEvcConfigEceTableRowEditorOtAddDei,1.3.6.1.4.1.5468.100.62.1.2.5.2.1106,scalar,VTSSUnsigned8,read-write,The DEI value for the outer tag pushed.
ML540M-EVC-MIB,ml540mEvcConfigEceTableRowEditorItAddType,1.3.6.1.4.1.5468.100.62.1.2.5.2.1200,scalar,VTSSevcInnerTagType,read-write,The tag type for the inner tag pushed. This object is only available if the capability object 'ml540mEvcCapabilitiesHasEceItAdd' is True.
ML540M-EVC-MIB,ml540mEvcConfigEceTableRowEditorItAddVid,1.3.6.1.4.1.5468.100.62.1.2.5.2.1201,scalar,VTSSUnsigned16,read-write,The VLAN ID for the inner tag pushed. This object is only available if the capability object 'ml540mEvcCapabilitiesHasEceItAdd' is True.
ML540M-EVC-MIB,ml540mEvcConfigEceTableRowEditorItAddPcpMode,1.3.6.1.4.1.5468.100.62.1.2.5.2.1202,scalar,VTSSevcPcpMode,read-write,The PCP mode for the inner tag pushed. This object is only available if the capability object 'ml540mEvcCapabilitiesHasEcePcpMode' is True.
ML540M-EVC-MIB,ml540mEvcConfigEceTableRowEditorItAddPcpDeiPreserve,1.3.6.1.4.1.5468.100.62.1.2.5.2.1203,scalar,TruthValue,read-write,Enable PCP/DEI preservation for the inner tag pushed. This object is only available if the capability object 'ml540mEvcCapabilitiesHasEcePcpDeiPreserv
ML540M-EVC-MIB,ml540mEvcConfigEceTableRowEditorItAddPcp,1.3.6.1.4.1.5468.100.62.1.2.5.2.1204,scalar,Unsigned32,read-write,The PCP value for the inner tag pushed. This object is only available if the capability object 'ml540mEvcCapabilitiesHasEceItAdd' is True.
ML540M-EVC-MIB,ml540mEvcConfigEceTableRowEditorItAddDeiMode,1.3.6.1.4.1.5468.100.62.1.2.5.2.1205,scalar,VTSSevcDeiMode,read-write,The DEI mode for the inner tag pushed. This object is only available if the capability object 'ml540mEvcCapabilitiesHasEceDeiMode' is True.
ML540M-EVC-MIB,ml540mEvcConfigEceTableRowEditorItAddDei,1.3.6.1.4.1.5468.100.62.1.2.5.2.1206,scalar,VTSSUnsigned8,read-write,The DEI value for the inner tag pushed. This object is only available if the capability object 'ml540mEvcCapabilitiesHasEceItAdd' is True.
ML540M-EVC-MIB,ml540mEvcConfigEceTableRowEditorEvcId,1.3.6.1.4.1.5468.100.62.1.2.5.2.1300,scalar,VTSSUnsigned16,read-write,The EVC ID for the ECE.
ML540M-EVC-MIB,ml540mEvcConfigEceTableRowEditorPolicerOp,1.3.6.1.4.1.5468.100.62.1.2.5.2.1301,scalar,VTSSevcPolicerOp,read-write,The policer operator for the ECE. This object is only available if the capability object 'ml540mEvcCapabilitiesHasEcePolicer' is True.
ML540M-EVC-MIB,ml540mEvcConfigEceTableRowEditorPolicerId,1.3.6.1.4.1.5468.100.62.1.2.5.2.1302,scalar,VTSSUnsigned16,read-write,The policer ID for the ECE. This object is only available if the capability object 'ml540mEvcCapabilitiesHasEcePolicer' is True.
ML540M-EVC-MIB,ml540mEvcConfigEceTableRowEditorPolicyNo,1.3.6.1.4.1.5468.100.62.1.2.5.2.1310,scalar,Unsigned32,read-write,The ACL policy number for the ECE.
ML540M-EVC-MIB,ml540mEvcConfigEceTableRowEditorCosEnable,1.3.6.1.4.1.5468.100.62.1.2.5.2.1320,scalar,TruthValue,read-write,Enable CoS assignment. This object is only available if the capability object 'ml540mEvcCapabilitiesHasEceCos' is True.
ML540M-EVC-MIB,ml540mEvcConfigEceTableRowEditorCos,1.3.6.1.4.1.5468.100.62.1.2.5.2.1321,scalar,Unsigned32,read-write,The CoS value for the ECE. This object is only available if the capability object 'ml540mEvcCapabilitiesHasEceCos' is True.
ML540M-EVC-MIB,ml540mEvcConfigEceTableRowEditorDpEnable,1.3.6.1.4.1.5468.100.62.1.2.5.2.1330,scalar,TruthValue,read-write,Enable Drop Precendence assignment. This object is only available if the capability object 'ml540mEvcCapabilitiesHasEceDp' is True.
ML540M-EVC-MIB,ml540mEvcConfigEceTableRowEditorDp,1.3.6.1.4.1.5468.100.62.1.2.5.2.1331,scalar,VTSSUnsigned8,read-write,The Drop Precedence value for the ECE. This object is only available if the capability object 'ml540mEvcCapabilitiesHasEceDp' is True.
ML540M-EVC-MIB,ml540mEvcConfigEceTableRowEditorL2cpMode,1.3.6.1.4.1.5468.100.62.1.2.5.2.1332,scalar,VTSSevcEceL2cpMode,read-write,The L2CP forward mode for the ECE. This object is only available if the capability object 'ml540mEvcCapabilitiesHasEceL2cp' is True.
ML540M-EVC-MIB,ml540mEvcConfigEceTableRowEditorL2cpDmac,1.3.6.1.4.1.5468.100.62.1.2.5.2.1333,scalar,VTSSevcL2cpDmac,read-write,The DMAC used for L2CP tunneling for the ECE. This object is only available if the capability object 'ml540mEvcCapabilitiesHasEceL2cp' is True.
ML540M-EVC-MIB,ml540mEvcConfigEceTableRowEditorAction,1.3.6.1.4.1.5468.100.62.1.2.5.2.10000,scalar,VTSSRowEditorState,read-write,Action
ML540M-EVC-MIB,ml540mEvcConfigEcePrecedenceIndex,1.3.6.1.4.1.5468.100.62.1.2.5.3.1.1,column,Integer32 (0..4095),not-accessible,"ECE precedence index, allowed range is [0,EceMax[."
ML540M-EVC-MIB,ml540mEvcConfigEcePrecedenceEceId,1.3.6.1.4.1.5468.100.62.1.2.5.3.1.2,column,Unsigned32,read-only,ECE ID.
ML540M-EVC-MIB,ml540mEvcConfigEvcInterfaceEvcId,1.3.6.1.4.1.5468.100.62.1.2.6.1.1,column,Integer32 (0..4095),not-accessible,"EVC ID, allowed range is [0,EvcMax[."
ML540M-EVC-MIB,ml540mEvcConfigEvcInterfaceIfIndex,1.3.6.1.4.1.5468.100.62.1.2.6.1.2,column,VTSSInterfaceIndex,not-accessible,Logical interface index.
ML540M-EVC-MIB,ml540mEvcConfigEvcInterfaceHqosId,1.3.6.1.4.1.5468.100.62.1.2.6.1.3,column,VTSSUnsigned16,read-write,HQoS ID mapping. This object is only available if the capability object 'ml540mEvcCapabilitiesHasEvcPortHqos' is True.
ML540M-EVC-MIB,ml540mEvcConfigMplsTpPwEvcId,1.3.6.1.4.1.5468.100.62.1.2.7.1.1.1,column,Integer32 (0..4095),not-accessible,"EVC ID, allowed range is [0,EvcMax[."
ML540M-EVC-MIB,ml540mEvcConfigMplsTpPwIfIndex,1.3.6.1.4.1.5468.100.62.1.2.7.1.1.2,column,VTSSInterfaceIndex,not-accessible,MPLS pseudo wire interface index. Zero = unused.
ML540M-EVC-MIB,ml540mEvcConfigMplsTpPwSplitHorizon,1.3.6.1.4.1.5468.100.62.1.2.7.1.1.4,column,TruthValue,read-write,True: Enable split-horizon for a PW. False: Disable split-horizon.
ML540M-EVC-MIB,ml540mEvcConfigMplsTpPwAction,1.3.6.1.4.1.5468.100.62.1.2.7.1.1.10000,column,VTSSRowEditorState,read-write,Action
ML540M-EVC-MIB,ml540mEvcConfigMplsTpPwTableRowEditorEvcId,1.3.6.1.4.1.5468.100.62.1.2.7.2.1,scalar,Integer32 (0..4095),read-write,"EVC ID, allowed range is [0,EvcMax[."
ML540M-EVC-MIB,ml540mEvcConfigMplsTpPwTableRowEditorIfIndex,1.3.6.1.4.1.5468.100.62.1.2.7.2.2,scalar,VTSSInterfaceIndex,read-write,MPLS pseudo wire interface index. Zero = unused.
ML540M-EVC-MIB,ml540mEvcConfigMplsTpPwTableRowEditorSplitHorizon,1.3.6.1.4.1.5468.100.62.1.2.7.2.4,scalar,TruthValue,read-write,True: Enable split-horizon for a PW. False: Disable split-horizon.
ML540M-EVC-MIB,ml540mEvcConfigMplsTpPwTableRowEditorAction,1.3.6.1.4.1.5468.100.62.1.2.7.2.10000,scalar,VTSSRowEditorState,read-write,Action
ML540M-EVC-MIB,ml540mEvcStatusEvcEvcId,1.3.6.1.4.1.5468.100.62.1.3.3.1.1,column,Integer32 (0..4095),not-accessible,"EVC ID, allowed range is [0,EvcMax[."
ML540M-EVC-MIB,ml540mEvcStatusEvcConflict,1.3.6.1.4.1.5468.100.62.1.3.3.1.2,column,TruthValue,read-only,Resource conflict indication.
ML540M-EVC-MIB,ml540mEvcStatusEceIndex,1.3.6.1.4.1.5468.100.62.1.3.4.1.1,column,Integer32 (0..4095),not-accessible,"ECE precedence index, allowed range is [0,EceMax[."
ML540M-EVC-MIB,ml540mEvcStatusEceConflict,1.3.6.1.4.1.5468.100.62.1.3.4.1.2,column,TruthValue,read-only,Resource conflict indication.
ML540M-EVC-MIB,ml540mEvcStatusEvcInterfaceEvcId,1.3.6.1.4.1.5468.100.62.1.3.5.1.1,column,Integer32 (0..4095),not-accessible,"EVC ID, allowed range is [0,EvcMax[."
ML540M-EVC-MIB,ml540mEvcStatusEvcInterfaceIfIndex,1.3.6.1.4.1.5468.100.62.1.3.5.1.2,column,VTSSInterfaceIndex,not-accessible,Logical interface index.
ML540M-EVC-MIB,ml540mEvcStatusEvcInterfaceRxGreenFrames,1.3.6.1.4.1.5468.100.62.1.3.5.1.3,column,Counter64,read-only,Number of received green frames. This object is only available if the capability object 'ml540mEvcCapabilitiesHasEvcPortCounters' is True.
ML540M-EVC-MIB,ml540mEvcStatusEvcInterfaceRxGreenBytes,1.3.6.1.4.1.5468.100.62.1.3.5.1.4,column,Counter64,read-only,Number of received green bytes. This object is only available if the capability object 'ml540mEvcCapabilitiesHasEvcPortCounters' is True.
ML540M-EVC-MIB,ml540mEvcStatusEvcInterfaceRxYellowFrames,1.3.6.1.4.1.5468.100.62.1.3.5.1.5,column,Counter64,read-only,Number of received yellow frames. This object is only available if the capability object 'ml540mEvcCapabilitiesHasEvcPortCounters' is True.
ML540M-EVC-MIB,ml540mEvcStatusEvcInterfaceRxYellowBytes,1.3.6.1.4.1.5468.100.62.1.3.5.1.6,column,Counter64,read-only,Number of received yellow bytes. This object is only available if the capability object 'ml540mEvcCapabilitiesHasEvcPortCounters' is True.
ML540M-EVC-MIB,ml540mEvcStatusEvcInterfaceRxRedFrames,1.3.6.1.4.1.5468.100.62.1.3.5.1.7,column,Counter64,read-only,Number of received red frames. This object is only available if the capability object 'ml540mEvcCapabilitiesHasEvcPortCounters' is True.
ML540M-EVC-MIB,ml540mEvcStatusEvcInterfaceRxRedBytes,1.3.6.1.4.1.5468.100.62.1.3.5.1.8,column,Counter64,read-only,Number of received red bytes. This object is only available if the capability object 'ml540mEvcCapabilitiesHasEvcPortCounters' is True.
ML540M-EVC-MIB,ml540mEvcStatusEvcInterfaceRxDiscardFrames,1.3.6.1.4.1.5468.100.62.1.3.5.1.9,column,Counter64,read-only,Number of received discarded frames. This object is only available if the capability object 'ml540mEvcCapabilitiesHasEvcPortCounters' is True.
ML540M-EVC-MIB,ml540mEvcStatusEvcInterfaceRxDiscardBytes,1.3.6.1.4.1.5468.100.62.1.3.5.1.10,column,Counter64,read-only,Number of received discarded bytes. This object is only available if the capability object 'ml540mEvcCapabilitiesHasEvcPortCounters' is True.
ML540M-EVC-MIB,ml540mEvcStatusEvcInterfaceTxGreenFrames,1.3.6.1.4.1.5468.100.62.1.3.5.1.100,column,Counter64,read-only,Number of transmitted green frames. This object is only available if the capability object 'ml540mEvcCapabilitiesHasEvcPortCounters' is True.
ML540M-EVC-MIB,ml540mEvcStatusEvcInterfaceTxGreenBytes,1.3.6.1.4.1.5468.100.62.1.3.5.1.101,column,Counter64,read-only,Number of transmitted green bytes. This object is only available if the capability object 'ml540mEvcCapabilitiesHasEvcPortCounters' is True.
ML540M-EVC-MIB,ml540mEvcStatusEvcInterfaceTxYellowFrames,1.3.6.1.4.1.5468.100.62.1.3.5.1.102,column,Counter64,read-only,Number of transmitted yellow frames. This object is only available if the capability object 'ml540mEvcCapabilitiesHasEvcPortCounters' is True.
ML540M-EVC-MIB,ml540mEvcStatusEvcInterfaceTxYellowBytes,1.3.6.1.4.1.5468.100.62.1.3.5.1.103,column,Counter64,read-only,Number of transmitted yellow bytes. This object is only available if the capability object 'ml540mEvcCapabilitiesHasEvcPortCounters' is True.
ML540M-EVC-MIB,ml540mEvcStatusEvcInterfaceTxDiscardFrames,1.3.6.1.4.1.5468.100.62.1.3.5.1.104,column,Counter64,read-only,Number of egress discarded frames. This object is only available if the capability object 'ml540mEvcCapabilitiesHasEvcPortCounters' is True.
ML540M-EVC-MIB,ml540mEvcStatusEvcInterfaceTxDiscardBytes,1.3.6.1.4.1.5468.100.62.1.3.5.1.105,column,Counter64,read-only,Number of egress discarded bytes. This object is only available if the capability object 'ml540mEvcCapabilitiesHasEvcPortCounters' is True.
ML540M-EVC-MIB,ml540mEvcStatusEceInterfaceIndex,1.3.6.1.4.1.5468.100.62.1.3.6.1.1,column,Integer32 (0..4095),not-accessible,"ECE precedence index, allowed range is [0,EceMax[."
ML540M-EVC-MIB,ml540mEvcStatusEceInterfaceIfIndex,1.3.6.1.4.1.5468.100.62.1.3.6.1.2,column,VTSSInterfaceIndex,not-accessible,Logical interface index.
ML540M-EVC-MIB,ml540mEvcStatusEceInterfaceRxGreenFrames,1.3.6.1.4.1.5468.100.62.1.3.6.1.3,column,Counter64,read-only,Number of received green frames. This object is only available if the capability object 'ml540mEvcCapabilitiesHasEvcPortCounters' is True.
ML540M-EVC-MIB,ml540mEvcStatusEceInterfaceRxGreenBytes,1.3.6.1.4.1.5468.100.62.1.3.6.1.4,column,Counter64,read-only,Number of received green bytes. This object is only available if the capability object 'ml540mEvcCapabilitiesHasEvcPortCounters' is True.
ML540M-EVC-MIB,ml540mEvcStatusEceInterfaceRxYellowFrames,1.3.6.1.4.1.5468.100.62.1.3.6.1.5,column,Counter64,read-only,Number of received yellow frames. This object is only available if the capability object 'ml540mEvcCapabilitiesHasEvcPortCounters' is True.
ML540M-EVC-MIB,ml540mEvcStatusEceInterfaceRxYellowBytes,1.3.6.1.4.1.5468.100.62.1.3.6.1.6,column,Counter64,read-only,Number of received yellow bytes. This object is only available if the capability object 'ml540mEvcCapabilitiesHasEvcPortCounters' is True.
ML540M-EVC-MIB,ml540mEvcStatusEceInterfaceRxRedFrames,1.3.6.1.4.1.5468.100.62.1.3.6.1.7,column,Counter64,read-only,Number of received red frames. This object is only available if the capability object 'ml540mEvcCapabilitiesHasEvcPortCounters' is True.
ML540M-EVC-MIB,ml540mEvcStatusEceInterfaceRxRedBytes,1.3.6.1.4.1.5468.100.62.1.3.6.1.8,column,Counter64,read-only,Number of received red bytes. This object is only available if the capability object 'ml540mEvcCapabilitiesHasEvcPortCounters' is True.
ML540M-EVC-MIB,ml540mEvcStatusEceInterfaceRxDiscardFrames,1.3.6.1.4.1.5468.100.62.1.3.6.1.9,column,Counter64,read-only,Number of received discarded frames. This object is only available if the capability object 'ml540mEvcCapabilitiesHasEvcPortCounters' is True.
ML540M-EVC-MIB,ml540mEvcStatusEceInterfaceRxDiscardBytes,1.3.6.1.4.1.5468.100.62.1.3.6.1.10,column,Counter64,read-only,Number of received discarded bytes. This object is only available if the capability object 'ml540mEvcCapabilitiesHasEvcPortCounters' is True.
ML540M-EVC-MIB,ml540mEvcStatusEceInterfaceTxGreenFrames,1.3.6.1.4.1.5468.100.62.1.3.6.1.100,column,Counter64,read-only,Number of transmitted green frames. This object is only available if the capability object 'ml540mEvcCapabilitiesHasEvcPortCounters' is True.
ML540M-EVC-MIB,ml540mEvcStatusEceInterfaceTxGreenBytes,1.3.6.1.4.1.5468.100.62.1.3.6.1.101,column,Counter64,read-only,Number of transmitted green bytes. This object is only available if the capability object 'ml540mEvcCapabilitiesHasEvcPortCounters' is True.
ML540M-EVC-MIB,ml540mEvcStatusEceInterfaceTxYellowFrames,1.3.6.1.4.1.5468.100.62.1.3.6.1.102,column,Counter64,read-only,Number of transmitted yellow frames. This object is only available if the capability object 'ml540mEvcCapabilitiesHasEvcPortCounters' is True.
ML540M-EVC-MIB,ml540mEvcStatusEceInterfaceTxYellowBytes,1.3.6.1.4.1.5468.100.62.1.3.6.1.103,column,Counter64,read-only,Number of transmitted yellow bytes. This object is only available if the capability object 'ml540mEvcCapabilitiesHasEvcPortCounters' is True.
ML540M-EVC-MIB,ml540mEvcStatusEceInterfaceTxDiscardFrames,1.3.6.1.4.1.5468.100.62.1.3.6.1.104,column,Counter64,read-only,Number of egress discarded frames. This object is only available if the capability object 'ml540mEvcCapabilitiesHasEvcPortCounters' is True.
ML540M-EVC-MIB,ml540mEvcStatusEceInterfaceTxDiscardBytes,1.3.6.1.4.1.5468.100.62.1.3.6.1.105,column,Counter64,read-only,Number of egress discarded bytes. This object is only available if the capability object 'ml540mEvcCapabilitiesHasEvcPortCounters' is True.
ML540M-EVC-MIB,ml540mEvcControlEvcInterfaceEvcId,1.3.6.1.4.1.5468.100.62.1.4.5.1.1,column,Integer32 (0..4095),not-accessible,"EVC ID, allowed range is [0,EvcMax[."
ML540M-EVC-MIB,ml540mEvcControlEvcInterfaceIfIndex,1.3.6.1.4.1.5468.100.62.1.4.5.1.2,column,VTSSInterfaceIndex,not-accessible,Logical interface index.
ML540M-EVC-MIB,ml540mEvcControlEvcInterfaceClearStatistics,1.3.6.1.4.1.5468.100.62.1.4.5.1.3,column,TruthValue,read-write,Clear statistics by setting to true. This object is only available if the capability object 'ml540mEvcCapabilitiesHasEvcPortCounters' is True.
ML540M-EVC-MIB,ml540mEvcControlEceInterfaceIndex,1.3.6.1.4.1.5468.100.62.1.4.6.1.1,column,Integer32 (0..4095),not-accessible,"ECE precedence index, allowed range is [0,EceMax[."
ML540M-EVC-MIB,ml540mEvcControlEceInterfaceIfIndex,1.3.6.1.4.1.5468.100.62.1.4.6.1.2,column,VTSSInterfaceIndex,not-accessible,Logical interface index.
ML540M-EVC-MIB,ml540mEvcControlEceInterfaceClearStatistics,1.3.6.1.4.1.5468.100.62.1.4.6.1.3,column,TruthValue,read-write,Clear statistics by setting to true. This object is only available if the capability object 'ml540mEvcCapabilitiesHasEvcPortCounters' is True.
ML540M-EPS-MIB,ml540mEpsCapabilitiesInstanceMax,1.3.6.1.4.1.5468.100.45.1.1.1,scalar,Unsigned32,read-only,Maximum number of created EPS instances
ML540M-EPS-MIB,ml540mEpsCapabilitiesWtrMax,1.3.6.1.4.1.5468.100.45.1.1.2,scalar,Unsigned32,read-only,Maximum WTR timer value
ML540M-EPS-MIB,ml540mEpsCapabilitiesHoldOffOff,1.3.6.1.4.1.5468.100.45.1.1.3,scalar,Unsigned32,read-only,Hold Off timer OFF value
ML540M-EPS-MIB,ml540mEpsCapabilitiesHoldOffMax,1.3.6.1.4.1.5468.100.45.1.1.4,scalar,Unsigned32,read-only,Maximum Hold Off timer value
ML540M-EPS-MIB,ml540mEpsCapabilitiesMepMax,1.3.6.1.4.1.5468.100.45.1.1.5,scalar,Unsigned32,read-only,Maximum MEP relation instance value
ML540M-EPS-MIB,ml540mEpsCapabilitiesMepInvalid,1.3.6.1.4.1.5468.100.45.1.1.6,scalar,Unsigned32,read-only,Invalid MEP indication. This is returned when EPS has no MEP relations
ML540M-EPS-MIB,ml540mEpsConfigInstanceId,1.3.6.1.4.1.5468.100.45.1.2.1.1.1,column,Integer32 (0..2147483647),not-accessible,The EPS instance ID
ML540M-EPS-MIB,ml540mEpsConfigInstanceArchitecture,1.3.6.1.4.1.5468.100.45.1.2.1.1.2,column,VTSSEpsArchitecture,read-write,The protection architecture. Cannot be changed after creation.
ML540M-EPS-MIB,ml540mEpsConfigInstanceWorkingFlow,1.3.6.1.4.1.5468.100.45.1.2.1.1.3,column,VTSSInterfaceIndex,read-write,The working flow. Cannot be changed after creation.
ML540M-EPS-MIB,ml540mEpsConfigInstanceProtectingFlow,1.3.6.1.4.1.5468.100.45.1.2.1.1.4,column,VTSSInterfaceIndex,read-write,The protecting flow. Cannot be changed after creation.
ML540M-EPS-MIB,ml540mEpsConfigInstanceAction,1.3.6.1.4.1.5468.100.45.1.2.1.1.100,column,VTSSRowEditorState,read-write,Action
ML540M-EPS-MIB,ml540mEpsConfigInstanceRowEditorId,1.3.6.1.4.1.5468.100.45.1.2.2.1,scalar,Integer32 (0..2147483647),read-write,The EPS instance ID
ML540M-EPS-MIB,ml540mEpsConfigInstanceRowEditorArchitecture,1.3.6.1.4.1.5468.100.45.1.2.2.2,scalar,VTSSEpsArchitecture,read-write,The protection architecture. Cannot be changed after creation.
ML540M-EPS-MIB,ml540mEpsConfigInstanceRowEditorWorkingFlow,1.3.6.1.4.1.5468.100.45.1.2.2.3,scalar,VTSSInterfaceIndex,read-write,The working flow. Cannot be changed after creation.
ML540M-EPS-MIB,ml540mEpsConfigInstanceRowEditorProtectingFlow,1.3.6.1.4.1.5468.100.45.1.2.2.4,scalar,VTSSInterfaceIndex,read-write,The protecting flow. Cannot be changed after creation.
ML540M-EPS-MIB,ml540mEpsConfigInstanceRowEditorAction,1.3.6.1.4.1.5468.100.45.1.2.2.100,scalar,VTSSRowEditorState,read-write,Action
ML540M-EPS-MIB,ml540mEpsConfigId,1.3.6.1.4.1.5468.100.45.1.2.3.1.1,column,Integer32 (0..2147483647),not-accessible,The EPS instance ID
ML540M-EPS-MIB,ml540mEpsConfigDirectional,1.3.6.1.4.1.5468.100.45.1.2.3.1.2,column,VTSSEpsDirectional,read-write,Protection is uni or bi directional. Only for 1+1.
ML540M-EPS-MIB,ml540mEpsConfigApsEnable,1.3.6.1.4.1.5468.100.45.1.2.3.1.3,column,TruthValue,read-write,APS can be enabled or disabled. Only for 1+1.
ML540M-EPS-MIB,ml540mEpsConfigRevertive,1.3.6.1.4.1.5468.100.45.1.2.3.1.4,column,TruthValue,read-write,Revertive operation can enabled or disabled.
ML540M-EPS-MIB,ml540mEpsConfigRestoreTimer,1.3.6.1.4.1.5468.100.45.1.2.3.1.5,column,Unsigned32,read-write,Wait to restore timer in seconds - max. 720 - min. 1.
ML540M-EPS-MIB,ml540mEpsConfigHoldOffTimer,1.3.6.1.4.1.5468.100.45.1.2.3.1.6,column,Unsigned32,read-write,Hold off timer in 100 ms - max. 100 - 0 means no hold off
ML540M-EPS-MIB,ml540mEpsConfigMepId,1.3.6.1.4.1.5468.100.45.1.2.4.1.1,column,Integer32 (0..2147483647),not-accessible,The EPS instance ID
ML540M-EPS-MIB,ml540mEpsConfigMepWorkingMep,1.3.6.1.4.1.5468.100.45.1.2.4.1.2,column,Unsigned32,read-write,Working SF MEP reference - max. 100-1 - min. 0. During get 100 indicate no reference
ML540M-EPS-MIB,ml540mEpsConfigMepProtectingMep,1.3.6.1.4.1.5468.100.45.1.2.4.1.3,column,Unsigned32,read-write,Protecting SF MEP reference - max. 100-1 - min. 0. During get 100 indicate no reference
ML540M-EPS-MIB,ml540mEpsConfigMepApsMep,1.3.6.1.4.1.5468.100.45.1.2.4.1.4,column,Unsigned32,read-write,APS MEP reference - max. 100-1 - min. 0. During get 100 indicate no reference
ML540M-EPS-MIB,ml540mEpsConfigCommandId,1.3.6.1.4.1.5468.100.45.1.2.5.1.1,column,Integer32 (0..2147483647),not-accessible,The EPS instance ID
ML540M-EPS-MIB,ml540mEpsConfigCommandCommand,1.3.6.1.4.1.5468.100.45.1.2.5.1.2,column,VTSSEpsCommand,read-write,protection group command
ML540M-EPS-MIB,ml540mEpsStatusId,1.3.6.1.4.1.5468.100.45.1.3.1.1.1,column,Integer32 (0..2147483647),not-accessible,The EPS instance ID
ML540M-EPS-MIB,ml540mEpsStatusProtectionState,1.3.6.1.4.1.5468.100.45.1.3.1.1.2,column,VTSSEpsProtectionState,read-only,Protection state according to to G.8031 Annex A
ML540M-EPS-MIB,ml540mEpsStatusWorkingState,1.3.6.1.4.1.5468.100.45.1.3.1.1.3,column,VTSSEpsDefectState,read-only,Working flow defect state
ML540M-EPS-MIB,ml540mEpsStatusProtectingState,1.3.6.1.4.1.5468.100.45.1.3.1.1.4,column,VTSSEpsDefectState,read-only,Protecting flow defect state
ML540M-EPS-MIB,ml540mEpsStatusTransmittedApsRequest,1.3.6.1.4.1.5468.100.45.1.3.1.1.5,column,VTSSEpsRequest,read-only,Transmitted APS request
ML540M-EPS-MIB,ml540mEpsStatusTransmittedApsReSignal,1.3.6.1.4.1.5468.100.45.1.3.1.1.6,column,Unsigned32,read-only,Transmitted APS requested signal
ML540M-EPS-MIB,ml540mEpsStatusTransmittedApsBrSignal,1.3.6.1.4.1.5468.100.45.1.3.1.1.7,column,Unsigned32,read-only,Transmitted APS bridged signal
ML540M-EPS-MIB,ml540mEpsStatusReceivedApsRequest,1.3.6.1.4.1.5468.100.45.1.3.1.1.8,column,VTSSEpsRequest,read-only,Received APS request
ML540M-EPS-MIB,ml540mEpsStatusReceivedApsReSignal,1.3.6.1.4.1.5468.100.45.1.3.1.1.9,column,Unsigned32,read-only,Received APS requested signal
ML540M-EPS-MIB,ml540mEpsStatusReceivedApsBrSignal,1.3.6.1.4.1.5468.100.45.1.3.1.1.10,column,Unsigned32,read-only,Received APS bridged signal
ML540M-EPS-MIB,ml540mEpsStatusDfopPm,1.3.6.1.4.1.5468.100.45.1.3.1.1.11,column,TruthValue,read-only,FOP Protection type Mismatch - unexpected B bit
ML540M-EPS-MIB,ml540mEpsStatusDfopCm,1.3.6.1.4.1.5468.100.45.1.3.1.1.12,column,TruthValue,read-only,FOP Configuration Mismatch - APS received on working
ML540M-EPS-MIB,ml540mEpsStatusDfopNr,1.3.6.1.4.1.5468.100.45.1.3.1.1.13,column,TruthValue,read-only,FOP Not expected Request - receiving request is not the expected (transmitted)
ML540M-EPS-MIB,ml540mEpsStatusDfopNoAps,1.3.6.1.4.1.5468.100.45.1.3.1.1.14,column,TruthValue,read-only,FOP No APS received
ML540M-PSEC-MIB,ml540mPsecConfigGlobalsEnabled,1.3.6.1.4.1.5468.100.66.1.2.1.1,scalar,TruthValue,read-write,Globally enable/disable aging of secured entries. This doesn't affect aging of addresses secured by other modules.
ML540M-PSEC-MIB,ml540mPsecConfigGlobalsEnableAging,1.3.6.1.4.1.5468.100.66.1.2.1.2,scalar,TruthValue,read-write,"If aging is globally enabled, this is the aging period in seconds. Valid range is [10; 10000000] seconds(max is around 115 days)."
ML540M-PSEC-MIB,ml540mPsecConfigGlobalsAgingPeriodSecs,1.3.6.1.4.1.5468.100.66.1.2.1.3,scalar,Unsigned32,read-write,"If aging is globally enabled, this is the aging period in seconds. Valid range is [10; 10000000] seconds(max is around 115 days)."
ML540M-PSEC-MIB,ml540mPsecConfigPortIfIndex,1.3.6.1.4.1.5468.100.66.1.2.2.1.1,column,VTSSInterfaceIndex,not-accessible,Logical interface number of the physical port.
ML540M-PSEC-MIB,ml540mPsecConfigPortEnabled,1.3.6.1.4.1.5468.100.66.1.2.2.1.2,column,TruthValue,read-write,Controls whether Port Security Limit Control is enabled for this port.
ML540M-PSEC-MIB,ml540mPsecConfigPortLimit,1.3.6.1.4.1.5468.100.66.1.2.2.1.3,column,Unsigned32,read-write,Maximum number of MAC addresses allowed on this port.Valid values = [PSEC_LIMIT_MIN; PSEC_LIMIT_MAX].
ML540M-PSEC-MIB,ml540mPsecConfigPortAction,1.3.6.1.4.1.5468.100.66.1.2.2.1.4,column,VTSSPsecLimitActionType,read-write,"Action to take if number of MAC addresses exceeds the limit. NONE(0) Do nothing, except disallowing further clients. TRAP(1) Send an SNMP trap notific"
ML540M-PSEC-MIB,ml540mPsecStatusPortIfIndex,1.3.6.1.4.1.5468.100.66.1.3.1.1.1,column,VTSSInterfaceIndex,not-accessible,Logical interface number of the physical port.
ML540M-PSEC-MIB,ml540mPsecStatusPortUsers,1.3.6.1.4.1.5468.100.66.1.3.1.1.2,column,Unsigned32,read-only,"Bit masks to indicate what users currently use port security on this port. Where bit 0 - port security limit, bit 1 - 802.1x, bit 2 - voice VLAN."
ML540M-PSEC-MIB,ml540mPsecStatusPortLimitReached,1.3.6.1.4.1.5468.100.66.1.3.1.1.3,column,TruthValue,read-only,"TRUE if the limit is reached on the port, FALSE otherwise."
ML540M-PSEC-MIB,ml540mPsecStatusPortShutdown,1.3.6.1.4.1.5468.100.66.1.3.1.1.4,column,TruthValue,read-only,"TRUE if the port is shut down, FALSE otherwise."
ML540M-PSEC-MIB,ml540mPsecStatusPortMacCount,1.3.6.1.4.1.5468.100.66.1.3.1.1.5,column,Unsigned32,read-only,Number of MAC addresses currently assigned to this port. The number does NOT include the number of entries that are held due to a H/W failure or S/W f
ML540M-PSEC-MIB,ml540mPsecControlPortReopenIfIndex,1.3.6.1.4.1.5468.100.66.1.4.1.1.1,column,VTSSInterfaceIndex,not-accessible,Logical interface number of the physical port.
ML540M-PSEC-MIB,ml540mPsecControlPortReopenPortReOpen,1.3.6.1.4.1.5468.100.66.1.4.1.1.2,column,TruthValue,read-write,Set to true to reopen after it is shutdown
ML540M-PSEC-MIB,ml540mPsecStatisticsPortIfIndex,1.3.6.1.4.1.5468.100.66.1.5.1.1.1,column,VTSSInterfaceIndex,not-accessible,Logical interface number of the physical port.
ML540M-PSEC-MIB,ml540mPsecStatisticsPortAgeOrHold,1.3.6.1.4.1.5468.100.66.1.5.1.1.5,column,VTSSDisplayString (SIZE(0..14)),read-only,Down-counter used in block and ageing process.
ML540M-PSEC-MIB,ml540mPsecStatisticsPortCreationTime,1.3.6.1.4.1.5468.100.66.1.5.1.1.6,column,VTSSDisplayString (SIZE(0..24)),read-only,Time when this entry was orignally added.
ML540M-PSEC-MIB,ml540mPsecStatisticsPortState,1.3.6.1.4.1.5468.100.66.1.5.1.1.7,column,VTSSPsecStateType,read-only,"Current State of a entry, expected state can be either FORWARDING or BLOCKED."
ML540M-PSEC-MIB,ml540mPsecStatisticsPortMacId,1.3.6.1.4.1.5468.100.66.1.5.1.1.8,column,MacAddress,read-only,The MAC address that this is all about.
ML540M-PSEC-MIB,ml540mPsecStatisticsPortVlanId,1.3.6.1.4.1.5468.100.66.1.5.1.1.9,column,VTSSUnsigned16,read-only,The VID that this is all about.
ML540M-DHCP-SNOOPING-MIB,ml540mDhcpSnoopingConfigGlobalsMode,1.3.6.1.4.1.5468.100.56.1.2.1.1,scalar,TruthValue,read-write,Indicates the DHCP snooping mode operation. Possible modes are - true: Enable DHCP snooping mode operation. When DHCP snooping mode operation is enabl
ML540M-DHCP-SNOOPING-MIB,ml540mDhcpSnoopingConfigInterfaceIfIndex,1.3.6.1.4.1.5468.100.56.1.2.2.1.1,column,VTSSInterfaceIndex,not-accessible,Logical interface number of the physical port.
ML540M-DHCP-SNOOPING-MIB,ml540mDhcpSnoopingConfigInterfaceTrustMode,1.3.6.1.4.1.5468.100.56.1.2.2.1.2,column,TruthValue,read-write,Indicates the DHCP snooping port mode. Possible port modes are - true: Configures the port as trusted source of the DHCP messages. false: Configures t
ML540M-DHCP-SNOOPING-MIB,ml540mDhcpSnoopingStatusAssignedIpMacAddress,1.3.6.1.4.1.5468.100.56.1.3.1.1.1,column,MacAddress,not-accessible,MAC address.
ML540M-DHCP-SNOOPING-MIB,ml540mDhcpSnoopingStatusAssignedIpVlanId,1.3.6.1.4.1.5468.100.56.1.3.1.1.2,column,Integer32 (1..4095),not-accessible,The VLAN id of the VLAN.
ML540M-DHCP-SNOOPING-MIB,ml540mDhcpSnoopingStatusAssignedIpIfIndex,1.3.6.1.4.1.5468.100.56.1.3.1.1.3,column,VTSSInterfaceIndex,read-only,Logical interface number of the physical port of the DHCP client.
ML540M-DHCP-SNOOPING-MIB,ml540mDhcpSnoopingStatusAssignedIpIpAddress,1.3.6.1.4.1.5468.100.56.1.3.1.1.4,column,IpAddress,read-only,IP address assigned to DHCP client by DHCP server.
ML540M-DHCP-SNOOPING-MIB,ml540mDhcpSnoopingStatusAssignedIpNetmask,1.3.6.1.4.1.5468.100.56.1.3.1.1.5,column,IpAddress,read-only,Netmask assigned to DHCP client by DHCP server.
ML540M-DHCP-SNOOPING-MIB,ml540mDhcpSnoopingStatusAssignedIpDhcpServerIp,1.3.6.1.4.1.5468.100.56.1.3.1.1.6,column,IpAddress,read-only,IP address of the DHCP server that assigns the IP address and netmask.
ML540M-DHCP-SNOOPING-MIB,ml540mDhcpSnoopingControlInterfaceClearStatisticsIfIndex,1.3.6.1.4.1.5468.100.56.1.4.1.1.1,column,VTSSInterfaceIndex,not-accessible,Logical interface number of the physical port.
ML540M-DHCP-SNOOPING-MIB,ml540mDhcpSnoopingControlInterfaceClearStatisticsClear,1.3.6.1.4.1.5468.100.56.1.4.1.1.2,column,TruthValue,read-write,clear statistics per physical port.
ML540M-DHCP-SNOOPING-MIB,ml540mDhcpSnoopingStatisticsInterfaceIfIndex,1.3.6.1.4.1.5468.100.56.1.5.2.1.1,column,VTSSInterfaceIndex,not-accessible,Logical interface number of the physical port.
ML540M-DHCP-SNOOPING-MIB,ml540mDhcpSnoopingStatisticsInterfaceRxDiscover,1.3.6.1.4.1.5468.100.56.1.5.2.1.2,column,Unsigned32,read-only,The number of discover (option 53 with value 1) packets received.
ML540M-DHCP-SNOOPING-MIB,ml540mDhcpSnoopingStatisticsInterfaceRxOffer,1.3.6.1.4.1.5468.100.56.1.5.2.1.3,column,Unsigned32,read-only,The number of offer (option 53 with value 2) packets received.
ML540M-DHCP-SNOOPING-MIB,ml540mDhcpSnoopingStatisticsInterfaceRxRequest,1.3.6.1.4.1.5468.100.56.1.5.2.1.4,column,Unsigned32,read-only,The number of request (option 53 with value 3) packets received.
ML540M-DHCP-SNOOPING-MIB,ml540mDhcpSnoopingStatisticsInterfaceRxDecline,1.3.6.1.4.1.5468.100.56.1.5.2.1.5,column,Unsigned32,read-only,The number of decline (option 53 with value 4) packets received.
ML540M-DHCP-SNOOPING-MIB,ml540mDhcpSnoopingStatisticsInterfaceRxAck,1.3.6.1.4.1.5468.100.56.1.5.2.1.6,column,Unsigned32,read-only,The number of ACK (option 53 with value 5) packets received.
ML540M-DHCP-SNOOPING-MIB,ml540mDhcpSnoopingStatisticsInterfaceRxNak,1.3.6.1.4.1.5468.100.56.1.5.2.1.7,column,Unsigned32,read-only,The number of NAK (option 53 with value 6) packets received.
ML540M-DHCP-SNOOPING-MIB,ml540mDhcpSnoopingStatisticsInterfaceRxRelease,1.3.6.1.4.1.5468.100.56.1.5.2.1.8,column,Unsigned32,read-only,The number of release (option 53 with value 7) packets received.
ML540M-DHCP-SNOOPING-MIB,ml540mDhcpSnoopingStatisticsInterfaceRxInform,1.3.6.1.4.1.5468.100.56.1.5.2.1.9,column,Unsigned32,read-only,The number of inform (option 53 with value 8) packets received.
ML540M-DHCP-SNOOPING-MIB,ml540mDhcpSnoopingStatisticsInterfaceRxLeaseQuery,1.3.6.1.4.1.5468.100.56.1.5.2.1.10,column,Unsigned32,read-only,The number of lease query (option 53 with value 10) packets received.
ML540M-DHCP-SNOOPING-MIB,ml540mDhcpSnoopingStatisticsInterfaceRxLeaseUnassigned,1.3.6.1.4.1.5468.100.56.1.5.2.1.11,column,Unsigned32,read-only,The number of lease unassigned (option 53 with value 11) packets received.
ML540M-DHCP-SNOOPING-MIB,ml540mDhcpSnoopingStatisticsInterfaceRxLeaseUnknown,1.3.6.1.4.1.5468.100.56.1.5.2.1.12,column,Unsigned32,read-only,The number of lease unknown (option 53 with value 12) packets received.
ML540M-DHCP-SNOOPING-MIB,ml540mDhcpSnoopingStatisticsInterfaceRxLeaseActive,1.3.6.1.4.1.5468.100.56.1.5.2.1.13,column,Unsigned32,read-only,The number of lease active (option 53 with value 13) packets received.
ML540M-DHCP-SNOOPING-MIB,ml540mDhcpSnoopingStatisticsInterfaceRxDiscardChksumErr,1.3.6.1.4.1.5468.100.56.1.5.2.1.14,column,Unsigned32,read-only,The number of discard packet that IP/UDP checksum is error.
ML540M-DHCP-SNOOPING-MIB,ml540mDhcpSnoopingStatisticsInterfaceRxDiscardUntrust,1.3.6.1.4.1.5468.100.56.1.5.2.1.15,column,Unsigned32,read-only,The number of discard packet that are coming from untrusted port.
ML540M-DHCP-SNOOPING-MIB,ml540mDhcpSnoopingStatisticsInterfaceTxDiscover,1.3.6.1.4.1.5468.100.56.1.5.2.1.16,column,Unsigned32,read-only,The number of discover (option 53 with value 1) packets transmited.
ML540M-DHCP-SNOOPING-MIB,ml540mDhcpSnoopingStatisticsInterfaceTxOffer,1.3.6.1.4.1.5468.100.56.1.5.2.1.17,column,Unsigned32,read-only,The number of offer (option 53 with value 2) packets transmited.
ML540M-DHCP-SNOOPING-MIB,ml540mDhcpSnoopingStatisticsInterfaceTxRequest,1.3.6.1.4.1.5468.100.56.1.5.2.1.18,column,Unsigned32,read-only,The number of request (option 53 with value 3) packets transmited.
ML540M-DHCP-SNOOPING-MIB,ml540mDhcpSnoopingStatisticsInterfaceTxDecline,1.3.6.1.4.1.5468.100.56.1.5.2.1.19,column,Unsigned32,read-only,The number of decline (option 53 with value 4) packets transmited.
ML540M-DHCP-SNOOPING-MIB,ml540mDhcpSnoopingStatisticsInterfaceTxAck,1.3.6.1.4.1.5468.100.56.1.5.2.1.20,column,Unsigned32,read-only,The number of ACK (option 53 with value 5) packets transmited.
ML540M-DHCP-SNOOPING-MIB,ml540mDhcpSnoopingStatisticsInterfaceTxNak,1.3.6.1.4.1.5468.100.56.1.5.2.1.21,column,Unsigned32,read-only,The number of NAK (option 53 with value 6) packets transmited.
ML540M-DHCP-SNOOPING-MIB,ml540mDhcpSnoopingStatisticsInterfaceTxRelease,1.3.6.1.4.1.5468.100.56.1.5.2.1.22,column,Unsigned32,read-only,The number of release (option 53 with value 7) packets transmited.
ML540M-DHCP-SNOOPING-MIB,ml540mDhcpSnoopingStatisticsInterfaceTxInform,1.3.6.1.4.1.5468.100.56.1.5.2.1.23,column,Unsigned32,read-only,The number of inform (option 53 with value 8) packets transmited.
ML540M-DHCP-SNOOPING-MIB,ml540mDhcpSnoopingStatisticsInterfaceTxLeaseQuery,1.3.6.1.4.1.5468.100.56.1.5.2.1.24,column,Unsigned32,read-only,The number of lease query (option 53 with value 10) packets transmited.
ML540M-DHCP-SNOOPING-MIB,ml540mDhcpSnoopingStatisticsInterfaceTxLeaseUnassigned,1.3.6.1.4.1.5468.100.56.1.5.2.1.25,column,Unsigned32,read-only,The number of lease unassigned (option 53 with value 11) packets transmited.
ML540M-DHCP-SNOOPING-MIB,ml540mDhcpSnoopingStatisticsInterfaceTxLeaseUnknown,1.3.6.1.4.1.5468.100.56.1.5.2.1.26,column,Unsigned32,read-only,The number of lease unknown (option 53 with value 12) packets transmited.
ML540M-DHCP-SNOOPING-MIB,ml540mDhcpSnoopingStatisticsInterfaceTxLeaseActive,1.3.6.1.4.1.5468.100.56.1.5.2.1.27,column,Unsigned32,read-only,The number of lease active (option 53 with value 13) packets transmited.
ML540M-VOICE-VLAN-MIB,ml540mVoiceVlanCapabilitiesSupportLldpDiscovery,1.3.6.1.4.1.5468.100.70.1.1.1,scalar,TruthValue,read-only,The capability to support voice device discovery from LLDP notification.
ML540M-VOICE-VLAN-MIB,ml540mVoiceVlanCapabilitiesMinAgeTime,1.3.6.1.4.1.5468.100.70.1.1.2,scalar,Unsigned32,read-only,The minimum time value in second for aging telephony OUI sources in voice VLAN.
ML540M-VOICE-VLAN-MIB,ml540mVoiceVlanCapabilitiesMaxAgeTime,1.3.6.1.4.1.5468.100.70.1.1.3,scalar,Unsigned32,read-only,The maximum time value in second for aging telephony OUI sources in voice VLAN.
ML540M-VOICE-VLAN-MIB,ml540mVoiceVlanCapabilitiesMaxTrafficClass,1.3.6.1.4.1.5468.100.70.1.1.4,scalar,Unsigned32,read-only,The maximum allowed CoS (Class of Service) value to be used in forwarding voice VLAN traffic.
ML540M-VOICE-VLAN-MIB,ml540mVoiceVlanCapabilitiesMaxOuiEntryCount,1.3.6.1.4.1.5468.100.70.1.1.5,scalar,Unsigned32,read-only,The maximum number of telephony OUI entry registration.
ML540M-VOICE-VLAN-MIB,ml540mVoiceVlanConfigGlobalsMgmtAdminState,1.3.6.1.4.1.5468.100.70.1.2.1.1.1,scalar,TruthValue,read-write,"Administrative control for system wide voice VLAN function, TRUE is to enable the voice VLAN function and FALSE is to disable it."
ML540M-VOICE-VLAN-MIB,ml540mVoiceVlanConfigGlobalsMgmtVlanId,1.3.6.1.4.1.5468.100.70.1.2.1.1.2,scalar,VTSSUnsigned16,read-write,"VLAN ID, which should be unique in the system, for voice VLAN."
ML540M-VOICE-VLAN-MIB,ml540mVoiceVlanConfigGlobalsMgmtAgingTime,1.3.6.1.4.1.5468.100.70.1.2.1.1.3,scalar,Unsigned32,read-write,MAC address aging time (T) for telephony OUI source registrated by voice VLAN. The actual timing in purging the specific entry ranges from T to 2T.
ML540M-VOICE-VLAN-MIB,ml540mVoiceVlanConfigGlobalsMgmtTrafficClass,1.3.6.1.4.1.5468.100.70.1.2.1.1.4,scalar,Unsigned32,read-write,Traffic class value used in frame CoS queuing insides voice VLAN. All kinds of traffic on voice VLAN apply this traffic class.
ML540M-VOICE-VLAN-MIB,ml540mVoiceVlanConfigInterfacePortIfIndex,1.3.6.1.4.1.5468.100.70.1.2.2.1.1.1,column,VTSSInterfaceIndex,not-accessible,Logical interface number of the Voice VLAN port.
ML540M-VOICE-VLAN-MIB,ml540mVoiceVlanConfigInterfacePortMode,1.3.6.1.4.1.5468.100.70.1.2.2.1.1.2,column,VTSSVoiceVlanPortManagementType,read-write,Management mode of the specific port in voice VLAN. 'disabled' will disjoin the port from voice VLAN. 'forced' will force the port to join voice VLAN.
ML540M-VOICE-VLAN-MIB,ml540mVoiceVlanConfigInterfacePortDiscoveryProtocol,1.3.6.1.4.1.5468.100.70.1.2.2.1.1.3,column,VTSSVoiceVlanPortDiscoveryProtocol,read-write,"Specify the protocol for detecting attached VoIP devices. It only works when 'automatic' is set in Mode parameter, and voice VLAN will restart automat"
ML540M-VOICE-VLAN-MIB,ml540mVoiceVlanConfigInterfacePortSecured,1.3.6.1.4.1.5468.100.70.1.2.2.1.1.4,column,TruthValue,read-write,"Manage the security control of this port interface in voice VLAN, TRUE is to enable the security control and FALSE is to disable it. When it is disabl"
ML540M-VOICE-VLAN-MIB,ml540mVoiceVlanConfigOuiPrefix,1.3.6.1.4.1.5468.100.70.1.2.3.1.1.1,column,OCTET STRING (SIZE(3..3)),not-accessible,Address prefix of the telephony OUI. A leading 3 bytes index used to denote whether specific MAC address is presenting a voice device.
ML540M-VOICE-VLAN-MIB,ml540mVoiceVlanConfigOuiDescription,1.3.6.1.4.1.5468.100.70.1.2.3.1.1.2,column,VTSSDisplayString (SIZE(0..32)),read-write,The description for the specific telephony OUI.
ML540M-VOICE-VLAN-MIB,ml540mVoiceVlanConfigOuiAction,1.3.6.1.4.1.5468.100.70.1.2.3.1.1.100,column,VTSSRowEditorState,read-write,Action
ML540M-VOICE-VLAN-MIB,ml540mVoiceVlanConfigOuiTableRowEditorPrefix,1.3.6.1.4.1.5468.100.70.1.2.3.2.1,scalar,OCTET STRING (SIZE(3..3)),read-write,Address prefix of the telephony OUI. A leading 3 bytes index used to denote whether specific MAC address is presenting a voice device.
ML540M-VOICE-VLAN-MIB,ml540mVoiceVlanConfigOuiTableRowEditorDescription,1.3.6.1.4.1.5468.100.70.1.2.3.2.2,scalar,VTSSDisplayString (SIZE(0..32)),read-write,The description for the specific telephony OUI.
ML540M-VOICE-VLAN-MIB,ml540mVoiceVlanConfigOuiTableRowEditorAction,1.3.6.1.4.1.5468.100.70.1.2.3.2.100,scalar,VTSSRowEditorState,read-write,Action
ML540M-PVLAN-MIB,ml540mPvlanCapabilitiesHasVlanMembershipMgmt,1.3.6.1.4.1.5468.100.23.1.1.1,scalar,TruthValue,read-only,The capability to support PVLAN membership configuration by the device.
ML540M-PVLAN-MIB,ml540mPvlanCapabilitiesVlanIdMax,1.3.6.1.4.1.5468.100.23.1.1.2,scalar,Unsigned32,read-only,The maximum VLAN ID of PVLAN membership configuration supported by the device.
ML540M-PVLAN-MIB,ml540mPvlanCapabilitiesVlanIdMin,1.3.6.1.4.1.5468.100.23.1.1.3,scalar,Unsigned32,read-only,The minimum VLAN ID of PVLAN membership configuration supported by the device.
ML540M-PVLAN-MIB,ml540mPvlanConfigInterfaceVlanMembershipPvlanIndex,1.3.6.1.4.1.5468.100.23.1.2.1.1.1.1,column,Unsigned32,not-accessible,Configuration index of the Private VLAN membership table.
ML540M-PVLAN-MIB,ml540mPvlanConfigInterfaceVlanMembershipPortList,1.3.6.1.4.1.5468.100.23.1.2.1.1.1.2,column,VTSSPortList,read-write,It is used to denote the memberships of the specific Private VLAN configuration.
ML540M-PVLAN-MIB,ml540mPvlanConfigInterfaceVlanMembershipAction,1.3.6.1.4.1.5468.100.23.1.2.1.1.1.100,column,VTSSRowEditorState,read-write,Action
ML540M-PVLAN-MIB,ml540mPvlanConfigInterfaceVlanMembershipTableRowEditorPvlanIndex,1.3.6.1.4.1.5468.100.23.1.2.1.2.1,scalar,Unsigned32,read-write,Configuration index of the Private VLAN membership table.
ML540M-PVLAN-MIB,ml540mPvlanConfigInterfaceVlanMembershipTableRowEditorPortList,1.3.6.1.4.1.5468.100.23.1.2.1.2.2,scalar,VTSSPortList,read-write,It is used to denote the memberships of the specific Private VLAN configuration.
ML540M-PVLAN-MIB,ml540mPvlanConfigInterfaceVlanMembershipTableRowEditorAction,1.3.6.1.4.1.5468.100.23.1.2.1.2.100,scalar,VTSSRowEditorState,read-write,Action
ML540M-PVLAN-MIB,ml540mPvlanConfigInterfacePortIsolatationPortIndex,1.3.6.1.4.1.5468.100.23.1.2.1.3.1.1,column,VTSSInterfaceIndex,not-accessible,Logical interface number of the Private VLAN port isolation.
ML540M-PVLAN-MIB,ml540mPvlanConfigInterfacePortIsolatationEnabled,1.3.6.1.4.1.5468.100.23.1.2.1.3.1.2,column,TruthValue,read-write,Enable/Disable the Private VLAN isolation functionality.
ML540M-VLAN-TRANSLATION-MIB,ml540mVlanTranslationCapabilitiesMaxNumberOfTranslations,1.3.6.1.4.1.5468.100.85.1.1.1,scalar,Unsigned32,read-only,Maximum number of VLAN translation mappings the user can store in the VLAN Translation mapping table.
ML540M-VLAN-TRANSLATION-MIB,ml540mVlanTranslationConfigTranslationGroupId,1.3.6.1.4.1.5468.100.85.1.2.1.1.1.1,column,Integer32 (1..65535),not-accessible,Group ID of the VLAN translation mapping key.
ML540M-VLAN-TRANSLATION-MIB,ml540mVlanTranslationConfigTranslationVlanId,1.3.6.1.4.1.5468.100.85.1.2.1.1.1.2,column,Integer32 (1..4095),not-accessible,Vlan ID of the VLAN translation mapping key.
ML540M-VLAN-TRANSLATION-MIB,ml540mVlanTranslationConfigTranslationTVlanId,1.3.6.1.4.1.5468.100.85.1.2.1.1.1.3,column,Integer32 (1..4095),read-write,Translated VLAN ID of the VLAN translation mapping.
ML540M-VLAN-TRANSLATION-MIB,ml540mVlanTranslationConfigTranslationAction,1.3.6.1.4.1.5468.100.85.1.2.1.1.1.100,column,VTSSRowEditorState,read-write,Action
ML540M-VLAN-TRANSLATION-MIB,ml540mVlanTranslationConfigTranslationRowEditorGroupId,1.3.6.1.4.1.5468.100.85.1.2.1.2.1,scalar,Integer32 (1..65535),read-write,Group ID of the VLAN translation mapping key.
ML540M-VLAN-TRANSLATION-MIB,ml540mVlanTranslationConfigTranslationRowEditorVlanId,1.3.6.1.4.1.5468.100.85.1.2.1.2.2,scalar,Integer32 (1..4095),read-write,Vlan ID of the VLAN translation mapping key.
ML540M-VLAN-TRANSLATION-MIB,ml540mVlanTranslationConfigTranslationRowEditorTVlanId,1.3.6.1.4.1.5468.100.85.1.2.1.2.3,scalar,Integer32 (1..4095),read-write,Translated VLAN ID of the VLAN translation mapping.
ML540M-VLAN-TRANSLATION-MIB,ml540mVlanTranslationConfigTranslationRowEditorAction,1.3.6.1.4.1.5468.100.85.1.2.1.2.100,scalar,VTSSRowEditorState,read-write,Action
ML540M-VLAN-TRANSLATION-MIB,ml540mVlanTranslationConfigInterfacesIfIfIndex,1.3.6.1.4.1.5468.100.85.1.2.2.1.1.1,column,VTSSInterfaceIndex,not-accessible,Interface index number.
ML540M-VLAN-TRANSLATION-MIB,ml540mVlanTranslationConfigInterfacesIfGroupId,1.3.6.1.4.1.5468.100.85.1.2.2.1.1.2,column,Integer32 (1..65535),read-write,Group ID of the interface configuration.
ML540M-PERF-MONITOR-MIB,ml540mPerfMonitorConfigGlobalsMgmtLossMeasurementAdminState,1.3.6.1.4.1.5468.100.117.1.2.1.1.1,scalar,TruthValue,read-write,"Administrative control for PM's LM function, TRUE is to enable monitoring LM and FALSE is to disable it."
ML540M-PERF-MONITOR-MIB,ml540mPerfMonitorConfigGlobalsMgmtLossMeasurementStorageState,1.3.6.1.4.1.5468.100.117.1.2.1.1.2,scalar,TruthValue,read-write,"Administrative control for storing PM's LM result, TRUE is to enable storing LM statistics and FALSE is to disable it."
ML540M-PERF-MONITOR-MIB,ml540mPerfMonitorConfigGlobalsMgmtLossMeasurementInterval,1.3.6.1.4.1.5468.100.117.1.2.1.1.3,scalar,VTSSUnsigned8 (1..60),read-write,"Interval for tracking LM, in minute. The configurable value ranges from 1 to 60."
ML540M-PERF-MONITOR-MIB,ml540mPerfMonitorConfigGlobalsMgmtDelayMeasurementAdminState,1.3.6.1.4.1.5468.100.117.1.2.1.1.4,scalar,TruthValue,read-write,"Administrative control for PM's DM function, TRUE is to enable monitoring DM and FALSE is to disable it."
ML540M-PERF-MONITOR-MIB,ml540mPerfMonitorConfigGlobalsMgmtDelayMeasurementStorageState,1.3.6.1.4.1.5468.100.117.1.2.1.1.5,scalar,TruthValue,read-write,"Administrative control for storing PM's DM result, TRUE is to enable storing DM statistics and FALSE is to disable it."
ML540M-PERF-MONITOR-MIB,ml540mPerfMonitorConfigGlobalsMgmtDelayMeasurementInterval,1.3.6.1.4.1.5468.100.117.1.2.1.1.6,scalar,VTSSUnsigned8 (1..60),read-write,"Interval for tracking DM, in minute. The configurable value ranges from 1 to 60."
ML540M-PERF-MONITOR-MIB,ml540mPerfMonitorConfigGlobalsMgmtDelayMeasurementBinStorageState,1.3.6.1.4.1.5468.100.117.1.2.1.1.7,scalar,TruthValue,read-write,"Administrative control for storing PM's DM bucket result, TRUE is to enable storing DM bucket statistics and FALSE is to disable it."
ML540M-PERF-MONITOR-MIB,ml540mPerfMonitorConfigGlobalsMgmtEvcAdminState,1.3.6.1.4.1.5468.100.117.1.2.1.1.8,scalar,TruthValue,read-write,"Administrative control for PM's EVC monitoring function, TRUE is to enable monitoring EVC and FALSE is to disable it."
ML540M-PERF-MONITOR-MIB,ml540mPerfMonitorConfigGlobalsMgmtEvcStorageState,1.3.6.1.4.1.5468.100.117.1.2.1.1.9,scalar,TruthValue,read-write,"Administrative control for storing PM's EVC monitoring result, TRUE is to enable storing EVC statistics and FALSE is to disable it."
ML540M-PERF-MONITOR-MIB,ml540mPerfMonitorConfigGlobalsMgmtEvcMeasureInterval,1.3.6.1.4.1.5468.100.117.1.2.1.1.10,scalar,VTSSUnsigned8 (1..60),read-write,"Interval for tracking EVC, in minute. The configurable value ranges from 1 to 60."
ML540M-PERF-MONITOR-MIB,ml540mPerfMonitorConfigGlobalsTransferAdminState,1.3.6.1.4.1.5468.100.117.1.2.1.2.1,scalar,TruthValue,read-write,"Administrative control for PM's transfer function, TRUE is to enable sending PM's monitoring result and FALSE is to disable it."
ML540M-PERF-MONITOR-MIB,ml540mPerfMonitorConfigGlobalsTransferServerUrl,1.3.6.1.4.1.5468.100.117.1.2.1.2.2,scalar,VTSSDisplayString (SIZE(0..64)),read-write,The URL for the server directory that keeps PM's monitoring result.
ML540M-PERF-MONITOR-MIB,ml540mPerfMonitorConfigGlobalsTransferIntervalMode,1.3.6.1.4.1.5468.100.117.1.2.1.2.3,scalar,VTSSPerfMonitorTransferMode,read-write,"Transfer mode, based on selected interval type, for sending PM results. When 'all' is set, PM result from all available intervals will be sent. When '"
ML540M-PERF-MONITOR-MIB,ml540mPerfMonitorConfigGlobalsTransferFixedNumberOfInterval,1.3.6.1.4.1.5468.100.117.1.2.1.2.4,scalar,VTSSUnsigned8 (1..96),read-write,PM result from this fixed number of intervals will be sent. It is working only when 'IntervalMode' is 'fixAmount'. The configurable value ranges from 
ML540M-PERF-MONITOR-MIB,ml540mPerfMonitorConfigGlobalsTransferRetryIncompletedTransfer,1.3.6.1.4.1.5468.100.117.1.2.1.2.5,scalar,TruthValue,read-write,"Administrative control to retry sending PM result from last incompleted transmission, TRUE is to enable retrying the incompleted PM result transfer an"
ML540M-PERF-MONITOR-MIB,ml540mPerfMonitorConfigGlobalsXferSchedHourIndex,1.3.6.1.4.1.5468.100.117.1.2.1.3.1.1.1,column,Unsigned32 (0..23),not-accessible,Hour value in 24 hour time.
ML540M-PERF-MONITOR-MIB,ml540mPerfMonitorConfigGlobalsXferSchedHourEnabled,1.3.6.1.4.1.5468.100.117.1.2.1.3.1.1.2,column,TruthValue,read-write,"Administrative control for managing the transfer schedule, TRUE is to enable specific time for transfer schedule and FALSE is to disable it."
ML540M-PERF-MONITOR-MIB,ml540mPerfMonitorConfigGlobalsXferSchedQuarterIndex,1.3.6.1.4.1.5468.100.117.1.2.1.3.2.1.1,column,Unsigned32 (0..3),not-accessible,Quarter value in a hour.
ML540M-PERF-MONITOR-MIB,ml540mPerfMonitorConfigGlobalsXferSchedQuarterEnabled,1.3.6.1.4.1.5468.100.117.1.2.1.3.2.1.2,column,TruthValue,read-write,"Administrative control for managing the transfer schedule, TRUE is to enable specific time for transfer schedule and FALSE is to disable it."
ML540M-PERF-MONITOR-MIB,ml540mPerfMonitorConfigGlobalsXferSchedOffsetMinute,1.3.6.1.4.1.5468.100.117.1.2.1.3.3.1,scalar,VTSSUnsigned8 (0..15),read-write,The scheduled transfer time offset by minutes. The configurable value ranges from 0 to 15.
ML540M-PERF-MONITOR-MIB,ml540mPerfMonitorConfigGlobalsXferSchedOffsetRandomSecond,1.3.6.1.4.1.5468.100.117.1.2.1.3.3.2,scalar,VTSSUnsigned16 (0..900),read-write,The scheduled transfer time random offset by seconds. It provides a range for choosing a random second offset. The configurable value ranges from 0 to
ML540M-PERF-MONITOR-MIB,ml540mPerfMonitorStatusStatisticsLmIntervalId,1.3.6.1.4.1.5468.100.117.1.3.1.1.1.1,column,Unsigned32,not-accessible,The measurement interval identifier for the performance monitor data sets.
ML540M-PERF-MONITOR-MIB,ml540mPerfMonitorStatusStatisticsLmEntryId,1.3.6.1.4.1.5468.100.117.1.3.1.1.1.2,column,Unsigned32,not-accessible,The entry identifier for the performance monitor data sets.
ML540M-PERF-MONITOR-MIB,ml540mPerfMonitorStatusStatisticsLmMepInstance,1.3.6.1.4.1.5468.100.117.1.3.1.1.1.3,column,VTSSUnsigned16,read-only,The MEP instance for the performance monitor data sets.
ML540M-PERF-MONITOR-MIB,ml540mPerfMonitorStatusStatisticsLmResidencePort,1.3.6.1.4.1.5468.100.117.1.3.1.1.1.4,column,VTSSInterfaceIndex,read-only,The residence port for the MEP.
ML540M-PERF-MONITOR-MIB,ml540mPerfMonitorStatusStatisticsLmMepId,1.3.6.1.4.1.5468.100.117.1.3.1.1.1.5,column,VTSSUnsigned16,read-only,Two bytes CCM MEP ID in the transmitted CCM.
ML540M-PERF-MONITOR-MIB,ml540mPerfMonitorStatusStatisticsLmMepMacAddress,1.3.6.1.4.1.5468.100.117.1.3.1.1.1.6,column,MacAddress,read-only,MAC address of this MEP which can be used by other MEP when unicast is selected.
ML540M-PERF-MONITOR-MIB,ml540mPerfMonitorStatusStatisticsLmMepPeerMepId,1.3.6.1.4.1.5468.100.117.1.3.1.1.1.7,column,VTSSUnsigned16,read-only,An expected MEP identifier in the received CCM.
ML540M-PERF-MONITOR-MIB,ml540mPerfMonitorStatusStatisticsLmMepPeerMacAddress,1.3.6.1.4.1.5468.100.117.1.3.1.1.1.8,column,MacAddress,read-only,"MAC address to be used when unicast is selected with the peer MEP. Also, this MAC is used to create HW checking of receiving CCM PDU from this MEP."
ML540M-PERF-MONITOR-MIB,ml540mPerfMonitorStatusStatisticsLmMepDirection,1.3.6.1.4.1.5468.100.117.1.3.1.1.1.10,column,VTSSPerfMonitorMepDirection,read-only,Upstream or downstream that needs to be monitored.
ML540M-PERF-MONITOR-MIB,ml540mPerfMonitorStatusStatisticsLmMepLevel,1.3.6.1.4.1.5468.100.117.1.3.1.1.1.11,column,VTSSUnsigned8,read-only,The MEG level of this MEP.
ML540M-PERF-MONITOR-MIB,ml540mPerfMonitorStatusStatisticsLmMepFlowInstance,1.3.6.1.4.1.5468.100.117.1.3.1.1.1.12,column,VTSSInterfaceIndex,read-only,The MEP is related to this flow depends on 'MepDomain'.
ML540M-PERF-MONITOR-MIB,ml540mPerfMonitorStatusStatisticsLmMepTaggedVid,1.3.6.1.4.1.5468.100.117.1.3.1.1.1.13,column,VTSSUnsigned16,read-only,An outer C/S-tag or the subscriber VID that identifies the subscriber flow in EVC where the MIP is active.
ML540M-PERF-MONITOR-MIB,ml540mPerfMonitorStatusStatisticsLmPriority,1.3.6.1.4.1.5468.100.117.1.3.1.1.1.14,column,Unsigned32,read-only,The priority to be inserted as PCP bits in TAG (if any).
ML540M-PERF-MONITOR-MIB,ml540mPerfMonitorStatusStatisticsLmRate,1.3.6.1.4.1.5468.100.117.1.3.1.1.1.15,column,VTSSPerfMonitorMepRate,read-only,Frame rate of CCM/LMM PDU which is the inverse of transmission period as described in Y.1731.
ML540M-PERF-MONITOR-MIB,ml540mPerfMonitorStatusStatisticsLmTx,1.3.6.1.4.1.5468.100.117.1.3.1.1.1.16,column,Unsigned32,read-only,The number of frame transmitted.
ML540M-PERF-MONITOR-MIB,ml540mPerfMonitorStatusStatisticsLmRx,1.3.6.1.4.1.5468.100.117.1.3.1.1.1.17,column,Unsigned32,read-only,The number of frame received.
ML540M-PERF-MONITOR-MIB,ml540mPerfMonitorStatusStatisticsLmNearEndLossCount,1.3.6.1.4.1.5468.100.117.1.3.1.1.1.18,column,Unsigned32,read-only,The near end loss count.
ML540M-PERF-MONITOR-MIB,ml540mPerfMonitorStatusStatisticsLmNearEndLossRate,1.3.6.1.4.1.5468.100.117.1.3.1.1.1.19,column,Unsigned32,read-only,The near end loss ratio.
ML540M-PERF-MONITOR-MIB,ml540mPerfMonitorStatusStatisticsLmFarEndLossCount,1.3.6.1.4.1.5468.100.117.1.3.1.1.1.20,column,Unsigned32,read-only,The far end loss count.
ML540M-PERF-MONITOR-MIB,ml540mPerfMonitorStatusStatisticsLmFarEndLossRate,1.3.6.1.4.1.5468.100.117.1.3.1.1.1.21,column,Unsigned32,read-only,The far end loss ratio.
ML540M-PERF-MONITOR-MIB,ml540mPerfMonitorStatusStatisticsDmIntervalId,1.3.6.1.4.1.5468.100.117.1.3.1.2.1.1,column,Unsigned32,not-accessible,The measurement interval identifier for the performance monitor data sets.
ML540M-PERF-MONITOR-MIB,ml540mPerfMonitorStatusStatisticsDmEntryId,1.3.6.1.4.1.5468.100.117.1.3.1.2.1.2,column,Unsigned32,not-accessible,The entry identifier for the performance monitor data sets.
ML540M-PERF-MONITOR-MIB,ml540mPerfMonitorStatusStatisticsDmMepInstance,1.3.6.1.4.1.5468.100.117.1.3.1.2.1.3,column,VTSSUnsigned16,read-only,The MEP instance for the performance monitor data sets.
ML540M-PERF-MONITOR-MIB,ml540mPerfMonitorStatusStatisticsDmResidencePort,1.3.6.1.4.1.5468.100.117.1.3.1.2.1.4,column,VTSSInterfaceIndex,read-only,The residence port for the MEP.
ML540M-PERF-MONITOR-MIB,ml540mPerfMonitorStatusStatisticsDmMepId,1.3.6.1.4.1.5468.100.117.1.3.1.2.1.5,column,VTSSUnsigned16,read-only,Two bytes CCM MEP ID in the transmitted CCM.
ML540M-PERF-MONITOR-MIB,ml540mPerfMonitorStatusStatisticsDmMepMacAddress,1.3.6.1.4.1.5468.100.117.1.3.1.2.1.6,column,MacAddress,read-only,MAC address of this MEP which can be used by other MEP when unicast is selected.
ML540M-PERF-MONITOR-MIB,ml540mPerfMonitorStatusStatisticsDmMepPeerMepId,1.3.6.1.4.1.5468.100.117.1.3.1.2.1.7,column,VTSSUnsigned16,read-only,An expected MEP identifier in the received CCM.
ML540M-PERF-MONITOR-MIB,ml540mPerfMonitorStatusStatisticsDmMepPeerMacAddress,1.3.6.1.4.1.5468.100.117.1.3.1.2.1.8,column,MacAddress,read-only,"MAC address to be used when unicast is selected with the peer MEP. Also, this MAC is used to create HW checking of receiving CCM PDU from this MEP."
ML540M-PERF-MONITOR-MIB,ml540mPerfMonitorStatusStatisticsDmMepDirection,1.3.6.1.4.1.5468.100.117.1.3.1.2.1.10,column,VTSSPerfMonitorMepDirection,read-only,Upstream or downstream that needs to be monitored.
ML540M-PERF-MONITOR-MIB,ml540mPerfMonitorStatusStatisticsDmMepLevel,1.3.6.1.4.1.5468.100.117.1.3.1.2.1.11,column,VTSSUnsigned8,read-only,The MEG level of this MEP.
ML540M-PERF-MONITOR-MIB,ml540mPerfMonitorStatusStatisticsDmMepFlowInstance,1.3.6.1.4.1.5468.100.117.1.3.1.2.1.12,column,VTSSInterfaceIndex,read-only,The MEP is related to this flow depends on 'MepDomain'.
ML540M-PERF-MONITOR-MIB,ml540mPerfMonitorStatusStatisticsDmMepTaggedVid,1.3.6.1.4.1.5468.100.117.1.3.1.2.1.13,column,VTSSUnsigned16,read-only,An outer C/S-tag or the subscriber VID that identifies the subscriber flow in EVC where the MIP is active.
ML540M-PERF-MONITOR-MIB,ml540mPerfMonitorStatusStatisticsDmPriority,1.3.6.1.4.1.5468.100.117.1.3.1.2.1.14,column,Unsigned32,read-only,The priority to be inserted as PCP bits in TAG (if any).
ML540M-PERF-MONITOR-MIB,ml540mPerfMonitorStatusStatisticsDmRate,1.3.6.1.4.1.5468.100.117.1.3.1.2.1.15,column,VTSSUnsigned8,read-only,The gap between transmitting 1DM/DMM PDU in 10ms. The range is 10 to 65535.
ML540M-PERF-MONITOR-MIB,ml540mPerfMonitorStatusStatisticsDmUnit,1.3.6.1.4.1.5468.100.117.1.3.1.2.1.16,column,VTSSPerfMonitorMepDmTimeUnit,read-only,The time resolution.
ML540M-PERF-MONITOR-MIB,ml540mPerfMonitorStatusStatisticsDmTx,1.3.6.1.4.1.5468.100.117.1.3.1.2.1.17,column,Unsigned32,read-only,The number of frame transmitted.
ML540M-PERF-MONITOR-MIB,ml540mPerfMonitorStatusStatisticsDmRx,1.3.6.1.4.1.5468.100.117.1.3.1.2.1.18,column,Unsigned32,read-only,The number of frame received.
ML540M-PERF-MONITOR-MIB,ml540mPerfMonitorStatusStatisticsDmFarToNearDelayAverage,1.3.6.1.4.1.5468.100.117.1.3.1.2.1.19,column,Unsigned32,read-only,The far to near average delay.
ML540M-PERF-MONITOR-MIB,ml540mPerfMonitorStatusStatisticsDmFarToNearDelayAverageVariation,1.3.6.1.4.1.5468.100.117.1.3.1.2.1.20,column,Unsigned32,read-only,The far to near average delay variation.
ML540M-PERF-MONITOR-MIB,ml540mPerfMonitorStatusStatisticsDmFarToNearDelayMin,1.3.6.1.4.1.5468.100.117.1.3.1.2.1.21,column,Unsigned32,read-only,The minimum far to near delay.
ML540M-PERF-MONITOR-MIB,ml540mPerfMonitorStatusStatisticsDmFarToNearDelayMax,1.3.6.1.4.1.5468.100.117.1.3.1.2.1.22,column,Unsigned32,read-only,The maximum far to near delay.
ML540M-PERF-MONITOR-MIB,ml540mPerfMonitorStatusStatisticsDmNearToFarDelayAverage,1.3.6.1.4.1.5468.100.117.1.3.1.2.1.23,column,Unsigned32,read-only,The near to far average delay.
ML540M-PERF-MONITOR-MIB,ml540mPerfMonitorStatusStatisticsDmNearToFarDelayAverageVariation,1.3.6.1.4.1.5468.100.117.1.3.1.2.1.24,column,Unsigned32,read-only,The near to far average delay variation.
ML540M-PERF-MONITOR-MIB,ml540mPerfMonitorStatusStatisticsDmNearToFarDelayMin,1.3.6.1.4.1.5468.100.117.1.3.1.2.1.25,column,Unsigned32,read-only,The minimum near to far delay.
ML540M-PERF-MONITOR-MIB,ml540mPerfMonitorStatusStatisticsDmNearToFarDelayMax,1.3.6.1.4.1.5468.100.117.1.3.1.2.1.26,column,Unsigned32,read-only,The maximum near to far delay.
ML540M-PERF-MONITOR-MIB,ml540mPerfMonitorStatusStatisticsDm2WayDelayAverage,1.3.6.1.4.1.5468.100.117.1.3.1.2.1.27,column,Unsigned32,read-only,The two-way average delay.
ML540M-PERF-MONITOR-MIB,ml540mPerfMonitorStatusStatisticsDm2WayDelayAverageVariation,1.3.6.1.4.1.5468.100.117.1.3.1.2.1.28,column,Unsigned32,read-only,The two-way average delay variation.
ML540M-PERF-MONITOR-MIB,ml540mPerfMonitorStatusStatisticsDm2WayDelayMin,1.3.6.1.4.1.5468.100.117.1.3.1.2.1.29,column,Unsigned32,read-only,The minimum two-way delay.
ML540M-PERF-MONITOR-MIB,ml540mPerfMonitorStatusStatisticsDm2WayDelayMax,1.3.6.1.4.1.5468.100.117.1.3.1.2.1.30,column,Unsigned32,read-only,The maximum two-way delay.
ML540M-PERF-MONITOR-MIB,ml540mPerfMonitorStatusStatisticsDmBinIntervalId,1.3.6.1.4.1.5468.100.117.1.3.1.3.1.1,column,Unsigned32,not-accessible,The measurement interval identifier for the performance monitor data sets.
ML540M-PERF-MONITOR-MIB,ml540mPerfMonitorStatusStatisticsDmBinEntryId,1.3.6.1.4.1.5468.100.117.1.3.1.3.1.2,column,Unsigned32,not-accessible,The entry identifier for the performance monitor data sets.
ML540M-PERF-MONITOR-MIB,ml540mPerfMonitorStatusStatisticsDmBinType,1.3.6.1.4.1.5468.100.117.1.3.1.3.1.3,column,Unsigned32 (1..2),not-accessible,The type for DM bin statistics. It's used for indicating what kinds of delay frame are counted in the bin.'1' presents the frame delay. '2' presents t
ML540M-PERF-MONITOR-MIB,ml540mPerfMonitorStatusStatisticsDmBinDirection,1.3.6.1.4.1.5468.100.117.1.3.1.3.1.4,column,Unsigned32 (1..3),not-accessible,The direction for DM bin statistics. It's used for indicating the measuring method of the delay frame. '1' presents one-way delay from remote devices 
ML540M-PERF-MONITOR-MIB,ml540mPerfMonitorStatusStatisticsDmBinBucketId,1.3.6.1.4.1.5468.100.117.1.3.1.3.1.5,column,Unsigned32,not-accessible,The bin ID.
ML540M-PERF-MONITOR-MIB,ml540mPerfMonitorStatusStatisticsDmBinHitCount,1.3.6.1.4.1.5468.100.117.1.3.1.3.1.6,column,Unsigned32,read-only,The hit count for the DM bin
ML540M-PERF-MONITOR-MIB,ml540mPerfMonitorStatusStatisticsEvcIntervalId,1.3.6.1.4.1.5468.100.117.1.3.1.4.1.1,column,Unsigned32,not-accessible,The measurement interval identifier for the performance monitor data sets.
ML540M-PERF-MONITOR-MIB,ml540mPerfMonitorStatusStatisticsEvcEntryId,1.3.6.1.4.1.5468.100.117.1.3.1.4.1.2,column,Unsigned32,not-accessible,The entry identifier for the performance monitor data sets.
ML540M-PERF-MONITOR-MIB,ml540mPerfMonitorStatusStatisticsEvcEvcInstance,1.3.6.1.4.1.5468.100.117.1.3.1.4.1.3,column,VTSSUnsigned16,read-only,The EVC instance for the performance monitor data sets.
ML540M-PERF-MONITOR-MIB,ml540mPerfMonitorStatusStatisticsEvcPortType,1.3.6.1.4.1.5468.100.117.1.3.1.4.1.4,column,VTSSPerfMonitorEvcPortType,read-only,The port type for the EVC.
ML540M-PERF-MONITOR-MIB,ml540mPerfMonitorStatusStatisticsEvcPort,1.3.6.1.4.1.5468.100.117.1.3.1.4.1.5,column,VTSSInterfaceIndex,read-only,The interface ID for the EVC.
ML540M-PERF-MONITOR-MIB,ml540mPerfMonitorStatusStatisticsEvcCos,1.3.6.1.4.1.5468.100.117.1.3.1.4.1.6,column,Unsigned32,read-only,"The COS queue ID on the interface, '4294967295' indicates the port is NNI port."
ML540M-PERF-MONITOR-MIB,ml540mPerfMonitorStatusStatisticsEvcGreenRxFrames,1.3.6.1.4.1.5468.100.117.1.3.1.4.1.7,column,Counter64,read-only,The number of green frames received.
ML540M-PERF-MONITOR-MIB,ml540mPerfMonitorStatusStatisticsEvcGreenTxFrames,1.3.6.1.4.1.5468.100.117.1.3.1.4.1.8,column,Counter64,read-only,The number of green frames transmitted.
ML540M-PERF-MONITOR-MIB,ml540mPerfMonitorStatusStatisticsEvcGreenRxBytes,1.3.6.1.4.1.5468.100.117.1.3.1.4.1.9,column,Counter64,read-only,The number of green bytes received.
ML540M-PERF-MONITOR-MIB,ml540mPerfMonitorStatusStatisticsEvcGreenTxBytes,1.3.6.1.4.1.5468.100.117.1.3.1.4.1.10,column,Counter64,read-only,The number of green bytes transmitted.
ML540M-PERF-MONITOR-MIB,ml540mPerfMonitorStatusStatisticsEvcYellowRxFrames,1.3.6.1.4.1.5468.100.117.1.3.1.4.1.11,column,Counter64,read-only,The number of yellow frames received.
ML540M-PERF-MONITOR-MIB,ml540mPerfMonitorStatusStatisticsEvcYellowTxFrames,1.3.6.1.4.1.5468.100.117.1.3.1.4.1.12,column,Counter64,read-only,The number of yellow frames transmitted.
ML540M-PERF-MONITOR-MIB,ml540mPerfMonitorStatusStatisticsEvcYellowRxBytes,1.3.6.1.4.1.5468.100.117.1.3.1.4.1.13,column,Counter64,read-only,The number of yellow bytes received.
ML540M-PERF-MONITOR-MIB,ml540mPerfMonitorStatusStatisticsEvcYellowTxBytes,1.3.6.1.4.1.5468.100.117.1.3.1.4.1.14,column,Counter64,read-only,The number of yellow bytes transmitted.
ML540M-PERF-MONITOR-MIB,ml540mPerfMonitorStatusStatisticsEvcRedRxFrames,1.3.6.1.4.1.5468.100.117.1.3.1.4.1.15,column,Counter64,read-only,The number of red frames received.
ML540M-PERF-MONITOR-MIB,ml540mPerfMonitorStatusStatisticsEvcRedRxBytes,1.3.6.1.4.1.5468.100.117.1.3.1.4.1.16,column,Counter64,read-only,The number of red bytes received.
ML540M-PERF-MONITOR-MIB,ml540mPerfMonitorStatusStatisticsEvcDiscardedRxFrames,1.3.6.1.4.1.5468.100.117.1.3.1.4.1.17,column,Counter64,read-only,The number of frames discarded in the ingress queue system.
ML540M-PERF-MONITOR-MIB,ml540mPerfMonitorStatusStatisticsEvcDiscardedTxFrames,1.3.6.1.4.1.5468.100.117.1.3.1.4.1.18,column,Counter64,read-only,The number of frames discarded in the egress queue system.
ML540M-PERF-MONITOR-MIB,ml540mPerfMonitorStatusStatisticsEvcDiscardedRxBytes,1.3.6.1.4.1.5468.100.117.1.3.1.4.1.19,column,Counter64,read-only,The number of bytes discarded in the ingress queue system.
ML540M-PERF-MONITOR-MIB,ml540mPerfMonitorStatusStatisticsEvcDiscardedTxBytes,1.3.6.1.4.1.5468.100.117.1.3.1.4.1.20,column,Counter64,read-only,The number of bytes discarded in the egress queue system.
ML540M-PERF-MONITOR-MIB,ml540mPerfMonitorStatusIntervalInfoType,1.3.6.1.4.1.5468.100.117.1.3.2.1.1.1,column,Unsigned32 (1..3),not-accessible,The type for the performance monitor interval information. '1' presents LM; '2' presents DM; '3' presents EVC.
ML540M-PERF-MONITOR-MIB,ml540mPerfMonitorStatusIntervalInfoIntervalId,1.3.6.1.4.1.5468.100.117.1.3.2.1.1.2,column,Unsigned32,not-accessible,The measurement interval identifier for the performance monitor data sets.
ML540M-PERF-MONITOR-MIB,ml540mPerfMonitorStatusIntervalInfoStartTime,1.3.6.1.4.1.5468.100.117.1.3.2.1.1.3,column,VTSSDisplayString (SIZE(0..64)),read-only,The date and time when PM starts.
ML540M-PERF-MONITOR-MIB,ml540mPerfMonitorStatusIntervalInfoEndTime,1.3.6.1.4.1.5468.100.117.1.3.2.1.1.4,column,VTSSDisplayString (SIZE(0..64)),read-only,The date and time when PM stops.
ML540M-PERF-MONITOR-MIB,ml540mPerfMonitorStatusIntervalInfoElapsedTime,1.3.6.1.4.1.5468.100.117.1.3.2.1.1.5,column,Counter64,read-only,The elapsed time ticks for the specific monitoring type and the corresponding interval identifier.
ML540M-PERF-MONITOR-MIB,ml540mPerfMonitorControlGlobalsActionDeleteLmStatisticsAll,1.3.6.1.4.1.5468.100.117.1.4.1.1.1,scalar,TruthValue,read-write,Clear all the LM statistics.
ML540M-PERF-MONITOR-MIB,ml540mPerfMonitorControlGlobalsActionDeleteDmStatisticsAll,1.3.6.1.4.1.5468.100.117.1.4.1.1.2,scalar,TruthValue,read-write,Clear all the DM statistics.
ML540M-PERF-MONITOR-MIB,ml540mPerfMonitorControlGlobalsActionDeleteEvcStatisticsAll,1.3.6.1.4.1.5468.100.117.1.4.1.1.3,scalar,TruthValue,read-write,Clear all the EVC statistics.
ML540M-EEE-MIB,ml540mEeeCapabilitiesGlobalsOptimizationPreferences,1.3.6.1.4.1.5468.100.74.1.1.1.1,scalar,TruthValue,read-only,"Indicates whether device supports optimization preferences, true means supported. false means not supported."
ML540M-EEE-MIB,ml540mEeeCapabilitiesInterfaceIfIndex,1.3.6.1.4.1.5468.100.74.1.1.2.1.1,column,VTSSInterfaceIndex,not-accessible,Logical interface number.
ML540M-EEE-MIB,ml540mEeeCapabilitiesInterfaceMaxEgressQueues,1.3.6.1.4.1.5468.100.74.1.1.2.1.2,column,VTSSUnsigned8,read-only,Maximum number of supported egress port queues.
ML540M-EEE-MIB,ml540mEeeCapabilitiesInterfaceEEE,1.3.6.1.4.1.5468.100.74.1.1.2.1.3,column,TruthValue,read-only,Indicates whether interface supports EEE(IEEE 802.3az). true means EEE supported. false means not supported.
ML540M-EEE-MIB,ml540mEeeConfigGlobalsOptimizationPreferences,1.3.6.1.4.1.5468.100.74.1.2.1.1,scalar,VTSSEeePreference,read-write,"EEE optimization preferences, either maximum power saving or low traffic latency."
ML540M-EEE-MIB,ml540mEeeConfigInterfaceParamIfIndex,1.3.6.1.4.1.5468.100.74.1.2.2.1.1.1,column,VTSSInterfaceIndex,not-accessible,Logical interface number.
ML540M-EEE-MIB,ml540mEeeConfigInterfaceParamEnableEEE,1.3.6.1.4.1.5468.100.74.1.2.2.1.1.2,column,TruthValue,read-write,Enable EEE (IEEE 802.3az) feature at a interface. true is to advertize EEE(IEEE 802.3az) capabilities to partner device. false is to disable it.
ML540M-EEE-MIB,ml540mEeeConfigInterfaceQueueIfIndex,1.3.6.1.4.1.5468.100.74.1.2.2.2.1.1,column,VTSSInterfaceIndex,not-accessible,Logical interface number.
ML540M-EEE-MIB,ml540mEeeConfigInterfaceQueueIndex,1.3.6.1.4.1.5468.100.74.1.2.2.2.1.2,column,Integer32 (0..7),not-accessible,Egress port queue index.
ML540M-EEE-MIB,ml540mEeeConfigInterfaceQueueEgressQueueType,1.3.6.1.4.1.5468.100.74.1.2.2.2.1.3,column,VTSSEeeQueueType,read-write,Egress port queue is urgent queue or normal queue.
ML540M-EEE-MIB,ml540mEeeStatusInterfaceIfIndex,1.3.6.1.4.1.5468.100.74.1.3.1.1.1,column,VTSSInterfaceIndex,not-accessible,Logical interface number.
ML540M-EEE-MIB,ml540mEeeStatusInterfacePartnerEEE,1.3.6.1.4.1.5468.100.74.1.3.1.1.2,column,VTSSEeeStatusType,read-only,Indicates whether link partner advertising EEE(IEEE 802.3az) capabilities.
ML540M-EEE-MIB,ml540mEeeStatusInterfaceRxPowerSave,1.3.6.1.4.1.5468.100.74.1.3.1.1.3,column,VTSSEeeStatusType,read-only,Indicates whether interfcae rx path currently in power save state.
ML540M-UDLD-MIB,ml540mUdldConfigInterfaceParamIfIndex,1.3.6.1.4.1.5468.100.123.1.2.1.1.1.1,column,VTSSInterfaceIndex,not-accessible,Logical interface number.
ML540M-UDLD-MIB,ml540mUdldConfigInterfaceParamUdldMode,1.3.6.1.4.1.5468.100.123.1.2.1.1.1.2,column,VTSSUdldMode,read-write,Port udld mode disable/normal/aggresive.
ML540M-UDLD-MIB,ml540mUdldConfigInterfaceParamProbeMsgInterval,1.3.6.1.4.1.5468.100.123.1.2.1.1.1.3,column,Unsigned32 (7..90),read-write,Port probe message interval(seconds). Valid range: 7 to 90 seconds.
ML540M-UDLD-MIB,ml540mUdldStatusInterfaceIfIndex,1.3.6.1.4.1.5468.100.123.1.3.1.1.1.1,column,VTSSInterfaceIndex,not-accessible,Logical interface number.
ML540M-UDLD-MIB,ml540mUdldStatusInterfaceDeviceID,1.3.6.1.4.1.5468.100.123.1.3.1.1.1.2,column,VTSSDisplayString (SIZE(0..254)),read-only,Local device id.
ML540M-UDLD-MIB,ml540mUdldStatusInterfaceDeviceName,1.3.6.1.4.1.5468.100.123.1.3.1.1.1.3,column,VTSSDisplayString (SIZE(0..254)),read-only,Local device name.
ML540M-UDLD-MIB,ml540mUdldStatusInterfaceLinkState,1.3.6.1.4.1.5468.100.123.1.3.1.1.1.4,column,VTSSUdldDetectionState,read-only,Local device link detected state.
ML540M-UDLD-MIB,ml540mUdldStatusInterfaceNeighborIfIndex,1.3.6.1.4.1.5468.100.123.1.3.1.2.1.1,column,VTSSInterfaceIndex,not-accessible,Logical interface number.
ML540M-UDLD-MIB,ml540mUdldStatusInterfaceNeighborNeighborDeviceID,1.3.6.1.4.1.5468.100.123.1.3.1.2.1.2,column,VTSSDisplayString (SIZE(0..254)),read-only,Neighbor device id.
ML540M-UDLD-MIB,ml540mUdldStatusInterfaceNeighborNeighborPortID,1.3.6.1.4.1.5468.100.123.1.3.1.2.1.3,column,VTSSDisplayString (SIZE(0..254)),read-only,Neighbor port id.
ML540M-UDLD-MIB,ml540mUdldStatusInterfaceNeighborNeighborDeviceName,1.3.6.1.4.1.5468.100.123.1.3.1.2.1.4,column,VTSSDisplayString (SIZE(0..254)),read-only,Neighbor device name.
ML540M-UDLD-MIB,ml540mUdldStatusInterfaceNeighborLinkDetectionState,1.3.6.1.4.1.5468.100.123.1.3.1.2.1.5,column,VTSSUdldDetectionState,read-only,Neighbor device link detected state.
