device_type,mib_module,object_name,oid,kind,data_type,textual_convention,unit,unit_source,access,configurable,table_index,nsp_attribute_name,description
dsl-modem,ACTELIS-ALARM-MIB,alarmNotificationEnable,1.3.6.1.4.1.5468.5.1,scalar,boolean-enum,,,,read-write,yes,no,alarmNotificationEnable,"Alarm Notifications can be sent or not, controlled manually, per whole NE system"
dsl-modem,ACTELIS-ALARM-MIB,alarmTableRowCount,1.3.6.1.4.1.5468.5.2,scalar,unsigned32,,,,read-only,no,no,alarmTableRowCount,"Counter of all fault conditions (Alarmed and Non-Alarmed) currently raised on NE, represents a number of rows in alarm table"
dsl-modem,ACTELIS-ALARM-MIB,alarmTableLastEvent,1.3.6.1.4.1.5468.5.3,scalar,textual-convention,DateAndTime,,,read-only,no,no,alarmTableLastEvent,Timestamp of Latest TL1 alarm raised on NE
dsl-modem,ACTELIS-ALARM-MIB,alarmIndex,1.3.6.1.4.1.5468.5.4.1.1,column,unsigned32,,,,not-accessible,no,yes,alarmIndex,Index of Alarm. Used for Table running. Not accessible leaf (do not return any value on get).
dsl-modem,ACTELIS-ALARM-MIB,alarmTID,1.3.6.1.4.1.5468.5.4.1.2,column,string,DisplayString,,,read-only,no,no,alarmTID,System Identification (Terminal ID) of NE which is reporting Failure Condition
dsl-modem,ACTELIS-ALARM-MIB,alarmName,1.3.6.1.4.1.5468.5.4.1.3,column,string,DisplayString,,,read-only,no,no,alarmName,"Failure Condition Name, i.e. LOSW, HSLDWN or INTRUDER"
dsl-modem,ACTELIS-ALARM-MIB,alarmedAID,1.3.6.1.4.1.5468.5.4.1.4,column,string,DisplayString,,,read-only,no,no,alarmedAID,"Automatic Identification of TL1 Managed Object with Failure Condition on it, i.e. MLP-3-7, HSL-122 or ETH-5. Together with Name of alarm , AlarmAID pr"
dsl-modem,ACTELIS-ALARM-MIB,alarmedOID,1.3.6.1.4.1.5468.5.4.1.5,column,string,DisplayString,,,read-only,no,no,alarmedOID,"Using hardcoded map, all TL1 AID are converted to SNMP Index used for them. System and Equipment entity are reported using iso(1).org(3).dod(6).intern"
dsl-modem,ACTELIS-ALARM-MIB,alarmDateTime,1.3.6.1.4.1.5468.5.4.1.6,column,textual-convention,DateAndTime,,,read-only,no,no,alarmDateTime,Raise Alarm Date and Time on NE
dsl-modem,ACTELIS-ALARM-MIB,alarmServiceAffect,1.3.6.1.4.1.5468.5.4.1.7,column,string,DisplayString,,,read-only,no,no,alarmServiceAffect,"Instead of enum coding, use text as reported in TL1 SA for service affecting, NSA for non-service affecting."
dsl-modem,ACTELIS-ALARM-MIB,alarmSeverity,1.3.6.1.4.1.5468.5.4.1.8,column,string,DisplayString,,,read-only,no,no,alarmSeverity,"Instead of enum coding, use text as reported in TL1 CR for critical, MJ for major, MN for minor, NA for non-alarmed"
dsl-modem,ACTELIS-ALARM-MIB,alarmDescription,1.3.6.1.4.1.5468.5.4.1.9,column,string,DisplayString,,,read-only,no,no,alarmDescription,"Text description of Alarm possible reason, as appears in TL1 alarm"
dsl-modem,ML620R-MIB,channel,1.3.6.1.4.1.5468.510.1.1.1.1,column,integer,,,,read-only,no,no,channel,Description.
dsl-modem,ML620R-MIB,dslService,1.3.6.1.4.1.5468.510.1.1.1.2,column,enum,,,,read-only,no,no,dslService,Description.
dsl-modem,ML620R-MIB,dslStandard,1.3.6.1.4.1.5468.510.1.1.1.3,column,enum,,,,read-only,no,no,dslStandard,Description.
dsl-modem,ML620R-MIB,dslAttenuation,1.3.6.1.4.1.5468.510.1.1.1.4,column,integer,,,,read-only,no,no,dslAttenuation,This is valid only when the dslStatus value is 'Data'.
dsl-modem,ML620R-MIB,dslSNR,1.3.6.1.4.1.5468.510.1.1.1.5,column,integer,,,,read-only,no,no,dslSNR,This is valid only when the dslStatus value is 'Data'.
dsl-modem,ML620R-MIB,dslStatus,1.3.6.1.4.1.5468.510.1.1.1.6,column,enum,,,,read-only,no,no,dslStatus,Description.
dsl-modem,ML620R-MIB,dslRate,1.3.6.1.4.1.5468.510.1.1.1.7,column,integer,,,,read-only,no,no,dslRate,Rate : xx kpbs. This is valid only when the dslStatus value is 'Data'.
dsl-modem,ML620R-MIB,macTableIndex,1.3.6.1.4.1.5468.510.1.2.1.1,column,integer,,,,read-only,no,no,macTableIndex,Description.
dsl-modem,ML620R-MIB,macType,1.3.6.1.4.1.5468.510.1.2.1.2,column,string,,,,read-only,no,no,macType,Description.
dsl-modem,ML620R-MIB,blongToVlan,1.3.6.1.4.1.5468.510.1.2.1.3,column,integer,,,,read-only,no,no,blongToVlan,Description.
dsl-modem,ML620R-MIB,macAddress,1.3.6.1.4.1.5468.510.1.2.1.4,column,string,,,,read-only,no,no,macAddress,Description.
dsl-modem,ML620R-MIB,portMembers,1.3.6.1.4.1.5468.510.1.2.1.5,column,enum,,,,read-only,no,no,portMembers,Description.
dsl-modem,ML620R-MIB,clearMacTable,1.3.6.1.4.1.5468.510.1.3,scalar,enum,,,,read-write,yes,no,clearMacTable,Description.
dsl-modem,ML620R-MIB,wanDesciiption,1.3.6.1.4.1.5468.510.1.5.1.1.1,column,string,,,,read-only,no,no,wanDesciiption,Description.
dsl-modem,ML620R-MIB,wanVlid,1.3.6.1.4.1.5468.510.1.5.1.1.2,column,string,,,,read-only,no,no,wanVlid,Description.
dsl-modem,ML620R-MIB,wanProtocol,1.3.6.1.4.1.5468.510.1.5.1.1.3,column,string,,,,read-only,no,no,wanProtocol,Description.
dsl-modem,ML620R-MIB,wanIP,1.3.6.1.4.1.5468.510.1.5.1.1.4,column,string,,,,read-only,no,no,wanIP,Description.
dsl-modem,ML620R-MIB,wanNetMask,1.3.6.1.4.1.5468.510.1.5.1.1.5,column,string,,,,read-only,no,no,wanNetMask,Description.
dsl-modem,ML620R-MIB,wanGateway,1.3.6.1.4.1.5468.510.1.5.1.1.6,column,string,,,,read-only,no,no,wanGateway,Description.
dsl-modem,ML620R-MIB,wanStaus,1.3.6.1.4.1.5468.510.1.5.1.1.7,column,string,,,,read-only,no,no,wanStaus,Description.
dsl-modem,ML620R-MIB,routeIndex,1.3.6.1.4.1.5468.510.1.6.1.1,column,integer,,,,read-only,no,no,routeIndex,Description.
dsl-modem,ML620R-MIB,routeDestination,1.3.6.1.4.1.5468.510.1.6.1.2,column,string,,,,read-only,no,no,routeDestination,Description.
dsl-modem,ML620R-MIB,routeNetmask,1.3.6.1.4.1.5468.510.1.6.1.3,column,string,,,,read-only,no,no,routeNetmask,Description.
dsl-modem,ML620R-MIB,routeGateway,1.3.6.1.4.1.5468.510.1.6.1.4,column,string,,,,read-only,no,no,routeGateway,Description.
dsl-modem,ML620R-MIB,firmwareVersion,1.3.6.1.4.1.5468.510.1.7.1,scalar,string,,,,read-only,no,no,firmwareVersion,Description.
dsl-modem,ML620R-MIB,firmwareDate,1.3.6.1.4.1.5468.510.1.7.2,scalar,string,,,,read-only,no,no,firmwareDate,Description.
dsl-modem,ML620R-MIB,deviceMAC,1.3.6.1.4.1.5468.510.1.7.3,scalar,string,,,,read-only,no,no,deviceMAC,Description.
dsl-modem,ML620R-MIB,deviceUptime,1.3.6.1.4.1.5468.510.1.7.4,scalar,string,,,,read-only,no,no,deviceUptime,Device Uptime.
dsl-modem,ML620R-MIB,hslUptime,1.3.6.1.4.1.5468.510.1.7.5,scalar,string,,,,read-only,no,no,hslUptime,Hsl Uptime.
dsl-modem,ML620R-MIB,serviceType,1.3.6.1.4.1.5468.510.2.1.1,scalar,boolean-enum,,,,read-write,yes,no,serviceType,Description.
dsl-modem,ML620R-MIB,wireMode,1.3.6.1.4.1.5468.510.2.1.2,scalar,enum,,,,read-write,yes,no,wireMode,Description.
dsl-modem,ML620R-MIB,standType,1.3.6.1.4.1.5468.510.2.1.3,scalar,enum,,,,read-write,yes,no,standType,Description.
dsl-modem,ML620R-MIB,lineProbe,1.3.6.1.4.1.5468.510.2.1.4,scalar,enum,,,,read-write,yes,no,lineProbe,Description.
dsl-modem,ML620R-MIB,minimumRate,1.3.6.1.4.1.5468.510.2.1.5,scalar,string,,,,read-write,yes,no,minimumRate,Description.
dsl-modem,ML620R-MIB,maximumRate,1.3.6.1.4.1.5468.510.2.1.6,scalar,string,,,,read-write,yes,no,maximumRate,Description.
dsl-modem,ML620R-MIB,dslMode,1.3.6.1.4.1.5468.510.2.1.7,scalar,enum,,,,read-write,yes,no,dslMode,Description.
dsl-modem,ML620R-MIB,capListStyle,1.3.6.1.4.1.5468.510.2.1.8,scalar,enum,,,,read-write,yes,no,capListStyle,Description.
dsl-modem,ML620R-MIB,extendMode,1.3.6.1.4.1.5468.510.2.1.9,scalar,enum,,,,read-write,yes,no,extendMode,Description.
dsl-modem,ML620R-MIB,extendRate,1.3.6.1.4.1.5468.510.2.1.10,scalar,integer,,,,read-write,yes,no,extendRate,unit is 8kbps
dsl-modem,ML620R-MIB,portIndex,1.3.6.1.4.1.5468.510.2.2.1.1,column,integer,,,,read-only,no,no,portIndex,Description.
dsl-modem,ML620R-MIB,speed,1.3.6.1.4.1.5468.510.2.2.1.2,column,enum,,,,read-write,yes,no,speed,Description.
dsl-modem,ML620R-MIB,duplex,1.3.6.1.4.1.5468.510.2.2.1.3,column,enum,,,,read-write,yes,no,duplex,Description.
dsl-modem,ML620R-MIB,flowControl,1.3.6.1.4.1.5468.510.2.2.1.4,column,enum,,,,read-write,yes,no,flowControl,Description.
dsl-modem,ML620R-MIB,maximumFrameSize,1.3.6.1.4.1.5468.510.2.2.1.5,column,integer,,,,read-write,yes,no,maximumFrameSize,Description.
dsl-modem,ML620R-MIB,portStatus,1.3.6.1.4.1.5468.510.2.2.1.6,column,enum,,,,read-only,no,no,portStatus,Description.
dsl-modem,ML620R-MIB,sPortId,1.3.6.1.4.1.5468.510.2.3,scalar,integer,,,,read-write,yes,no,sPortId,Description. This is Global VLAN Configuration Ethertype for Custom S-ports
dsl-modem,ML620R-MIB,valnIndex,1.3.6.1.4.1.5468.510.2.4.1.1,column,enum,,,,read-only,no,no,valnIndex,Description.
dsl-modem,ML620R-MIB,portType,1.3.6.1.4.1.5468.510.2.4.1.2,column,enum,,,,read-write,yes,no,portType,Description.
dsl-modem,ML620R-MIB,portVlan,1.3.6.1.4.1.5468.510.2.4.1.3,column,integer,,,,read-write,yes,no,portVlan,Description.
dsl-modem,ML620R-MIB,ingressAcceptance,1.3.6.1.4.1.5468.510.2.4.1.4,column,enum,,,,read-write,yes,no,ingressAcceptance,Description.
dsl-modem,ML620R-MIB,allowedVlans,1.3.6.1.4.1.5468.510.2.4.1.5,column,string,,,,read-write,yes,no,allowedVlans,Description.
dsl-modem,ML620R-MIB,vlanmode,1.3.6.1.4.1.5468.510.2.4.1.6,column,enum,,,,read-write,yes,no,vlanmode,Description.
dsl-modem,ML620R-MIB,addDhcpVlanRange,1.3.6.1.4.1.5468.510.2.5.1,scalar,string,,,,read-write,yes,no,addDhcpVlanRange,Description: if you want to set 1-21 and 33-35 and 37-37 you must set three times: 1-21 33-35 37-37
dsl-modem,ML620R-MIB,deleteDhcpVlanRange,1.3.6.1.4.1.5468.510.2.5.2,scalar,string,,,,read-write,yes,no,deleteDhcpVlanRange,Description. similiar to add cmd.
dsl-modem,ML620R-MIB,dhcpServerModeConfiguration,1.3.6.1.4.1.5468.510.2.5.3,scalar,string,,,,read-only,no,no,dhcpServerModeConfiguration,Description.
dsl-modem,ML620R-MIB,excludedIndex,1.3.6.1.4.1.5468.510.2.5.4.1.1,column,integer,,,,read-only,no,no,excludedIndex,Description.
dsl-modem,ML620R-MIB,lowIPAddress,1.3.6.1.4.1.5468.510.2.5.4.1.2,column,ipv4-address,,,,read-write,yes,no,lowIPAddress,Description.
dsl-modem,ML620R-MIB,highIPAddress,1.3.6.1.4.1.5468.510.2.5.4.1.3,column,ipv4-address,,,,read-write,yes,no,highIPAddress,Description.
dsl-modem,ML620R-MIB,excludeIPActive,1.3.6.1.4.1.5468.510.2.5.4.1.4,column,enum,,,,read-write,yes,no,excludeIPActive,Description.
dsl-modem,ML620R-MIB,excludeStatus,1.3.6.1.4.1.5468.510.2.5.4.1.5,column,enum,,,,read-write,yes,no,excludeStatus,Description.
dsl-modem,ML620R-MIB,dhcpPoolIndex,1.3.6.1.4.1.5468.510.2.5.5.1.1,column,integer,,,,read-only,no,no,dhcpPoolIndex,Description.
dsl-modem,ML620R-MIB,dhcpPoolName,1.3.6.1.4.1.5468.510.2.5.5.1.2,column,string,,,,read-write,yes,no,dhcpPoolName,Description.
dsl-modem,ML620R-MIB,dhcpPoolIPAddress,1.3.6.1.4.1.5468.510.2.5.5.1.3,column,ipv4-address,,,,read-write,yes,no,dhcpPoolIPAddress,Description.
dsl-modem,ML620R-MIB,dhcpPooSubnetMask,1.3.6.1.4.1.5468.510.2.5.5.1.4,column,ipv4-address,,,,read-write,yes,no,dhcpPooSubnetMask,Description.
dsl-modem,ML620R-MIB,dhcpPoolLeaseTime,1.3.6.1.4.1.5468.510.2.5.5.1.5,column,integer,,,,read-write,yes,no,dhcpPoolLeaseTime,Description.
dsl-modem,ML620R-MIB,dhcpPoolDefaultRouter,1.3.6.1.4.1.5468.510.2.5.5.1.6,column,ipv4-address,,,,read-write,yes,no,dhcpPoolDefaultRouter,Description.
dsl-modem,ML620R-MIB,dnsServer1,1.3.6.1.4.1.5468.510.2.5.5.1.7,column,ipv4-address,,,,read-write,yes,no,dnsServer1,Description.
dsl-modem,ML620R-MIB,dnsServer2,1.3.6.1.4.1.5468.510.2.5.5.1.8,column,ipv4-address,,,,read-write,yes,no,dnsServer2,Description.
dsl-modem,ML620R-MIB,dhcpPoolActive,1.3.6.1.4.1.5468.510.2.5.5.1.9,column,enum,,,,read-write,yes,no,dhcpPoolActive,Description.
dsl-modem,ML620R-MIB,dhcpPoolStatus,1.3.6.1.4.1.5468.510.2.5.5.1.10,column,enum,,,,read-write,yes,no,dhcpPoolStatus,Description.
dsl-modem,ML620R-MIB,dhcpClientIndex,1.3.6.1.4.1.5468.510.2.5.6.1.1,column,integer,,,,read-only,no,no,dhcpClientIndex,Description.
dsl-modem,ML620R-MIB,dhcpClientName,1.3.6.1.4.1.5468.510.2.5.6.1.2,column,string,,,,read-only,no,no,dhcpClientName,Description.
dsl-modem,ML620R-MIB,dhcpMacAddress,1.3.6.1.4.1.5468.510.2.5.6.1.3,column,string,,,,read-only,no,no,dhcpMacAddress,Description.
dsl-modem,ML620R-MIB,dhcpIPAddress,1.3.6.1.4.1.5468.510.2.5.6.1.4,column,string,,,,read-only,no,no,dhcpIPAddress,Description.
dsl-modem,ML620R-MIB,dhcpLeaseTime,1.3.6.1.4.1.5468.510.2.5.6.1.5,column,string,,,,read-only,no,no,dhcpLeaseTime,Description.
dsl-modem,ML620R-MIB,wanIndex,1.3.6.1.4.1.5468.510.2.6.1.1.1,column,integer,,,,read-only,no,no,wanIndex,Description.
dsl-modem,ML620R-MIB,description,1.3.6.1.4.1.5468.510.2.6.1.1.2,column,string,,,,read-write,yes,no,description,Description.
dsl-modem,ML620R-MIB,vlanID,1.3.6.1.4.1.5468.510.2.6.1.1.3,column,integer,,,,read-write,yes,no,vlanID,Description.
dsl-modem,ML620R-MIB,defaultRoute,1.3.6.1.4.1.5468.510.2.6.1.1.4,column,enum,,,,read-write,yes,no,defaultRoute,Description.
dsl-modem,ML620R-MIB,nat,1.3.6.1.4.1.5468.510.2.6.1.1.5,column,enum,,,,read-write,yes,no,nat,Description.
dsl-modem,ML620R-MIB,protocol,1.3.6.1.4.1.5468.510.2.6.1.1.6,column,enum,,,,read-write,yes,no,protocol,Description.
dsl-modem,ML620R-MIB,action,1.3.6.1.4.1.5468.510.2.6.1.1.7,column,enum,,,,read-write,yes,no,action,Description.
dsl-modem,ML620R-MIB,wanStatus,1.3.6.1.4.1.5468.510.2.6.1.1.8,column,enum,,,,read-only,no,no,wanStatus,Description.
dsl-modem,ML620R-MIB,staticIPAddress,1.3.6.1.4.1.5468.510.2.6.2.1.1,column,ipv4-address,,,,read-write,yes,no,staticIPAddress,Description.
dsl-modem,ML620R-MIB,staticSubnetMask,1.3.6.1.4.1.5468.510.2.6.2.1.2,column,ipv4-address,,,,read-write,yes,no,staticSubnetMask,Description.
dsl-modem,ML620R-MIB,staticGateway,1.3.6.1.4.1.5468.510.2.6.2.1.3,column,ipv4-address,,,,read-write,yes,no,staticGateway,Description.
dsl-modem,ML620R-MIB,staticApply,1.3.6.1.4.1.5468.510.2.6.2.1.4,column,enum,,,,read-write,yes,no,staticApply,Description.
dsl-modem,ML620R-MIB,dhcpStatus,1.3.6.1.4.1.5468.510.2.6.3.1.1,column,enum,,,,read-only,no,no,dhcpStatus,Description.
dsl-modem,ML620R-MIB,userName,1.3.6.1.4.1.5468.510.2.6.4.1.1,column,string,,,,read-write,yes,no,userName,Description.
dsl-modem,ML620R-MIB,passWord,1.3.6.1.4.1.5468.510.2.6.4.1.2,column,string,,,,read-write,yes,no,passWord,Description.
dsl-modem,ML620R-MIB,confirm,1.3.6.1.4.1.5468.510.2.6.4.1.3,column,string,,,,read-write,yes,no,confirm,Description.
dsl-modem,ML620R-MIB,keepAlive,1.3.6.1.4.1.5468.510.2.6.4.1.4,column,enum,,,,read-write,yes,no,keepAlive,Description.
dsl-modem,ML620R-MIB,idleTimeout,1.3.6.1.4.1.5468.510.2.6.4.1.5,column,timeticks,,centiseconds,SMI type timeticks,read-write,yes,no,idleTimeout,Description.
dsl-modem,ML620R-MIB,pppoeApply,1.3.6.1.4.1.5468.510.2.6.4.1.6,column,enum,,,,read-write,yes,no,pppoeApply,Description.
dsl-modem,ML620R-MIB,aclIndex,1.3.6.1.4.1.5468.510.2.7.1.1.1,column,integer,,,,read-only,no,no,aclIndex,Description.
dsl-modem,ML620R-MIB,ingressPort,1.3.6.1.4.1.5468.510.2.7.1.1.2,column,enum,,,,read-write,yes,no,ingressPort,Description.
dsl-modem,ML620R-MIB,aclAction,1.3.6.1.4.1.5468.510.2.7.1.1.3,column,enum,,,,read-write,yes,no,aclAction,Description.
dsl-modem,ML620R-MIB,portRedirect,1.3.6.1.4.1.5468.510.2.7.1.1.4,column,enum,,,,read-write,yes,no,portRedirect,Description.
dsl-modem,ML620R-MIB,frameType,1.3.6.1.4.1.5468.510.2.7.1.1.5,column,enum,,,,read-write,yes,no,frameType,Description.
dsl-modem,ML620R-MIB,aclRemarkQueueID,1.3.6.1.4.1.5468.510.2.7.1.1.6,column,integer,,,,read-write,yes,no,aclRemarkQueueID,Description.
dsl-modem,ML620R-MIB,aclRemarkPriority,1.3.6.1.4.1.5468.510.2.7.1.1.7,column,integer,,,,read-write,yes,no,aclRemarkPriority,Description.
dsl-modem,ML620R-MIB,aclRemarkDscp,1.3.6.1.4.1.5468.510.2.7.1.1.8,column,integer,,,,read-write,yes,no,aclRemarkDscp,Description.
dsl-modem,ML620R-MIB,aclOption,1.3.6.1.4.1.5468.510.2.7.1.1.9,column,enum,,,,read-write,yes,no,aclOption,Description.
dsl-modem,ML620R-MIB,aclStatus,1.3.6.1.4.1.5468.510.2.7.1.1.10,column,enum,,,,read-only,no,no,aclStatus,Description.
dsl-modem,ML620R-MIB,dmacValue,1.3.6.1.4.1.5468.510.2.7.2.1.1,column,mac-address,PhysAddress,,,read-write,yes,no,dmacValue,Description.
dsl-modem,ML620R-MIB,dmacMask,1.3.6.1.4.1.5468.510.2.7.2.1.2,column,mac-address,PhysAddress,,,read-write,yes,no,dmacMask,Description.
dsl-modem,ML620R-MIB,smacValue,1.3.6.1.4.1.5468.510.2.7.2.1.3,column,mac-address,PhysAddress,,,read-write,yes,no,smacValue,Description.
dsl-modem,ML620R-MIB,smacMask,1.3.6.1.4.1.5468.510.2.7.2.1.4,column,mac-address,PhysAddress,,,read-write,yes,no,smacMask,Description.
dsl-modem,ML620R-MIB,etypeValue,1.3.6.1.4.1.5468.510.2.7.2.1.5,column,integer,,,,read-write,yes,no,etypeValue,Description.
dsl-modem,ML620R-MIB,etypeMask,1.3.6.1.4.1.5468.510.2.7.2.1.6,column,integer,,,,read-write,yes,no,etypeMask,Description.
dsl-modem,ML620R-MIB,taggedVlanId,1.3.6.1.4.1.5468.510.2.7.2.1.7,column,integer,,,,read-write,yes,no,taggedVlanId,Description.
dsl-modem,ML620R-MIB,taggedVlanMask,1.3.6.1.4.1.5468.510.2.7.2.1.8,column,integer,,,,read-write,yes,no,taggedVlanMask,Description.
dsl-modem,ML620R-MIB,tagPriority,1.3.6.1.4.1.5468.510.2.7.2.1.9,column,integer,,,,read-write,yes,no,tagPriority,Description.
dsl-modem,ML620R-MIB,tagPriorityMask,1.3.6.1.4.1.5468.510.2.7.2.1.10,column,integer,,,,read-write,yes,no,tagPriorityMask,Description.
dsl-modem,ML620R-MIB,etypeApply,1.3.6.1.4.1.5468.510.2.7.2.1.11,column,enum,,,,read-write,yes,no,etypeApply,Description.
dsl-modem,ML620R-MIB,dipFilterAddress,1.3.6.1.4.1.5468.510.2.7.3.1.1,column,ipv4-address,,,,read-write,yes,no,dipFilterAddress,Description.
dsl-modem,ML620R-MIB,dipFilterMask,1.3.6.1.4.1.5468.510.2.7.3.1.2,column,ipv4-address,,,,read-write,yes,no,dipFilterMask,Description.
dsl-modem,ML620R-MIB,sipFilterAddress,1.3.6.1.4.1.5468.510.2.7.3.1.3,column,ipv4-address,,,,read-write,yes,no,sipFilterAddress,Description.
dsl-modem,ML620R-MIB,sipFilterMask,1.3.6.1.4.1.5468.510.2.7.3.1.4,column,ipv4-address,,,,read-write,yes,no,sipFilterMask,Description.
dsl-modem,ML620R-MIB,dportLow,1.3.6.1.4.1.5468.510.2.7.3.1.5,column,integer,,,,read-write,yes,no,dportLow,Description.
dsl-modem,ML620R-MIB,dportHigh,1.3.6.1.4.1.5468.510.2.7.3.1.6,column,integer,,,,read-write,yes,no,dportHigh,Description.
dsl-modem,ML620R-MIB,sportLow,1.3.6.1.4.1.5468.510.2.7.3.1.7,column,integer,,,,read-write,yes,no,sportLow,Description.
dsl-modem,ML620R-MIB,sportHigh,1.3.6.1.4.1.5468.510.2.7.3.1.8,column,integer,,,,read-write,yes,no,sportHigh,Description.
dsl-modem,ML620R-MIB,tosDscpValue,1.3.6.1.4.1.5468.510.2.7.3.1.9,column,integer,,,,read-write,yes,no,tosDscpValue,Description.
dsl-modem,ML620R-MIB,tosDscpMask,1.3.6.1.4.1.5468.510.2.7.3.1.10,column,integer,,,,read-write,yes,no,tosDscpMask,Description.
dsl-modem,ML620R-MIB,ipv4Apply,1.3.6.1.4.1.5468.510.2.7.3.1.11,column,enum,,,,read-write,yes,no,ipv4Apply,Description.
dsl-modem,ML620R-MIB,qosIngressPort,1.3.6.1.4.1.5468.510.2.8.1.1.1.1,column,enum,,,,read-only,no,no,qosIngressPort,Description.
dsl-modem,ML620R-MIB,portDefaultPriority,1.3.6.1.4.1.5468.510.2.8.1.1.1.2,column,integer,,,,read-write,yes,no,portDefaultPriority,Description.
dsl-modem,ML620R-MIB,tagClassificationEnable,1.3.6.1.4.1.5468.510.2.8.2.1,scalar,enum,,,,read-write,yes,no,tagClassificationEnable,Description.
dsl-modem,ML620R-MIB,priorityCodePoint,1.3.6.1.4.1.5468.510.2.8.2.2.1.1,column,enum,,,,read-only,no,no,priorityCodePoint,Description.
dsl-modem,ML620R-MIB,qosClass,1.3.6.1.4.1.5468.510.2.8.2.2.1.2,column,integer,,,,read-write,yes,no,qosClass,Description.
dsl-modem,ML620R-MIB,dscpBasedQosIngressEnable,1.3.6.1.4.1.5468.510.2.8.3.1,scalar,enum,,,,read-write,yes,no,dscpBasedQosIngressEnable,Description.
dsl-modem,ML620R-MIB,qosClassForAllDSCP,1.3.6.1.4.1.5468.510.2.8.3.2,scalar,integer,,,,read-write,yes,no,qosClassForAllDSCP,Description.
dsl-modem,ML620R-MIB,dscpIndex,1.3.6.1.4.1.5468.510.2.8.3.3.1.1,column,integer,,,,read-only,no,no,dscpIndex,Description.
dsl-modem,ML620R-MIB,dscpValue,1.3.6.1.4.1.5468.510.2.8.3.3.1.2,column,integer,,,,read-only,no,no,dscpValue,Description.
dsl-modem,ML620R-MIB,dscpQosClass,1.3.6.1.4.1.5468.510.2.8.3.3.1.3,column,integer,,,,read-write,yes,no,dscpQosClass,Description.
dsl-modem,ML620R-MIB,schedulerMode,1.3.6.1.4.1.5468.510.2.8.4.1,scalar,enum,,,,read-write,yes,no,schedulerMode,Description.
dsl-modem,ML620R-MIB,queue,1.3.6.1.4.1.5468.510.2.8.4.2.1.1,column,integer,,,,read-only,no,no,queue,Description.
dsl-modem,ML620R-MIB,queueLimitMode,1.3.6.1.4.1.5468.510.2.8.4.2.1.2,column,enum,,,,read-write,yes,no,queueLimitMode,Description.
dsl-modem,ML620R-MIB,queueSpeed,1.3.6.1.4.1.5468.510.2.8.4.2.1.3,column,integer,,,,read-write,yes,no,queueSpeed,Description.
dsl-modem,ML620R-MIB,queueSpeedUnit,1.3.6.1.4.1.5468.510.2.8.4.2.1.4,column,enum,,,,read-write,yes,no,queueSpeedUnit,Description.
dsl-modem,ML620R-MIB,queueWeight,1.3.6.1.4.1.5468.510.2.8.4.2.1.5,column,integer,,,,read-write,yes,no,queueWeight,Description.
dsl-modem,ML620R-MIB,policerIndex,1.3.6.1.4.1.5468.510.2.8.5.1.1.1,column,integer,,,,read-only,no,no,policerIndex,Description.
dsl-modem,ML620R-MIB,policerMode,1.3.6.1.4.1.5468.510.2.8.5.1.1.2,column,enum,,,,read-write,yes,no,policerMode,Description.
dsl-modem,ML620R-MIB,policerRate,1.3.6.1.4.1.5468.510.2.8.5.1.1.3,column,integer,,,,read-write,yes,no,policerRate,Description.
dsl-modem,ML620R-MIB,policerUnit,1.3.6.1.4.1.5468.510.2.8.5.1.1.4,column,enum,,,,read-write,yes,no,policerUnit,Description.
dsl-modem,ML620R-MIB,actiiveVirtualIndex,1.3.6.1.4.1.5468.510.2.9.1.1.1,column,integer,,,,read-only,no,no,actiiveVirtualIndex,Description.
dsl-modem,ML620R-MIB,virtualServersDescription,1.3.6.1.4.1.5468.510.2.9.1.1.2,column,string,,,,read-write,yes,no,virtualServersDescription,Description.
dsl-modem,ML620R-MIB,virtualServersStartPort,1.3.6.1.4.1.5468.510.2.9.1.1.3,column,integer,,,,read-write,yes,no,virtualServersStartPort,Description.
dsl-modem,ML620R-MIB,virtualServersEndPort,1.3.6.1.4.1.5468.510.2.9.1.1.4,column,integer,,,,read-write,yes,no,virtualServersEndPort,Description.
dsl-modem,ML620R-MIB,virtualServersLocalIP,1.3.6.1.4.1.5468.510.2.9.1.1.5,column,ipv4-address,,,,read-write,yes,no,virtualServersLocalIP,Description.
dsl-modem,ML620R-MIB,virtualServersProtocol,1.3.6.1.4.1.5468.510.2.9.1.1.6,column,enum,,,,read-write,yes,no,virtualServersProtocol,Description.
dsl-modem,ML620R-MIB,virtualServersInternalInterface,1.3.6.1.4.1.5468.510.2.9.1.1.7,column,string,,,,read-write,yes,no,virtualServersInternalInterface,Description.
dsl-modem,ML620R-MIB,virtualServersExternalInterface,1.3.6.1.4.1.5468.510.2.9.1.1.8,column,string,,,,read-write,yes,no,virtualServersExternalInterface,Description.
dsl-modem,ML620R-MIB,virtualServersAction,1.3.6.1.4.1.5468.510.2.9.1.1.9,column,enum,,,,read-write,yes,no,virtualServersAction,Description.
dsl-modem,ML620R-MIB,virtualServersStatus,1.3.6.1.4.1.5468.510.2.9.1.1.10,column,enum,,,,read-only,no,no,virtualServersStatus,Description.
dsl-modem,ML620R-MIB,upnpindex,1.3.6.1.4.1.5468.510.2.9.2.1.1.1,column,integer,,,,read-only,no,no,upnpindex,Description.
dsl-modem,ML620R-MIB,uPnPService,1.3.6.1.4.1.5468.510.2.9.2.1.1.2,column,enum,,,,read-write,yes,no,uPnPService,Description.
dsl-modem,ML620R-MIB,internalInterface,1.3.6.1.4.1.5468.510.2.9.2.1.1.3,column,string,,,,read-write,yes,no,internalInterface,Description.
dsl-modem,ML620R-MIB,externalInterface,1.3.6.1.4.1.5468.510.2.9.2.1.1.4,column,string,,,,read-write,yes,no,externalInterface,Description.
dsl-modem,ML620R-MIB,uPnPConfigurationApply,1.3.6.1.4.1.5468.510.2.9.2.1.1.5,column,enum,,,,read-write,yes,no,uPnPConfigurationApply,Description.
dsl-modem,ML620R-MIB,upnpsIndex,1.3.6.1.4.1.5468.510.2.9.2.2.1.1,column,integer,,,,read-only,no,no,upnpsIndex,Description.
dsl-modem,ML620R-MIB,uPnPDescription,1.3.6.1.4.1.5468.510.2.9.2.2.1.2,column,string,,,,read-only,no,no,uPnPDescription,Description.
dsl-modem,ML620R-MIB,uPnPProtocol,1.3.6.1.4.1.5468.510.2.9.2.2.1.3,column,string,,,,read-only,no,no,uPnPProtocol,Description.
dsl-modem,ML620R-MIB,uPnPExternPort,1.3.6.1.4.1.5468.510.2.9.2.2.1.4,column,string,,,,read-only,no,no,uPnPExternPort,Description.
dsl-modem,ML620R-MIB,uPnPLocalIP,1.3.6.1.4.1.5468.510.2.9.2.2.1.5,column,string,,,,read-only,no,no,uPnPLocalIP,Description.
dsl-modem,ML620R-MIB,uPnPLocalPort,1.3.6.1.4.1.5468.510.2.9.2.2.1.6,column,string,,,,read-only,no,no,uPnPLocalPort,Description.
dsl-modem,ML620R-MIB,uPnPStatus,1.3.6.1.4.1.5468.510.2.9.2.2.1.7,column,integer,,,,read-only,no,no,uPnPStatus,Description.
dsl-modem,ML620R-MIB,interface,1.3.6.1.4.1.5468.510.2.10.1.1,scalar,string,,,,read-write,yes,no,interface,Description.
dsl-modem,ML620R-MIB,defaultSetting,1.3.6.1.4.1.5468.510.2.10.1.2,scalar,enum,,,,read-write,yes,no,defaultSetting,Description.
dsl-modem,ML620R-MIB,ipFilterIndex,1.3.6.1.4.1.5468.510.2.10.2.1.1,column,integer,,,,read-write,yes,no,ipFilterIndex,Description.
dsl-modem,ML620R-MIB,ipFilterSourceIPStart,1.3.6.1.4.1.5468.510.2.10.2.1.2,column,ipv4-address,,,,read-write,yes,no,ipFilterSourceIPStart,Description.
dsl-modem,ML620R-MIB,ipFilterSourceIPEnd,1.3.6.1.4.1.5468.510.2.10.2.1.3,column,ipv4-address,,,,read-write,yes,no,ipFilterSourceIPEnd,Description.
dsl-modem,ML620R-MIB,ipFilterSourcePortStart,1.3.6.1.4.1.5468.510.2.10.2.1.4,column,integer,,,,read-write,yes,no,ipFilterSourcePortStart,Description.
dsl-modem,ML620R-MIB,ipFilterSourcePortEnd,1.3.6.1.4.1.5468.510.2.10.2.1.5,column,integer,,,,read-write,yes,no,ipFilterSourcePortEnd,Description.
dsl-modem,ML620R-MIB,ipFilterDestinationIPStart,1.3.6.1.4.1.5468.510.2.10.2.1.6,column,ipv4-address,,,,read-write,yes,no,ipFilterDestinationIPStart,Description.
dsl-modem,ML620R-MIB,ipFilterDestinationIPEnd,1.3.6.1.4.1.5468.510.2.10.2.1.7,column,ipv4-address,,,,read-write,yes,no,ipFilterDestinationIPEnd,Description.
dsl-modem,ML620R-MIB,ipFilterDestinationPortStart,1.3.6.1.4.1.5468.510.2.10.2.1.8,column,integer,,,,read-write,yes,no,ipFilterDestinationPortStart,Description.
dsl-modem,ML620R-MIB,ipFilterDestinationPortEnd,1.3.6.1.4.1.5468.510.2.10.2.1.9,column,integer,,,,read-write,yes,no,ipFilterDestinationPortEnd,Description.
dsl-modem,ML620R-MIB,ipFilterProtocol,1.3.6.1.4.1.5468.510.2.10.2.1.10,column,enum,,,,read-write,yes,no,ipFilterProtocol,Description.
dsl-modem,ML620R-MIB,ipFilter,1.3.6.1.4.1.5468.510.2.10.2.1.11,column,enum,,,,read-write,yes,no,ipFilter,Description.
dsl-modem,ML620R-MIB,ipFilterAction,1.3.6.1.4.1.5468.510.2.10.2.1.12,column,enum,,,,read-write,yes,no,ipFilterAction,Description.
dsl-modem,ML620R-MIB,macFilterIndex,1.3.6.1.4.1.5468.510.2.10.3.1.1,column,integer,,,,read-write,yes,no,macFilterIndex,Description.
dsl-modem,ML620R-MIB,macFilterAddress,1.3.6.1.4.1.5468.510.2.10.3.1.2,column,mac-address,PhysAddress,,,read-write,yes,no,macFilterAddress,Description.
dsl-modem,ML620R-MIB,macFilter,1.3.6.1.4.1.5468.510.2.10.3.1.3,column,enum,,,,read-write,yes,no,macFilter,Description.
dsl-modem,ML620R-MIB,macFilterAction,1.3.6.1.4.1.5468.510.2.10.3.1.4,column,enum,,,,read-write,yes,no,macFilterAction,Description.
dsl-modem,ML620R-MIB,domainFilterIndex,1.3.6.1.4.1.5468.510.2.10.4.1.1,column,integer,,,,read-write,yes,no,domainFilterIndex,Description.
dsl-modem,ML620R-MIB,domainName,1.3.6.1.4.1.5468.510.2.10.4.1.2,column,string,,,,read-write,yes,no,domainName,Description.
dsl-modem,ML620R-MIB,domainFilter,1.3.6.1.4.1.5468.510.2.10.4.1.3,column,enum,,,,read-write,yes,no,domainFilter,Description.
dsl-modem,ML620R-MIB,domainFilterAction,1.3.6.1.4.1.5468.510.2.10.4.1.4,column,enum,,,,read-write,yes,no,domainFilterAction,Description.
dsl-modem,ML620R-MIB,atmCPCSProtocol,1.3.6.1.4.1.5468.510.2.11.1.1,scalar,enum,,,,read-write,yes,no,atmCPCSProtocol,Description.
dsl-modem,ML620R-MIB,atmFilterMode,1.3.6.1.4.1.5468.510.2.11.1.2,scalar,enum,,,,read-write,yes,no,atmFilterMode,Description.
dsl-modem,ML620R-MIB,atmDefaultAction,1.3.6.1.4.1.5468.510.2.11.1.3,scalar,enum,,,,read-write,yes,no,atmDefaultAction,Description.
dsl-modem,ML620R-MIB,atmIndex,1.3.6.1.4.1.5468.510.2.11.2.1.1,column,integer,,,,read-only,no,no,atmIndex,Description.
dsl-modem,ML620R-MIB,vid,1.3.6.1.4.1.5468.510.2.11.2.1.2,column,integer,,,,read-write,yes,no,vid,Description.
dsl-modem,ML620R-MIB,vpi,1.3.6.1.4.1.5468.510.2.11.2.1.3,column,integer,,,,read-write,yes,no,vpi,Description.
dsl-modem,ML620R-MIB,vci,1.3.6.1.4.1.5468.510.2.11.2.1.4,column,integer,,,,read-write,yes,no,vci,Description.
dsl-modem,ML620R-MIB,staticIndex,1.3.6.1.4.1.5468.510.2.12.1.1,column,integer,,,,read-only,no,no,staticIndex,Define xxth VC.
dsl-modem,ML620R-MIB,staticNetwork,1.3.6.1.4.1.5468.510.2.12.1.2,column,ipv4-address,,,,read-write,yes,no,staticNetwork,WAN port ISP Name.
dsl-modem,ML620R-MIB,staticSubnetmask,1.3.6.1.4.1.5468.510.2.12.1.3,column,ipv4-address,,,,read-write,yes,no,staticSubnetmask,Range is from 0 to 8
dsl-modem,ML620R-MIB,staticGateWay,1.3.6.1.4.1.5468.510.2.12.1.4,column,ipv4-address,,,,read-write,yes,no,staticGateWay,Range is from 32 to 4096
dsl-modem,ML620R-MIB,staticActive,1.3.6.1.4.1.5468.510.2.12.1.5,column,enum,,,,read-write,yes,no,staticActive,Define xxth VC.
dsl-modem,ML620R-MIB,staticRoutingStatus,1.3.6.1.4.1.5468.510.2.12.1.6,column,enum,,,,read-write,yes,no,staticRoutingStatus,Description.
dsl-modem,ML620R-MIB,snmpconf,1.3.6.1.4.1.5468.510.2.13.1.1.1,scalar,enum,,,,read-write,yes,no,snmpconf,Description.
dsl-modem,ML620R-MIB,readOnlyCommunity,1.3.6.1.4.1.5468.510.2.13.1.1.2,scalar,string,,,,read-write,yes,no,readOnlyCommunity,Description.
dsl-modem,ML620R-MIB,readWriteCommunity,1.3.6.1.4.1.5468.510.2.13.1.1.3,scalar,string,,,,read-write,yes,no,readWriteCommunity,Description.
dsl-modem,ML620R-MIB,trapCommunity,1.3.6.1.4.1.5468.510.2.13.1.1.4,scalar,string,,,,read-write,yes,no,trapCommunity,Description.
dsl-modem,ML620R-MIB,username,1.3.6.1.4.1.5468.510.2.13.1.1.5,scalar,string,,,,read-write,yes,no,username,Description.
dsl-modem,ML620R-MIB,passwordMD5,1.3.6.1.4.1.5468.510.2.13.1.1.6,scalar,string,,,,read-write,yes,no,passwordMD5,Description.
dsl-modem,ML620R-MIB,passwordDES,1.3.6.1.4.1.5468.510.2.13.1.1.7,scalar,string,,,,read-write,yes,no,passwordDES,Description.
dsl-modem,ML620R-MIB,trapIndex,1.3.6.1.4.1.5468.510.2.13.1.2.1.1,column,integer,,,,read-only,no,no,trapIndex,Description.
dsl-modem,ML620R-MIB,descrIption,1.3.6.1.4.1.5468.510.2.13.1.2.1.2,column,string,,,,read-write,yes,no,descrIption,Description.
dsl-modem,ML620R-MIB,version,1.3.6.1.4.1.5468.510.2.13.1.2.1.3,column,enum,,,,read-write,yes,no,version,SNMP version.
dsl-modem,ML620R-MIB,ipv4RemoteTrapSer,1.3.6.1.4.1.5468.510.2.13.1.2.1.4,column,ipv4-address,,,,read-write,yes,no,ipv4RemoteTrapSer,Set TRAP server IP address.
dsl-modem,ML620R-MIB,trapOption,1.3.6.1.4.1.5468.510.2.13.1.2.1.5,column,enum,,,,read-write,yes,no,trapOption,Delete or create TRAP server.
dsl-modem,ML620R-MIB,trapStatus,1.3.6.1.4.1.5468.510.2.13.1.2.1.6,column,enum,,,,read-only,no,no,trapStatus,TRAP status.
dsl-modem,ML620R-MIB,trapOccurredTimestamp,1.3.6.1.4.1.5468.510.3.7,scalar,string,,,,read-only,no,no,trapOccurredTimestamp,trap notification when system is synchronous.
dsl-modem,ML620R-MIB,dslTrapIndex,1.3.6.1.4.1.5468.510.3.8,scalar,integer,,,,read-write,yes,no,dslTrapIndex,Description.
dsl-modem,ML620R-MIB,dslTrapStatus,1.3.6.1.4.1.5468.510.3.9,scalar,enum,,,,read-write,yes,no,dslTrapStatus,Description.
dsl-modem,ML620R-MIB,rebootDevice,1.3.6.1.4.1.5468.510.4.1,scalar,enum,,,,read-write,yes,no,rebootDevice,Description.
dsl-modem,ML620R-MIB,saveConfiguration,1.3.6.1.4.1.5468.510.4.2,scalar,enum,,,,read-write,yes,no,saveConfiguration,Description.
dsl-modem,ML620R-MIB,factoryDefault,1.3.6.1.4.1.5468.510.4.3,scalar,enum,,,,read-write,yes,no,factoryDefault,Description.
dsl-modem,ML620R-MIB,ftpServerIP,1.3.6.1.4.1.5468.510.4.4.1,scalar,ipv4-address,,,,read-write,yes,no,ftpServerIP,Description.
dsl-modem,ML620R-MIB,ftpUser,1.3.6.1.4.1.5468.510.4.4.2,scalar,string,,,,read-write,yes,no,ftpUser,Description.
dsl-modem,ML620R-MIB,ftpPassword,1.3.6.1.4.1.5468.510.4.4.3,scalar,string,,,,read-write,yes,no,ftpPassword,Description.
dsl-modem,ML620R-MIB,pcConfigrationFile,1.3.6.1.4.1.5468.510.4.4.4.1,scalar,string,,,,read-write,yes,no,pcConfigrationFile,Description.
dsl-modem,ML620R-MIB,loadConfigurationFile,1.3.6.1.4.1.5468.510.4.4.4.2,scalar,enum,,,,read-write,yes,no,loadConfigurationFile,Description.
dsl-modem,ML620R-MIB,updatestatus,1.3.6.1.4.1.5468.510.4.4.5.1,scalar,enum,,,,read-only,no,no,updatestatus,Description.
dsl-modem,ML620R-MIB,updatefirmname,1.3.6.1.4.1.5468.510.4.4.5.2,scalar,string,,,,read-write,yes,no,updatefirmname,Description.
dsl-modem,ML620R-MIB,updatefirmware,1.3.6.1.4.1.5468.510.4.4.5.3,scalar,enum,,,,read-write,yes,no,updatefirmware,Description.
dsl-modem,HDSL2-SHDSL-LINE-MIB,hdsl2ShdslSpanConfNumRepeaters,1.3.6.1.2.1.10.48.1.1.1.1,column,unsigned32,,,,read-write,yes,no,hdsl2ShdslSpanConfNumRepeaters,This object provisions the number of repeaters/regenerators in this HDSL2/SHDSL span.
dsl-modem,HDSL2-SHDSL-LINE-MIB,hdsl2ShdslSpanConfProfile,1.3.6.1.2.1.10.48.1.1.1.2,column,textual-convention,SnmpAdminString,,,read-write,yes,no,hdsl2ShdslSpanConfProfile,"This object is a pointer to a span configuration profile in the hdsl2ShdslSpanConfProfileTable, which applies to this span. The value of this object i"
dsl-modem,HDSL2-SHDSL-LINE-MIB,hdsl2ShdslSpanConfAlarmProfile,1.3.6.1.2.1.10.48.1.1.1.3,column,textual-convention,SnmpAdminString,,,read-write,yes,no,hdsl2ShdslSpanConfAlarmProfile,This object is a pointer to an alarm configuration profile in the hdsl2ShdslEndpointAlarmConfProfileTable. The value of this object is the index of th
dsl-modem,HDSL2-SHDSL-LINE-MIB,hdsl2ShdslStatusNumAvailRepeaters,1.3.6.1.2.1.10.48.1.2.1.1,column,unsigned32,,,,read-only,no,no,hdsl2ShdslStatusNumAvailRepeaters,Contains the actual number of repeaters/regenerators discovered in this HDSL2/SHDSL span.
dsl-modem,HDSL2-SHDSL-LINE-MIB,hdsl2ShdslStatusMaxAttainableLineRate,1.3.6.1.2.1.10.48.1.2.1.2,column,unsigned32,,,,read-only,no,no,hdsl2ShdslStatusMaxAttainableLineRate,Contains the maximum attainable line rate in this HDSL2/SHDSL span. This object provides the maximum rate the line is capable of achieving. This is ba
dsl-modem,HDSL2-SHDSL-LINE-MIB,hdsl2ShdslStatusActualLineRate,1.3.6.1.2.1.10.48.1.2.1.3,column,unsigned32,,,,read-only,no,no,hdsl2ShdslStatusActualLineRate,Contains the actual line rate in this HDSL2/SHDSL span. This SHOULD equal ifSpeed. This rate includes payload (user data) and any applicable framing o
dsl-modem,HDSL2-SHDSL-LINE-MIB,hdsl2ShdslStatusTransmissionModeCurrent,1.3.6.1.2.1.10.48.1.2.1.4,column,textual-convention,Hdsl2ShdslTransmissionModeType,,,read-only,no,no,hdsl2ShdslStatusTransmissionModeCurrent,Contains the current Power Spectral Density (PSD) regional setting of the HDSL2/SHDSL span.
dsl-modem,HDSL2-SHDSL-LINE-MIB,hdsl2ShdslStatusMaxAttainablePayloadRate,1.3.6.1.2.1.10.48.1.2.1.5,column,unsigned32,,,,read-only,no,no,hdsl2ShdslStatusMaxAttainablePayloadRate,Contains the maximum attainable payload (user data) line rate in this HDSL2/SHDSL span. This object provides the maximum rate the line is capable of a
dsl-modem,HDSL2-SHDSL-LINE-MIB,hdsl2ShdslStatusActualPayloadRate,1.3.6.1.2.1.10.48.1.2.1.6,column,unsigned32,,,,read-only,no,no,hdsl2ShdslStatusActualPayloadRate,Contains the actual line rate in this HDSL2/SHDSL span. Any framing overhead is not included.
dsl-modem,HDSL2-SHDSL-LINE-MIB,hdsl2ShdslInvIndex,1.3.6.1.2.1.10.48.1.3.1.1,column,textual-convention,Hdsl2ShdslUnitId,,,not-accessible,no,yes,hdsl2ShdslInvIndex,Each entry in this table corresponds to a physical element in an HDSL2/SHDSL span. It is based on the EOC unit addressing scheme with reference to the
dsl-modem,HDSL2-SHDSL-LINE-MIB,hdsl2ShdslInvVendorID,1.3.6.1.2.1.10.48.1.3.1.2,column,string,,,,read-only,no,no,hdsl2ShdslInvVendorID,Vendor ID as reported in an Inventory Response message.
dsl-modem,HDSL2-SHDSL-LINE-MIB,hdsl2ShdslInvVendorModelNumber,1.3.6.1.2.1.10.48.1.3.1.3,column,string,,,,read-only,no,no,hdsl2ShdslInvVendorModelNumber,Vendor model number as reported in an Inventory Response message.
dsl-modem,HDSL2-SHDSL-LINE-MIB,hdsl2ShdslInvVendorSerialNumber,1.3.6.1.2.1.10.48.1.3.1.4,column,string,,,,read-only,no,no,hdsl2ShdslInvVendorSerialNumber,Vendor serial number as reported in an Inventory Response message.
dsl-modem,HDSL2-SHDSL-LINE-MIB,hdsl2ShdslInvVendorEOCSoftwareVersion,1.3.6.1.2.1.10.48.1.3.1.5,column,integer,,,,read-only,no,no,hdsl2ShdslInvVendorEOCSoftwareVersion,Vendor EOC version as reported in a Discovery Response message.
dsl-modem,HDSL2-SHDSL-LINE-MIB,hdsl2ShdslInvStandardVersion,1.3.6.1.2.1.10.48.1.3.1.6,column,integer,,,,read-only,no,no,hdsl2ShdslInvStandardVersion,"Version of the HDSL2/SHDSL standard implemented, as reported in an Inventory Response message."
dsl-modem,HDSL2-SHDSL-LINE-MIB,hdsl2ShdslInvVendorListNumber,1.3.6.1.2.1.10.48.1.3.1.7,column,string,,,,read-only,no,no,hdsl2ShdslInvVendorListNumber,Vendor list number as reported in an Inventory Response message.
dsl-modem,HDSL2-SHDSL-LINE-MIB,hdsl2ShdslInvVendorIssueNumber,1.3.6.1.2.1.10.48.1.3.1.8,column,string,,,,read-only,no,no,hdsl2ShdslInvVendorIssueNumber,Vendor issue number as reported in an Inventory Response message.
dsl-modem,HDSL2-SHDSL-LINE-MIB,hdsl2ShdslInvVendorSoftwareVersion,1.3.6.1.2.1.10.48.1.3.1.9,column,string,,,,read-only,no,no,hdsl2ShdslInvVendorSoftwareVersion,Vendor software version as reported in an Inventory Response message.
dsl-modem,HDSL2-SHDSL-LINE-MIB,hdsl2ShdslInvEquipmentCode,1.3.6.1.2.1.10.48.1.3.1.10,column,string,,,,read-only,no,no,hdsl2ShdslInvEquipmentCode,"Equipment code conforming to ANSI T1.213, Coded Identification of Equipment Entities."
dsl-modem,HDSL2-SHDSL-LINE-MIB,hdsl2ShdslInvVendorOther,1.3.6.1.2.1.10.48.1.3.1.11,column,string,,,,read-only,no,no,hdsl2ShdslInvVendorOther,Other vendor information as reported in an Inventory Response message.
dsl-modem,HDSL2-SHDSL-LINE-MIB,hdsl2ShdslInvTransmissionModeCapability,1.3.6.1.2.1.10.48.1.3.1.12,column,textual-convention,Hdsl2ShdslTransmissionModeType,,,read-only,no,no,hdsl2ShdslInvTransmissionModeCapability,Contains the transmission mode capability of the SHDSL unit.
dsl-modem,HDSL2-SHDSL-LINE-MIB,hdsl2ShdslEndpointSide,1.3.6.1.2.1.10.48.1.4.1.1,column,textual-convention,Hdsl2ShdslUnitSide,,,not-accessible,no,yes,hdsl2ShdslEndpointSide,The side of the unit associated with this segment endpoint -- Network/Customer side -- as per the Hdsl2ShdslUnitSide textual convention.
dsl-modem,HDSL2-SHDSL-LINE-MIB,hdsl2ShdslEndpointWirePair,1.3.6.1.2.1.10.48.1.4.1.2,column,textual-convention,Hdsl2ShdslWirePair,,,not-accessible,no,yes,hdsl2ShdslEndpointWirePair,The wire pair of the modem associated with this segment endpoint as per the Hdsl2ShdslWirePair textual convention.
dsl-modem,HDSL2-SHDSL-LINE-MIB,hdsl2ShdslEndpointAlarmConfProfile,1.3.6.1.2.1.10.48.1.4.1.3,column,textual-convention,SnmpAdminString,,,read-write,yes,no,hdsl2ShdslEndpointAlarmConfProfile,This object configures the alarm threshold values to be used for this segment endpoint. The values are obtained from the alarm configuration profile r
dsl-modem,HDSL2-SHDSL-LINE-MIB,hdsl2ShdslEndpointCurrAtn,1.3.6.1.2.1.10.48.1.5.1.1,column,integer,,,,read-only,no,no,hdsl2ShdslEndpointCurrAtn,The current loop attenuation for this endpoint as reported in a Network or Customer Side Performance Status message.
dsl-modem,HDSL2-SHDSL-LINE-MIB,hdsl2ShdslEndpointCurrSnrMgn,1.3.6.1.2.1.10.48.1.5.1.2,column,integer,,,,read-only,no,no,hdsl2ShdslEndpointCurrSnrMgn,The current SNR margin for this endpoint as reported in a Status Response/SNR message.
dsl-modem,HDSL2-SHDSL-LINE-MIB,hdsl2ShdslEndpointCurrStatus,1.3.6.1.2.1.10.48.1.5.1.3,column,string,,,,read-only,no,no,hdsl2ShdslEndpointCurrStatus,Contains the current state of the endpoint. This is a bit-map of possible conditions. The various bit positions are as follows: noDefect There are no
dsl-modem,HDSL2-SHDSL-LINE-MIB,hdsl2ShdslEndpointES,1.3.6.1.2.1.10.48.1.5.1.4,column,counter32,,count,SMI type counter32,read-only,no,no,hdsl2ShdslEndpointES,Count of Errored Seconds (ES) on this endpoint since the xU was last restarted.
dsl-modem,HDSL2-SHDSL-LINE-MIB,hdsl2ShdslEndpointSES,1.3.6.1.2.1.10.48.1.5.1.5,column,counter32,,count,SMI type counter32,read-only,no,no,hdsl2ShdslEndpointSES,Count of Severely Errored Seconds (SES) on this endpoint since the xU was last restarted.
dsl-modem,HDSL2-SHDSL-LINE-MIB,hdsl2ShdslEndpointCRCanomalies,1.3.6.1.2.1.10.48.1.5.1.6,column,counter32,,count,SMI type counter32,read-only,no,no,hdsl2ShdslEndpointCRCanomalies,Count of CRC anomalies on this endpoint since the xU was last restarted.
dsl-modem,HDSL2-SHDSL-LINE-MIB,hdsl2ShdslEndpointLOSWS,1.3.6.1.2.1.10.48.1.5.1.7,column,counter32,,count,SMI type counter32,read-only,no,no,hdsl2ShdslEndpointLOSWS,Count of Loss of Sync Word (LOSW) Seconds on this endpoint since the xU was last restarted.
dsl-modem,HDSL2-SHDSL-LINE-MIB,hdsl2ShdslEndpointUAS,1.3.6.1.2.1.10.48.1.5.1.8,column,counter32,,count,SMI type counter32,read-only,no,no,hdsl2ShdslEndpointUAS,Count of Unavailable Seconds (UAS) on this endpoint since the xU was last restarted.
dsl-modem,HDSL2-SHDSL-LINE-MIB,hdsl2ShdslEndpointCurr15MinTimeElapsed,1.3.6.1.2.1.10.48.1.5.1.9,column,textual-convention,Hdsl2ShdslPerfTimeElapsed,seconds,textual convention Hdsl2ShdslPerfTimeElapsed,read-only,no,no,hdsl2ShdslEndpointCurr15MinTimeElapsed,Total elapsed seconds in the current 15-minute interval.
dsl-modem,HDSL2-SHDSL-LINE-MIB,hdsl2ShdslEndpointCurr15MinES,1.3.6.1.2.1.10.48.1.5.1.10,column,textual-convention,PerfCurrentCount,count,textual convention PerfCurrentCount,read-only,no,no,hdsl2ShdslEndpointCurr15MinES,Count of Errored Seconds (ES) in the current 15-minute interval.
dsl-modem,HDSL2-SHDSL-LINE-MIB,hdsl2ShdslEndpointCurr15MinSES,1.3.6.1.2.1.10.48.1.5.1.11,column,textual-convention,PerfCurrentCount,count,textual convention PerfCurrentCount,read-only,no,no,hdsl2ShdslEndpointCurr15MinSES,Count of Severely Errored Seconds (SES) in the current 15-minute interval.
dsl-modem,HDSL2-SHDSL-LINE-MIB,hdsl2ShdslEndpointCurr15MinCRCanomalies,1.3.6.1.2.1.10.48.1.5.1.12,column,textual-convention,PerfCurrentCount,count,textual convention PerfCurrentCount,read-only,no,no,hdsl2ShdslEndpointCurr15MinCRCanomalies,Count of CRC anomalies in the current 15-minute interval.
dsl-modem,HDSL2-SHDSL-LINE-MIB,hdsl2ShdslEndpointCurr15MinLOSWS,1.3.6.1.2.1.10.48.1.5.1.13,column,textual-convention,PerfCurrentCount,count,textual convention PerfCurrentCount,read-only,no,no,hdsl2ShdslEndpointCurr15MinLOSWS,Count of Loss of Sync Word (LOSW) Seconds in the current 15-minute interval.
dsl-modem,HDSL2-SHDSL-LINE-MIB,hdsl2ShdslEndpointCurr15MinUAS,1.3.6.1.2.1.10.48.1.5.1.14,column,textual-convention,PerfCurrentCount,count,textual convention PerfCurrentCount,read-only,no,no,hdsl2ShdslEndpointCurr15MinUAS,Count of Unavailable Seconds (UAS) in the current 15-minute interval.
dsl-modem,HDSL2-SHDSL-LINE-MIB,hdsl2ShdslEndpointCurr1DayTimeElapsed,1.3.6.1.2.1.10.48.1.5.1.15,column,textual-convention,Hdsl2ShdslPerfTimeElapsed,seconds,textual convention Hdsl2ShdslPerfTimeElapsed,read-only,no,no,hdsl2ShdslEndpointCurr1DayTimeElapsed,Number of seconds that have elapsed since the beginning of the current 1-day interval.
dsl-modem,HDSL2-SHDSL-LINE-MIB,hdsl2ShdslEndpointCurr1DayES,1.3.6.1.2.1.10.48.1.5.1.16,column,textual-convention,Hdsl2ShdslPerfCurrDayCount,count,textual convention Hdsl2ShdslPerfCurrDayCount,read-only,no,no,hdsl2ShdslEndpointCurr1DayES,Count of Errored Seconds (ES) during the current day as measured by hdsl2ShdslEndpointCurr1DayTimeElapsed.
dsl-modem,HDSL2-SHDSL-LINE-MIB,hdsl2ShdslEndpointCurr1DaySES,1.3.6.1.2.1.10.48.1.5.1.17,column,textual-convention,Hdsl2ShdslPerfCurrDayCount,count,textual convention Hdsl2ShdslPerfCurrDayCount,read-only,no,no,hdsl2ShdslEndpointCurr1DaySES,Count of Severely Errored Seconds (SES) during the current day as measured by hdsl2ShdslEndpointCurr1DayTimeElapsed.
dsl-modem,HDSL2-SHDSL-LINE-MIB,hdsl2ShdslEndpointCurr1DayCRCanomalies,1.3.6.1.2.1.10.48.1.5.1.18,column,textual-convention,Hdsl2ShdslPerfCurrDayCount,count,textual convention Hdsl2ShdslPerfCurrDayCount,read-only,no,no,hdsl2ShdslEndpointCurr1DayCRCanomalies,Count of CRC anomalies during the current day as measured by hdsl2ShdslEndpointCurr1DayTimeElapsed.
dsl-modem,HDSL2-SHDSL-LINE-MIB,hdsl2ShdslEndpointCurr1DayLOSWS,1.3.6.1.2.1.10.48.1.5.1.19,column,textual-convention,Hdsl2ShdslPerfCurrDayCount,count,textual convention Hdsl2ShdslPerfCurrDayCount,read-only,no,no,hdsl2ShdslEndpointCurr1DayLOSWS,Count of Loss of Sync Word (LOSW) Seconds during the current day as measured by hdsl2ShdslEndpointCurr1DayTimeElapsed.
dsl-modem,HDSL2-SHDSL-LINE-MIB,hdsl2ShdslEndpointCurr1DayUAS,1.3.6.1.2.1.10.48.1.5.1.20,column,textual-convention,Hdsl2ShdslPerfCurrDayCount,count,textual convention Hdsl2ShdslPerfCurrDayCount,read-only,no,no,hdsl2ShdslEndpointCurr1DayUAS,Count of Unavailable Seconds (UAS) during the current day as measured by hdsl2ShdslEndpointCurr1DayTimeElapsed.
dsl-modem,HDSL2-SHDSL-LINE-MIB,hdsl2ShdslEndpointCurrTipRingReversal,1.3.6.1.2.1.10.48.1.5.1.21,column,boolean-enum,,,,read-only,no,no,hdsl2ShdslEndpointCurrTipRingReversal,This object indicates the state of the tip/ring for the wire pair.
dsl-modem,HDSL2-SHDSL-LINE-MIB,hdsl2ShdslEndpointCurrActivationState,1.3.6.1.2.1.10.48.1.5.1.22,column,enum,,,,read-only,no,no,hdsl2ShdslEndpointCurrActivationState,This object indicates the activation or training state of the wire pair.
dsl-modem,HDSL2-SHDSL-LINE-MIB,hdsl2Shdsl15MinIntervalNumber,1.3.6.1.2.1.10.48.1.6.1.1,column,unsigned32,,hours,description text,not-accessible,no,yes,hdsl2Shdsl15MinIntervalNumber,Performance Data Interval number. Interval 1 is the most recent previous interval; interval 96 is 24 hours ago. Intervals 2..96 are optional.
dsl-modem,HDSL2-SHDSL-LINE-MIB,hdsl2Shdsl15MinIntervalES,1.3.6.1.2.1.10.48.1.6.1.2,column,textual-convention,PerfIntervalCount,count,textual convention PerfIntervalCount,read-only,no,no,hdsl2Shdsl15MinIntervalES,Count of Errored Seconds (ES) during the interval.
dsl-modem,HDSL2-SHDSL-LINE-MIB,hdsl2Shdsl15MinIntervalSES,1.3.6.1.2.1.10.48.1.6.1.3,column,textual-convention,PerfIntervalCount,count,textual convention PerfIntervalCount,read-only,no,no,hdsl2Shdsl15MinIntervalSES,Count of Severely Errored Seconds (SES) during the interval.
dsl-modem,HDSL2-SHDSL-LINE-MIB,hdsl2Shdsl15MinIntervalCRCanomalies,1.3.6.1.2.1.10.48.1.6.1.4,column,textual-convention,PerfIntervalCount,count,textual convention PerfIntervalCount,read-only,no,no,hdsl2Shdsl15MinIntervalCRCanomalies,Count of CRC anomalies during the interval.
dsl-modem,HDSL2-SHDSL-LINE-MIB,hdsl2Shdsl15MinIntervalLOSWS,1.3.6.1.2.1.10.48.1.6.1.5,column,textual-convention,PerfIntervalCount,count,textual convention PerfIntervalCount,read-only,no,no,hdsl2Shdsl15MinIntervalLOSWS,Count of Loss of Sync Word (LOSW) Seconds during the interval.
dsl-modem,HDSL2-SHDSL-LINE-MIB,hdsl2Shdsl15MinIntervalUAS,1.3.6.1.2.1.10.48.1.6.1.6,column,textual-convention,PerfIntervalCount,count,textual convention PerfIntervalCount,read-only,no,no,hdsl2Shdsl15MinIntervalUAS,Count of Unavailable Seconds (UAS) during the interval.
dsl-modem,HDSL2-SHDSL-LINE-MIB,hdsl2Shdsl1DayIntervalNumber,1.3.6.1.2.1.10.48.1.7.1.1,column,unsigned32,,days,description text,not-accessible,no,yes,hdsl2Shdsl1DayIntervalNumber,History Data Interval number. Interval 1 is the most recent previous day; interval 30 is 30 days ago. Intervals 2..30 are optional.
dsl-modem,HDSL2-SHDSL-LINE-MIB,hdsl2Shdsl1DayIntervalMoniSecs,1.3.6.1.2.1.10.48.1.7.1.2,column,textual-convention,Hdsl2ShdslPerfTimeElapsed,seconds,textual convention Hdsl2ShdslPerfTimeElapsed,read-only,no,no,hdsl2Shdsl1DayIntervalMoniSecs,The amount of time in the 1-day interval over which the performance monitoring information is actually counted. This value will be the same as the int
dsl-modem,HDSL2-SHDSL-LINE-MIB,hdsl2Shdsl1DayIntervalES,1.3.6.1.2.1.10.48.1.7.1.3,column,textual-convention,Hdsl2Shdsl1DayIntervalCount,count,textual convention Hdsl2Shdsl1DayIntervalCount,read-only,no,no,hdsl2Shdsl1DayIntervalES,Count of Errored Seconds (ES) during the 1-day interval as measured by hdsl2Shdsl1DayIntervalMoniSecs.
dsl-modem,HDSL2-SHDSL-LINE-MIB,hdsl2Shdsl1DayIntervalSES,1.3.6.1.2.1.10.48.1.7.1.4,column,textual-convention,Hdsl2Shdsl1DayIntervalCount,count,textual convention Hdsl2Shdsl1DayIntervalCount,read-only,no,no,hdsl2Shdsl1DayIntervalSES,Count of Severely Errored Seconds (SES) during the 1-day interval as measured by hdsl2Shdsl1DayIntervalMoniSecs.
dsl-modem,HDSL2-SHDSL-LINE-MIB,hdsl2Shdsl1DayIntervalCRCanomalies,1.3.6.1.2.1.10.48.1.7.1.5,column,textual-convention,Hdsl2Shdsl1DayIntervalCount,count,textual convention Hdsl2Shdsl1DayIntervalCount,read-only,no,no,hdsl2Shdsl1DayIntervalCRCanomalies,Count of CRC anomalies during the 1-day interval as measured by hdsl2Shdsl1DayIntervalMoniSecs.
dsl-modem,HDSL2-SHDSL-LINE-MIB,hdsl2Shdsl1DayIntervalLOSWS,1.3.6.1.2.1.10.48.1.7.1.6,column,textual-convention,Hdsl2Shdsl1DayIntervalCount,count,textual convention Hdsl2Shdsl1DayIntervalCount,read-only,no,no,hdsl2Shdsl1DayIntervalLOSWS,Count of Loss of Sync Word (LOSW) Seconds during the 1-day interval as measured by hdsl2Shdsl1DayIntervalMoniSecs.
dsl-modem,HDSL2-SHDSL-LINE-MIB,hdsl2Shdsl1DayIntervalUAS,1.3.6.1.2.1.10.48.1.7.1.7,column,textual-convention,Hdsl2Shdsl1DayIntervalCount,count,textual convention Hdsl2Shdsl1DayIntervalCount,read-only,no,no,hdsl2Shdsl1DayIntervalUAS,Count of Unavailable Seconds (UAS) during the 1-day interval as measured by hdsl2Shdsl1DayIntervalMoniSecs.
dsl-modem,HDSL2-SHDSL-LINE-MIB,hdsl2ShdslMaintLoopbackConfig,1.3.6.1.2.1.10.48.1.8.1.1,column,enum,,,,read-write,yes,no,hdsl2ShdslMaintLoopbackConfig,This object controls configuration of loopbacks for the associated segment endpoint. The status of the loopback is obtained via the hdsl2ShdslEndpoint
dsl-modem,HDSL2-SHDSL-LINE-MIB,hdsl2ShdslMaintTipRingReversal,1.3.6.1.2.1.10.48.1.8.1.2,column,boolean-enum,,,,read-only,no,no,hdsl2ShdslMaintTipRingReversal,This object indicates the state of the tip/ring pair at the associated segment endpoint.
dsl-modem,HDSL2-SHDSL-LINE-MIB,hdsl2ShdslMaintPowerBackOff,1.3.6.1.2.1.10.48.1.8.1.3,column,boolean-enum,,,,read-write,yes,no,hdsl2ShdslMaintPowerBackOff,This object configures the receiver at the associated segment endpoint to operate in default or enhanced power backoff mode.
dsl-modem,HDSL2-SHDSL-LINE-MIB,hdsl2ShdslMaintSoftRestart,1.3.6.1.2.1.10.48.1.8.1.4,column,boolean-enum,,,,read-write,yes,no,hdsl2ShdslMaintSoftRestart,This object enables the manager to trigger a soft restart of the modem at the associated segment endpoint. The manager may only set this object to the
dsl-modem,HDSL2-SHDSL-LINE-MIB,hdsl2ShdslMaintLoopbackTimeout,1.3.6.1.2.1.10.48.1.9.1.1,column,integer,,,,read-write,yes,no,hdsl2ShdslMaintLoopbackTimeout,This object configures the timeout value for loopbacks initiated at segments endpoints contained in the associated unit. A value of 0 disables the tim
dsl-modem,HDSL2-SHDSL-LINE-MIB,hdsl2ShdslMaintUnitPowerSource,1.3.6.1.2.1.10.48.1.9.1.2,column,boolean-enum,,,,read-only,no,no,hdsl2ShdslMaintUnitPowerSource,This object indicates the DC power source being used by the associated unit.
dsl-modem,HDSL2-SHDSL-LINE-MIB,hdsl2ShdslSpanConfProfileName,1.3.6.1.2.1.10.48.1.10.1.1,column,textual-convention,SnmpAdminString,,,not-accessible,no,yes,hdsl2ShdslSpanConfProfileName,This object is the unique index associated with this profile. Entries in this table are referenced via the object hdsl2ShdslSpanConfProfile in Hdsl2Sh
dsl-modem,HDSL2-SHDSL-LINE-MIB,hdsl2ShdslSpanConfWireInterface,1.3.6.1.2.1.10.48.1.10.1.2,column,enum,,,,read-create,yes,no,hdsl2ShdslSpanConfWireInterface,"This object configures the two-wire or optional four-wire, six-wire, or eight-wire operation for SHDSL lines."
dsl-modem,HDSL2-SHDSL-LINE-MIB,hdsl2ShdslSpanConfMinLineRate,1.3.6.1.2.1.10.48.1.10.1.3,column,unsigned32,,seconds,description text,read-create,yes,no,hdsl2ShdslSpanConfMinLineRate,This object configures the minimum transmission rate for the associated SHDSL Line in bits-per-second (bps) and includes both payload (user data) and
dsl-modem,HDSL2-SHDSL-LINE-MIB,hdsl2ShdslSpanConfMaxLineRate,1.3.6.1.2.1.10.48.1.10.1.4,column,unsigned32,,seconds,description text,read-create,yes,no,hdsl2ShdslSpanConfMaxLineRate,This object configures the maximum transmission rate for the associated SHDSL Line in bits-per-second (bps) and includes both payload (user data) and
dsl-modem,HDSL2-SHDSL-LINE-MIB,hdsl2ShdslSpanConfPSD,1.3.6.1.2.1.10.48.1.10.1.5,column,boolean-enum,,,,read-create,yes,no,hdsl2ShdslSpanConfPSD,This object configures use of symmetric/asymmetric PSD (Power Spectral Density) Mask for the associated SHDSL Line. Support for symmetric PSD is manda
dsl-modem,HDSL2-SHDSL-LINE-MIB,hdsl2ShdslSpanConfTransmissionMode,1.3.6.1.2.1.10.48.1.10.1.6,column,textual-convention,Hdsl2ShdslTransmissionModeType,,,read-create,yes,no,hdsl2ShdslSpanConfTransmissionMode,This object specifies the regional setting for the SHDSL line.
dsl-modem,HDSL2-SHDSL-LINE-MIB,hdsl2ShdslSpanConfRemoteEnabled,1.3.6.1.2.1.10.48.1.10.1.7,column,boolean-enum,,,,read-create,yes,no,hdsl2ShdslSpanConfRemoteEnabled,This object enables/disables support for remote management of the units in an SHDSL line from the STU-R via the EOC.
dsl-modem,HDSL2-SHDSL-LINE-MIB,hdsl2ShdslSpanConfPowerFeeding,1.3.6.1.2.1.10.48.1.10.1.8,column,enum,,,,read-create,yes,no,hdsl2ShdslSpanConfPowerFeeding,This object enables/disables support for optional power feeding in an SHDSL line.
dsl-modem,HDSL2-SHDSL-LINE-MIB,hdsl2ShdslSpanConfCurrCondTargetMarginDown,1.3.6.1.2.1.10.48.1.10.1.9,column,integer,,,,read-create,yes,no,hdsl2ShdslSpanConfCurrCondTargetMarginDown,This object specifies the downstream current condition target SNR margin for an SHDSL line. The SNR margin is the difference between the desired SNR a
dsl-modem,HDSL2-SHDSL-LINE-MIB,hdsl2ShdslSpanConfWorstCaseTargetMarginDown,1.3.6.1.2.1.10.48.1.10.1.10,column,integer,,,,read-create,yes,no,hdsl2ShdslSpanConfWorstCaseTargetMarginDown,This object specifies the downstream worst-case target SNR margin for an SHDSL line. The SNR margin is the difference between the desired SNR and the
dsl-modem,HDSL2-SHDSL-LINE-MIB,hdsl2ShdslSpanConfCurrCondTargetMarginUp,1.3.6.1.2.1.10.48.1.10.1.11,column,integer,,,,read-create,yes,no,hdsl2ShdslSpanConfCurrCondTargetMarginUp,This object specifies the upstream current-condition target SNR margin for an SHDSL line. The SNR margin is the difference between the desired SNR and
dsl-modem,HDSL2-SHDSL-LINE-MIB,hdsl2ShdslSpanConfWorstCaseTargetMarginUp,1.3.6.1.2.1.10.48.1.10.1.12,column,integer,,,,read-create,yes,no,hdsl2ShdslSpanConfWorstCaseTargetMarginUp,This object specifies the upstream worst-case target SNR margin for an SHDSL line. The SNR margin is the difference between the desired SNR and the ac
dsl-modem,HDSL2-SHDSL-LINE-MIB,hdsl2ShdslSpanConfUsedTargetMargins,1.3.6.1.2.1.10.48.1.10.1.13,column,string,,,,read-create,yes,no,hdsl2ShdslSpanConfUsedTargetMargins,Indicates whether a target SNR margin is enabled or disabled. This is a bit-map of possible settings. The various bit positions are as follows: currCo
dsl-modem,HDSL2-SHDSL-LINE-MIB,hdsl2ShdslSpanConfReferenceClock,1.3.6.1.2.1.10.48.1.10.1.14,column,textual-convention,Hdsl2ShdslClockReferenceType,,,read-create,yes,no,hdsl2ShdslSpanConfReferenceClock,This object configures the clock reference for the STU-C in an SHDSL Line.
dsl-modem,HDSL2-SHDSL-LINE-MIB,hdsl2ShdslSpanConfLineProbeEnable,1.3.6.1.2.1.10.48.1.10.1.15,column,boolean-enum,,,,read-create,yes,no,hdsl2ShdslSpanConfLineProbeEnable,"This object enables/disables support for Line Probe of the units in an SHDSL line. When Line Probe is enabled, the system performs Line Probing to fin"
dsl-modem,HDSL2-SHDSL-LINE-MIB,hdsl2ShdslSpanConfProfileRowStatus,1.3.6.1.2.1.10.48.1.10.1.16,column,textual-convention,RowStatus,,,read-create,yes,no,hdsl2ShdslSpanConfProfileRowStatus,This object controls creation/deletion of the associated entry in this table per the semantics of RowStatus. If an active entry is referenced in hdsl2
dsl-modem,HDSL2-SHDSL-LINE-MIB,hdsl2ShdslEndpointAlarmConfProfileName,1.3.6.1.2.1.10.48.1.11.1.1,column,textual-convention,SnmpAdminString,,,not-accessible,no,yes,hdsl2ShdslEndpointAlarmConfProfileName,This object is the unique index associated with this profile.
dsl-modem,HDSL2-SHDSL-LINE-MIB,hdsl2ShdslEndpointThreshLoopAttenuation,1.3.6.1.2.1.10.48.1.11.1.2,column,integer,,,,read-create,yes,no,hdsl2ShdslEndpointThreshLoopAttenuation,"This object configures the loop attenuation alarm threshold. When the current value of hdsl2ShdslEndpointCurrAtn reaches or exceeds this threshold, an"
dsl-modem,HDSL2-SHDSL-LINE-MIB,hdsl2ShdslEndpointThreshSNRMargin,1.3.6.1.2.1.10.48.1.11.1.3,column,integer,,,,read-create,yes,no,hdsl2ShdslEndpointThreshSNRMargin,"This object configures the SNR margin alarm threshold. When the current value of hdsl2ShdslEndpointCurrSnrMgn reaches or drops below this threshold, a"
dsl-modem,HDSL2-SHDSL-LINE-MIB,hdsl2ShdslEndpointThreshES,1.3.6.1.2.1.10.48.1.11.1.4,column,textual-convention,Hdsl2ShdslPerfIntervalThreshold,seconds,description text,read-create,yes,no,hdsl2ShdslEndpointThreshES,This object configures the threshold for the number of Errored Seconds (ES) within any given 15-minute performance data collection interval. If the va
dsl-modem,HDSL2-SHDSL-LINE-MIB,hdsl2ShdslEndpointThreshSES,1.3.6.1.2.1.10.48.1.11.1.5,column,textual-convention,Hdsl2ShdslPerfIntervalThreshold,seconds,description text,read-create,yes,no,hdsl2ShdslEndpointThreshSES,This object configures the threshold for the number of Severely Errored Seconds (SES) within any given 15-minute performance data collection interval.
dsl-modem,HDSL2-SHDSL-LINE-MIB,hdsl2ShdslEndpointThreshCRCanomalies,1.3.6.1.2.1.10.48.1.11.1.6,column,integer,,minutes,description text,read-create,yes,no,hdsl2ShdslEndpointThreshCRCanomalies,This object configures the threshold for the number of CRC anomalies within any given 15-minute performance data collection interval. If the value of
dsl-modem,HDSL2-SHDSL-LINE-MIB,hdsl2ShdslEndpointThreshLOSWS,1.3.6.1.2.1.10.48.1.11.1.7,column,textual-convention,Hdsl2ShdslPerfIntervalThreshold,seconds,description text,read-create,yes,no,hdsl2ShdslEndpointThreshLOSWS,This object configures the threshold for the number of Loss of Sync Word (LOSW) Seconds within any given 15-minute performance data collection interva
dsl-modem,HDSL2-SHDSL-LINE-MIB,hdsl2ShdslEndpointThreshUAS,1.3.6.1.2.1.10.48.1.11.1.8,column,textual-convention,Hdsl2ShdslPerfIntervalThreshold,seconds,description text,read-create,yes,no,hdsl2ShdslEndpointThreshUAS,This object configures the threshold for the number of Unavailable Seconds (UAS) within any given 15-minute performance data collection interval. If t
dsl-modem,HDSL2-SHDSL-LINE-MIB,hdsl2ShdslEndpointAlarmConfProfileRowStatus,1.3.6.1.2.1.10.48.1.11.1.9,column,textual-convention,RowStatus,,,read-create,yes,no,hdsl2ShdslEndpointAlarmConfProfileRowStatus,This object controls creation/deletion of the associated entry in this table as per the semantics of RowStatus. If an active entry is referenced in ei
dsl-modem,EFM-CU-MIB,efmCuPAFAdminState,1.3.6.1.2.1.167.1.1.1.1.1,column,boolean-enum,,,,read-write,yes,no,efmCuPAFAdminState,"Administrative (desired) state of the PAF of the EFMCu port (PCS). When 'disabled', PME Aggregation will not be performed by the PCS. No more than a s"
dsl-modem,EFM-CU-MIB,efmCuPAFDiscoveryCode,1.3.6.1.2.1.167.1.1.1.1.2,column,mac-address,PhysAddress,bytes,description text,read-write,yes,no,efmCuPAFDiscoveryCode,"PAF Discovery Code of the EFMCu port (PCS). A unique 6 Byte long code used by the Discovery function, when PAF is supported. PCS ports incapable of su"
dsl-modem,EFM-CU-MIB,efmCuAdminProfile,1.3.6.1.2.1.167.1.1.1.1.3,column,textual-convention,ProfileIndexList,,,read-write,yes,no,efmCuAdminProfile,"Desired configuration Profile(s), common for all PMEs in the EFMCu port. This object is a list of pointers to entries in either efmCuPme2BProfileTable"
dsl-modem,EFM-CU-MIB,efmCuTargetDataRate,1.3.6.1.2.1.167.1.1.1.1.4,column,unsigned32,,kbps,description text,read-write,yes,no,efmCuTargetDataRate,"Desired EFMCu port 'net' (as seen across MII) Data Rate in Kbps, to be achieved during initialization, under spectral restrictions placed on each PME"
dsl-modem,EFM-CU-MIB,efmCuTargetSnrMgn,1.3.6.1.2.1.167.1.1.1.1.5,column,unsigned32,,,,read-write,yes,no,efmCuTargetSnrMgn,"Desired EFMCu port SNR Margin to be achieved on all PMEs assigned to the port, during initializiation. (The SNR margin is the difference between the d"
dsl-modem,EFM-CU-MIB,efmCuAdaptiveSpectra,1.3.6.1.2.1.167.1.1.1.1.6,column,boolean,TruthValue,,,read-write,yes,no,efmCuAdaptiveSpectra,Indicates how to utilize excess capacity when the copper environment allows to achieve higher total data rate than that specified by the efmCuTargetDa
dsl-modem,EFM-CU-MIB,efmCuThreshLowRate,1.3.6.1.2.1.167.1.1.1.1.7,column,unsigned32,,,,read-write,yes,no,efmCuThreshLowRate,This object configures the EFMCu port low rate crossing alarm threshold. When the current value of ifSpeed for this port reaches/drops below or exceed
dsl-modem,EFM-CU-MIB,efmCuLowRateCrossingEnable,1.3.6.1.2.1.167.1.1.1.1.8,column,boolean,TruthValue,,,read-write,yes,no,efmCuLowRateCrossingEnable,Indicates whether efmCuLowRateCrossing notifications should be generated for this interface. Value of true(1) indicates that efmCuLowRateCrossing noti
dsl-modem,EFM-CU-MIB,efmCuPAFSupported,1.3.6.1.2.1.167.1.1.2.1.1,column,boolean,TruthValue,,,read-only,no,no,efmCuPAFSupported,PME Aggregation Function (PAF) Capability of the EFMCu port (PCS). This object has a value of true(1) when the PCS can perform PME aggregation on the
dsl-modem,EFM-CU-MIB,efmCuPeerPAFSupported,1.3.6.1.2.1.167.1.1.2.1.2,column,textual-convention,TruthValueOrUnknown,,,read-only,no,no,efmCuPeerPAFSupported,PME Aggregation Function (PAF) Capability of the EFMCu port (PCS) link partner. This object has a value of true(1) when the remote PCS can perform PME
dsl-modem,EFM-CU-MIB,efmCuPAFCapacity,1.3.6.1.2.1.167.1.1.2.1.3,column,unsigned32,,,,read-only,no,no,efmCuPAFCapacity,Number of PMEs that can be aggregated by the local PAF. The number of PMEs currently assigned to a particular EFMCu port (efmCuNumPMEs) is never great
dsl-modem,EFM-CU-MIB,efmCuPeerPAFCapacity,1.3.6.1.2.1.167.1.1.2.1.4,column,unsigned32,,,,read-only,no,no,efmCuPeerPAFCapacity,Number of PMEs that can be aggregated by the PAF of the peer Phy (PCS port). Value of 0 is returned when peer PAF Capacity is unknown (peer cannot be
dsl-modem,EFM-CU-MIB,efmCuFltStatus,1.3.6.1.2.1.167.1.1.3.1.1,column,string,,,,read-only,no,no,efmCuFltStatus,EFMCu (PCS) port Fault Status. This is a bitmap of possible conditions. The various bit positions are: noPeer - peer PHY cannot be reached (e.g. no PM
dsl-modem,EFM-CU-MIB,efmCuPortSide,1.3.6.1.2.1.167.1.1.3.1.2,column,enum,,,,read-only,no,no,efmCuPortSide,EFM port mode of operation (subtype). The value of 'subscriber' indicates the port is designated as '-R' subtype (all PMEs assigned to this port are o
dsl-modem,EFM-CU-MIB,efmCuNumPMEs,1.3.6.1.2.1.167.1.1.3.1.3,column,unsigned32,,,,read-only,no,no,efmCuNumPMEs,Number of PMEs that is currently aggregated by the local PAF (assigned to the EFMCu port using ifStackTable). This number is never greater than efmCuP
dsl-modem,EFM-CU-MIB,efmCuPAFInErrors,1.3.6.1.2.1.167.1.1.3.1.4,column,counter32,,count,SMI type counter32,read-only,no,no,efmCuPAFInErrors,A number of fragments that have been received across the gamma interface with RxErr asserted and discarded. This read-only counter is inactive (not in
dsl-modem,EFM-CU-MIB,efmCuPAFInSmallFragments,1.3.6.1.2.1.167.1.1.3.1.5,column,counter32,,count,SMI type counter32,read-only,no,no,efmCuPAFInSmallFragments,"A number of fragments smaller than minFragmentSize (64 Bytes), which have been received across the gamma interface and discarded. This read-only count"
dsl-modem,EFM-CU-MIB,efmCuPAFInLargeFragments,1.3.6.1.2.1.167.1.1.3.1.6,column,counter32,,count,SMI type counter32,read-only,no,no,efmCuPAFInLargeFragments,"A number of fragments larger than maxFragmentSize (512 Bytes), which have been received across the gamma interface and discarded. This read-only count"
dsl-modem,EFM-CU-MIB,efmCuPAFInBadFragments,1.3.6.1.2.1.167.1.1.3.1.7,column,counter32,,count,SMI type counter32,read-only,no,no,efmCuPAFInBadFragments,"A number of fragments which do not fit into the sequence expected by the frame assembly function, that have been received across the gamma interface a"
dsl-modem,EFM-CU-MIB,efmCuPAFInLostFragments,1.3.6.1.2.1.167.1.1.3.1.8,column,counter32,,count,SMI type counter32,read-only,no,no,efmCuPAFInLostFragments,"A number of gaps in the sequence of fragments, which have been received across the gamma interface (the frame buffer is flushed to the next valid fram"
dsl-modem,EFM-CU-MIB,efmCuPAFInLostStarts,1.3.6.1.2.1.167.1.1.3.1.9,column,counter32,,count,SMI type counter32,read-only,no,no,efmCuPAFInLostStarts,A number of missing StartOfPacket indicators expected by the frame assembly function. This read-only counter is inactive when the PAF is unsupported o
dsl-modem,EFM-CU-MIB,efmCuPAFInLostEnds,1.3.6.1.2.1.167.1.1.3.1.10,column,counter32,,count,SMI type counter32,read-only,no,no,efmCuPAFInLostEnds,A number of missing EndOfPacket indicators expected by the frame assembly function. This read-only counter is inactive when the PAF is unsupported or
dsl-modem,EFM-CU-MIB,efmCuPAFInOverflows,1.3.6.1.2.1.167.1.1.3.1.11,column,counter32,,count,SMI type counter32,read-only,no,no,efmCuPAFInOverflows,"A number of fragments, received across the gamma interface and discarded, which would have caused the frame assembly buffer to overflow. This read-onl"
dsl-modem,EFM-CU-MIB,efmCuPmeAdminSubType,1.3.6.1.2.1.167.1.2.1.1.1,column,enum,,,,read-write,yes,no,efmCuPmeAdminSubType,Administrative (desired) sub-type of the PME. Possible values are: ieee2BaseTLO - PME SHALL operate as 2BaseTL-O ieee2BaseTLR - PME SHALL operate as 2
dsl-modem,EFM-CU-MIB,efmCuPmeAdminProfile,1.3.6.1.2.1.167.1.2.1.1.2,column,textual-convention,ProfileIndexOrZero,,,read-write,yes,no,efmCuPmeAdminProfile,"Desired PME configuration Profile. This object is a pointer to an entry in either efmCuPme2BProfileTable or efmCuPme10PProfileTable, depending on the"
dsl-modem,EFM-CU-MIB,efmCuPAFRemoteDiscoveryCode,1.3.6.1.2.1.167.1.2.1.1.3,column,mac-address,PhysAddress,bytes,description text,read-write,yes,no,efmCuPAFRemoteDiscoveryCode,PAF Remote Discovery Code of the PME port at CO. A 6 Byte long Discovery Code of the peer PCS connected via the PME. Reading this object results in a
dsl-modem,EFM-CU-MIB,efmCuPmeThreshLineAtn,1.3.6.1.2.1.167.1.2.1.1.4,column,integer,,,,read-write,yes,no,efmCuPmeThreshLineAtn,Desired Line Attenuation Threshold for the 2B/10P PME. This object configures the line attenuation alarm threshold. When the current value of Line Att
dsl-modem,EFM-CU-MIB,efmCuPmeThreshSnrMgn,1.3.6.1.2.1.167.1.2.1.1.5,column,integer,,,,read-write,yes,no,efmCuPmeThreshSnrMgn,Desired SNR Margin Threshold for the 2B/10P PME. This object configures the SNR margin alarm threshold. When the current value of SNR Margin reaches o
dsl-modem,EFM-CU-MIB,efmCuPmeLineAtnCrossingEnable,1.3.6.1.2.1.167.1.2.1.1.6,column,boolean,TruthValue,,,read-write,yes,no,efmCuPmeLineAtnCrossingEnable,Indicates whether efmCuPmeLineAtnCrossing notifications should be generated for this interface. Value of true(1) indicates that efmCuPmeLineAtnCrossin
dsl-modem,EFM-CU-MIB,efmCuPmeSnrMgnCrossingEnable,1.3.6.1.2.1.167.1.2.1.1.7,column,boolean,TruthValue,,,read-write,yes,no,efmCuPmeSnrMgnCrossingEnable,Indicates whether efmCuPmeSnrMgnCrossing notifications should be generated for this interface. Value of true(1) indicates that efmCuPmeSnrMgnCrossing
dsl-modem,EFM-CU-MIB,efmCuPmeDeviceFaultEnable,1.3.6.1.2.1.167.1.2.1.1.8,column,boolean,TruthValue,,,read-write,yes,no,efmCuPmeDeviceFaultEnable,Indicates whether efmCuPmeDeviceFault notifications should be generated for this interface. Value of true(1) indicates that efmCuPmeDeviceFault notifi
dsl-modem,EFM-CU-MIB,efmCuPmeConfigInitFailEnable,1.3.6.1.2.1.167.1.2.1.1.9,column,boolean,TruthValue,,,read-write,yes,no,efmCuPmeConfigInitFailEnable,Indicates whether efmCuPmeConfigInitFailure notifications should be generated for this interface. Value of true(1) indicates that efmCuPmeConfigInitFa
dsl-modem,EFM-CU-MIB,efmCuPmeProtocolInitFailEnable,1.3.6.1.2.1.167.1.2.1.1.10,column,boolean,TruthValue,,,read-write,yes,no,efmCuPmeProtocolInitFailEnable,Indicates whether efmCuPmeProtocolInitFailure notifications should be generated for this interface. Value of true(1) indicates that efmCuPmeProtocolIn
dsl-modem,EFM-CU-MIB,efmCuPmeSubTypesSupported,1.3.6.1.2.1.167.1.2.2.1.1,column,string,,,,read-only,no,no,efmCuPmeSubTypesSupported,PME supported sub-types. This is a bitmap of possible sub-types. The various bit positions are: ieee2BaseTLO - PME is capable of operating as 2BaseTL-
dsl-modem,EFM-CU-MIB,efmCuPmeOperStatus,1.3.6.1.2.1.167.1.2.3.1.1,column,enum,,frames,description text,read-only,no,no,efmCuPmeOperStatus,Current PME link Operational Status. Possible values are: up(1) - link is Up and ready to pass 64/65B encoded frames or fragments. downNotReady(2) - l
dsl-modem,EFM-CU-MIB,efmCuPmeFltStatus,1.3.6.1.2.1.167.1.2.3.1.2,column,string,,,,read-only,no,no,efmCuPmeFltStatus,Current/Last PME link Fault Status. This is a bitmap of possible conditions. The various bit positions are: lossOfFraming - Loss of Framing for 10P or
dsl-modem,EFM-CU-MIB,efmCuPmeOperSubType,1.3.6.1.2.1.167.1.2.3.1.3,column,enum,,,,read-only,no,no,efmCuPmeOperSubType,Current operational sub-type of the PME. Possible values are: ieee2BaseTLO - PME operates as 2BaseTL-O ieee2BaseTLR - PME operates as 2BaseTL-R ieee10
dsl-modem,EFM-CU-MIB,efmCuPmeOperProfile,1.3.6.1.2.1.167.1.2.3.1.4,column,textual-convention,ProfileIndexOrZero,,,read-only,no,no,efmCuPmeOperProfile,"PME current operating Profile. This object is a pointer to an entry in either efmCuPme2BProfileTable or efmCuPme10PProfileTable, depending on the curr"
dsl-modem,EFM-CU-MIB,efmCuPmeSnrMgn,1.3.6.1.2.1.167.1.2.3.1.5,column,integer,,,,read-only,no,no,efmCuPmeSnrMgn,The current Signal-to-Noise Ratio (SNR) margin with respect to the received signal as perceived by the local PME. The value of 65535 is returned when
dsl-modem,EFM-CU-MIB,efmCuPmePeerSnrMgn,1.3.6.1.2.1.167.1.2.3.1.6,column,integer,,dB,description text,read-only,no,no,efmCuPmePeerSnrMgn,"The current SNR margin in dB with respect to the received signal, as perceived by the remote (link partner) PME. The value of 65535 is returned when P"
dsl-modem,EFM-CU-MIB,efmCuPmeLineAtn,1.3.6.1.2.1.167.1.2.3.1.7,column,integer,,dB,description text,read-only,no,no,efmCuPmeLineAtn,The current Line Attenuation in dB as perceived by the local PME. The value of 65535 is returned when PME is down or initializing. If a Clause 45 MDIO
dsl-modem,EFM-CU-MIB,efmCuPmePeerLineAtn,1.3.6.1.2.1.167.1.2.3.1.8,column,integer,,dB,description text,read-only,no,no,efmCuPmePeerLineAtn,The current Line Attenuation in dB as perceived by the remote (link partner) PME. The value of 65535 is returned when PME is down or initializing. Thi
dsl-modem,EFM-CU-MIB,efmCuPmeEquivalentLength,1.3.6.1.2.1.167.1.2.3.1.9,column,unsigned32,,distance,description text,read-only,no,no,efmCuPmeEquivalentLength,"An estimate of the equivalent loop's Physical Length in meters, as perceived by the PME after the link is established. An equivalent loop is a hypothe"
dsl-modem,EFM-CU-MIB,efmCuPmeTCCodingErrors,1.3.6.1.2.1.167.1.2.3.1.10,column,counter32,,count,SMI type counter32,read-only,no,no,efmCuPmeTCCodingErrors,A number of 64/65-octet encapsulation errors. This counter is incremented for each 64/65-octet encapsulation error detected by the 64/65-octet receive
dsl-modem,EFM-CU-MIB,efmCuPmeTCCrcErrors,1.3.6.1.2.1.167.1.2.3.1.11,column,counter32,,count,SMI type counter32,read-only,no,no,efmCuPmeTCCrcErrors,A number of TC-CRC errors. This counter is incremented for each TC-CRC error detected by the 64/65-octet receive function (see 61.3.3.3 and Figure 61-
dsl-modem,EFM-CU-MIB,efmCuPme2BProfileIndex,1.3.6.1.2.1.167.1.2.5.2.1.1,column,textual-convention,ProfileIndex,,,not-accessible,no,yes,efmCuPme2BProfileIndex,2BASE-TL PME Profile index. This object is the unique index associated with this profile. Entries in this table are referenced via efmCuAdminProfile o
dsl-modem,EFM-CU-MIB,efmCuPme2BProfileDescr,1.3.6.1.2.1.167.1.2.5.2.1.2,column,textual-convention,SnmpAdminString,,,read-create,yes,no,efmCuPme2BProfileDescr,A textual string containing information about 2BASE-TL PME Profile. The string MAY include information about data rate and spectral limitations of thi
dsl-modem,EFM-CU-MIB,efmCuPme2BRegion,1.3.6.1.2.1.167.1.2.5.2.1.3,column,boolean-enum,,,,read-create,yes,no,efmCuPme2BRegion,"Regional settings for 2BASE-TL PME, as specified in the relevant Regional Annex of [G.991.2]. Regional settings specify Power Spectral Density (PSD) m"
dsl-modem,EFM-CU-MIB,efmCuPme2BsMode,1.3.6.1.2.1.167.1.2.5.2.1.4,column,textual-convention,ProfileIndexOrZero,,,read-create,yes,no,efmCuPme2BsMode,Desired custom Spectral Mode for 2BASE-TL PME. This object is a pointer to an entry in efmCuPme2BsModeTable and a block of entries in efmCuPme2BRateRe
dsl-modem,EFM-CU-MIB,efmCuPme2BMinDataRate,1.3.6.1.2.1.167.1.2.5.2.1.5,column,unsigned32,,kbps,description text,read-create,yes,no,efmCuPme2BMinDataRate,"Minimum Data Rate for the 2BASE-TL PME. This object can take values of (n x 64)Kbps, where n=3..60 for 16-TCPAM and n=12..89 for 32-TCPAM encoding. Th"
dsl-modem,EFM-CU-MIB,efmCuPme2BMaxDataRate,1.3.6.1.2.1.167.1.2.5.2.1.6,column,unsigned32,,kbps,description text,read-create,yes,no,efmCuPme2BMaxDataRate,"Maximum Data Rate for the 2BASE-TL PME. This object can take values of (n x 64)Kbps, where n=3..60 for 16-TCPAM and n=12..89 for 32-TCPAM encoding. Th"
dsl-modem,EFM-CU-MIB,efmCuPme2BPower,1.3.6.1.2.1.167.1.2.5.2.1.7,column,unsigned32,,,,read-create,yes,no,efmCuPme2BPower,Signal Transmit Power. Multiple of 0.5dBm. The value of 0 in the administrative profile means that the signal transmit power is not fixed and SHALL be
dsl-modem,EFM-CU-MIB,efmCuPme2BConstellation,1.3.6.1.2.1.167.1.2.5.2.1.8,column,enum,,,,read-create,yes,no,efmCuPme2BConstellation,TCPAM Constellation of the 2BASE-TL PME. The possible values are: adaptive(0) - either 16- or 32-TCPAM tcpam16(1) - 16-TCPAM tcpam32(2) - 32-TCPAM The
dsl-modem,EFM-CU-MIB,efmCuPme2BProfileRowStatus,1.3.6.1.2.1.167.1.2.5.2.1.9,column,textual-convention,RowStatus,,,read-create,yes,no,efmCuPme2BProfileRowStatus,This object controls creation/deletion of the associated entry in efmCuPme2BProfileTable per the semantics of RowStatus. If an 'active' entry is refer
dsl-modem,EFM-CU-MIB,efmCuPme2BsModeIndex,1.3.6.1.2.1.167.1.2.5.3.1.1,column,textual-convention,ProfileIndex,,,not-accessible,no,yes,efmCuPme2BsModeIndex,2BASE-TL PME Spectral Mode index. This object is the unique index associated with this spectral mode. Entries in this table are referenced via efmCuPm
dsl-modem,EFM-CU-MIB,efmCuPme2BsModeDescr,1.3.6.1.2.1.167.1.2.5.3.1.2,column,textual-convention,SnmpAdminString,,,read-create,yes,no,efmCuPme2BsModeDescr,A textual string containing information about 2BASE-TL PME spectral mode. The string MAY include information about corresponding (country-specific) sp
dsl-modem,EFM-CU-MIB,efmCuPme2BsModeRowStatus,1.3.6.1.2.1.167.1.2.5.3.1.3,column,textual-convention,RowStatus,,,read-create,yes,no,efmCuPme2BsModeRowStatus,This object controls creation/deletion of the associated entry in efmCuPme2BsModeTable per the semantics of RowStatus. If an 'active' entry is referen
dsl-modem,EFM-CU-MIB,efmCuPme2BReachRateIndex,1.3.6.1.2.1.167.1.2.5.4.1.1,column,textual-convention,ProfileIndex,,,not-accessible,no,yes,efmCuPme2BReachRateIndex,2BASE-TL custom spectral mode Reach-Rate table index. This object is the unique index associated with each enry.
dsl-modem,EFM-CU-MIB,efmCuPme2BEquivalentLength,1.3.6.1.2.1.167.1.2.5.4.1.2,column,unsigned32,,distance,description text,read-create,yes,no,efmCuPme2BEquivalentLength,Maximum allowed Equivalent loop's Physical Length in meters for the specified data rates. An equivalent loop is a hypothetical 26AWG (0.4mm) loop with
dsl-modem,EFM-CU-MIB,efmCuPme2BMaxDataRatePam16,1.3.6.1.2.1.167.1.2.5.4.1.3,column,unsigned32,,,,read-create,yes,no,efmCuPme2BMaxDataRatePam16,Maximum data rate for 2BASE-TL PME at the specified Equivalent loop's Length using TC-PAM16 encoding. The value of zero means that TC-PAM16 encoding s
dsl-modem,EFM-CU-MIB,efmCuPme2BMaxDataRatePam32,1.3.6.1.2.1.167.1.2.5.4.1.4,column,unsigned32,,,,read-create,yes,no,efmCuPme2BMaxDataRatePam32,Maximum data rate for 2BASE-TL PME at the specified Equivalent loop's Length using TC-PAM32 encoding. The value of zero means that TC-PAM32 encoding s
dsl-modem,EFM-CU-MIB,efmCuPme2BReachRateRowStatus,1.3.6.1.2.1.167.1.2.5.4.1.5,column,textual-convention,RowStatus,,,read-create,yes,no,efmCuPme2BReachRateRowStatus,This object controls creation/deletion of the associated entry in efmCuPme2BReachRateTable per the semantics of RowStatus. If an 'active' entry is ref
dsl-modem,EFM-CU-MIB,efmCuPme10PProfileIndex,1.3.6.1.2.1.167.1.2.6.1.1.1,column,textual-convention,ProfileIndex,,,not-accessible,no,yes,efmCuPme10PProfileIndex,10PASS-TS PME Profile Index. This object is the unique index associated with this profile. Entries in this table are referenced via efmCuAdminProfile
dsl-modem,EFM-CU-MIB,efmCuPme10PProfileDescr,1.3.6.1.2.1.167.1.2.6.1.1.2,column,textual-convention,SnmpAdminString,,,read-create,yes,no,efmCuPme10PProfileDescr,A textual string containing information about 10PASS-TS PME Profile. The string MAY include information about data rate and spectral limitations of th
dsl-modem,EFM-CU-MIB,efmCuPme10PBandplanPSDMskProfile,1.3.6.1.2.1.167.1.2.6.1.1.3,column,enum,,,,read-create,yes,no,efmCuPme10PBandplanPSDMskProfile,"10PASS-TS PME Bandplan and PSD Mask profile, as specified in 802.3ah Annex 62A. Possible values are: --------------+------------------------+---------"
dsl-modem,EFM-CU-MIB,efmCuPme10PUPBOReferenceProfile,1.3.6.1.2.1.167.1.2.6.1.1.4,column,enum,,,,read-create,yes,no,efmCuPme10PUPBOReferenceProfile,"10PASS-TS PME Upstream Power Back-Off (UPBO) Reference PSD Profile, as specified in 802.3ah Annex 62A. Possible values are: profile1(1) - T1.424/T-U N"
dsl-modem,EFM-CU-MIB,efmCuPme10PBandNotchProfiles,1.3.6.1.2.1.167.1.2.6.1.1.5,column,string,,,,read-create,yes,no,efmCuPme10PBandNotchProfiles,"10PASS-TS PME Egress Control Band Notch Profile bitmap, as specified in 802.3ah Annex 62A. Possible values are: --------------+---------+----------+--"
dsl-modem,EFM-CU-MIB,efmCuPme10PPayloadURateProfile,1.3.6.1.2.1.167.1.2.6.1.1.6,column,enum,,mbps,description text,read-create,yes,no,efmCuPme10PPayloadURateProfile,"10PASS-TS PME Upstream Payload Rate Profile, as specified in 802.3ah Annex 62A. Possible values are: profile5(5) - 2.5 Mbps profile10(10) - 5 Mbps pro"
dsl-modem,EFM-CU-MIB,efmCuPme10PPayloadDRateProfile,1.3.6.1.2.1.167.1.2.6.1.1.7,column,enum,,mbps,description text,read-create,yes,no,efmCuPme10PPayloadDRateProfile,"10PASS-TS PME Downstream Payload Rate Profile, as specified in 802.3ah Annex 62A. Possible values are: profile5(5) - 2.5 Mbps profile10(10) - 5 Mbps p"
dsl-modem,EFM-CU-MIB,efmCuPme10PProfileRowStatus,1.3.6.1.2.1.167.1.2.6.1.1.8,column,textual-convention,RowStatus,,,read-create,yes,no,efmCuPme10PProfileRowStatus,This object controls creation/deletion of the associated entry in efmCuPme10PProfileTable per the semantics of RowStatus. If an active entry is refere
dsl-modem,EFM-CU-MIB,efmCuPme10PFECCorrectedBlocks,1.3.6.1.2.1.167.1.2.6.2.1.1,column,counter32,,count,SMI type counter32,read-only,no,no,efmCuPme10PFECCorrectedBlocks,A count of received and corrected FEC codewords in 10PASS-TS PME. This object maps to aPMEFECCorrectedBlocks attribute in clause 30. If a Clause 45 MD
dsl-modem,EFM-CU-MIB,efmCuPme10PFECUncorrectedBlocks,1.3.6.1.2.1.167.1.2.6.2.1.2,column,counter32,,count,SMI type counter32,read-only,no,no,efmCuPme10PFECUncorrectedBlocks,"A count of received FEC codewords in 10PASS-TS PME, which are uncorrectable. This object maps to aPMEFECUncorrectableBlocks attribute in clause 30. If"
dsl-modem,ACTELIS-SERV-MON-MIB,servMonSystemModel,1.3.6.1.4.1.5468.4.1.1.1,scalar,textual-convention,Models,,,read-only,no,no,systemModel,"Actelis equipment models in format <card type>-<part number> : unknown (0),sdu440-503R60039(1),sdu440g-503R60040(2),sdu320-503R20068(3), sdu320g-503R20078(4), sdu340g-503R20068(5), ml698-501RG0147(6),ml698-501RG0347(7),ml688-501R00047(8),ml688-501RG0047(9), ml688-501RG0447(10),ml684-501RG0048(11),ml654-501R00066(12),ml654s-501RG0076(13), ml658-501R00057(14), ml658s-501RG0077(15),ml648-501R00037(16),ml648-501RG0037(17),ml644-501R00056(18),ml644-501RG0056 (19), ml638-501R00067(20),ml638-501RG0067("
dsl-modem,ACTELIS-SERV-MON-MIB,servMonSystemSWversion,1.3.6.1.4.1.5468.4.1.1.2,scalar,string,DisplayString,,,read-only,no,no,systemSWversion,Actelis NE SW version in format <Major Release>.<Minor Release>-<Part Number of SW>. For example: 7.10-903A00035.
dsl-modem,ACTELIS-SERV-MON-MIB,servMonSystemTID,1.3.6.1.4.1.5468.4.1.1.3,scalar,string,DisplayString,,,read-only,no,no,systemTID,Actelis NE Unique identification by TID (terminal or system identification) - 20 chars string. Serial Number of the box by factory default. For example: A0842A00F345.
dsl-modem,ACTELIS-SERV-MON-MIB,portID,1.3.6.1.4.1.5468.4.1.2.1.1.1,column,textual-convention,InterfaceIndex,,,read-only,no,no,portID,"An unique value for port interface reported. It can be ETH-x, COLAN or HSL-x ports, specified using ifIndex. All administratively enabled ports are reported, regardless their operational status. Not-enabled admisnitratively ports are skipped. IfIndex is always reported in acsending order but may be not consequent."
dsl-modem,ACTELIS-SERV-MON-MIB,portEgressBW,1.3.6.1.4.1.5468.4.1.2.1.1.2,column,integer,,seconds,description text,read-only,no,no,portEgressBW,Parameter shows Kbps of traffic egresses from Port (TX direction). Calculated as average BW in last 30 sec (using 6 samples with 5sec averaged each). If port is operationally down (and data is unavailable) -1 is reported.
dsl-modem,ACTELIS-SERV-MON-MIB,portIngressBW,1.3.6.1.4.1.5468.4.1.2.1.1.3,column,integer,,seconds,description text,read-only,no,no,portIngressBW,Parameter shows Kbps of traffic intgressing to Port (RX direction). Calculated as average BW in last 30 sec (using 6 samples with 5sec averaged each). If port is operationally down (and data is unavailable) -1 is reported.
dsl-modem,ACTELIS-SERV-MON-MIB,portEgressRateLimit,1.3.6.1.4.1.5468.4.1.2.1.1.4,column,integer,,kbps,description text,read-only,no,no,portEgressRateLimit,Parameter shows in Kbps Egress Rate Limit specified on Port (limiting ifSpeed in Transmission direction). Special value of 0 means NO LIMIT (port may perfirm in TX on IfSpeed).
dsl-modem,ACTELIS-SERV-MON-MIB,portIngressRateLimit,1.3.6.1.4.1.5468.4.1.2.1.1.5,column,integer,,kbps,description text,read-only,no,no,portIngressRateLimit,Parameter shows in Kbps Ingress Rate Limit specified on Port (limiting ifSpeed in Receieve direction). Special value of 0 means NO LIMIT (port may perform in RX on IfSpeed).
dsl-modem,ACTELIS-SERV-MON-MIB,portEgressUtilization,1.3.6.1.4.1.5468.4.1.2.1.1.6,column,string,,percent,description text,read-only,no,no,portEgressUtilization,"Parameter shows % of port utilization, calculated as PortEgressBW divided to min (ifSpeed or portEgressRateLimit applied). Reported in units of 1 = 0.001% , i.e. 5985 means 5.985% of port throughput capability is utilized."
dsl-modem,ACTELIS-SERV-MON-MIB,portIngressUtilization,1.3.6.1.4.1.5468.4.1.2.1.1.7,column,string,,percent,description text,read-only,no,no,portIngressUtilization,"Parameter shows % of port utilization, calculated as PortIngressBW divided to min (ifSpeed or portIngressRateLimit applied). Reported in units of 1 = 0.001%, i.e. 5985 means 5.985% of port throughput capability is utilized."
dsl-modem,ACTELIS-SERV-MON-MIB,evcIndex,1.3.6.1.4.1.5468.4.1.3.1.1.1,column,string,,,,not-accessible,no,yes,evcIndex,Index of EVC. Used for Table running. Not accessible leaf (do not return any value on get).
dsl-modem,ACTELIS-SERV-MON-MIB,evcID,1.3.6.1.4.1.5468.4.1.3.1.1.2,column,string,,,,read-only,no,no,evcID,"This index uniquely (per NE) identifies MEF10 resource used on ML NE for Ethernet Virtual Connection control. On ML products EVC is a logical name only, the rest of functionality is bonded with SERV-AID. Basic ML600 supports 0 EVC (SERV). ML640, ML650 models support up to 8 EVC/SERV-{1-8}. ML640E models support up to 32 EVC/SERV-{1-32}. SDU-400 supports 2048 EVC/SERV-{1-2048}."
dsl-modem,ACTELIS-SERV-MON-MIB,egressPassedBW,1.3.6.1.4.1.5468.4.1.3.1.1.3,column,integer,,seconds,description text,read-only,no,no,egressPassedBW,CIR (green) and EIR (yellow) traffic passed to EVC/SERV egress (TX direction). Measured and reported in Kbps units. Calculated as average BW in last 30 sec (using 6 samples with 5sec averaged each). Unsupported on ML640E (reported as 0).
dsl-modem,ACTELIS-SERV-MON-MIB,inBWPolicyDiscardedBW,1.3.6.1.4.1.5468.4.1.3.1.1.4,column,integer,,seconds,description text,read-only,no,no,inBWPolicyDiscardedBW,CIR (green) and EIR (yellow) traffic not passed to EVC egress (TX direction). It was dropped due to overbooking of services on the port or due to reduction of available BW on the HSL port. Measured in Kbps. Calculated as average BW in last 30 sec (using 6 samples with 5sec averaged each). Unsupported on ML640E (reported as 0).
dsl-modem,ACTELIS-SERV-MON-MIB,outBWPolicyDiscardedBW,1.3.6.1.4.1.5468.4.1.3.1.1.5,column,integer,,seconds,description text,read-only,no,no,outBWPolicyDiscardedBW,Red traffic (above CIR+EIR) dropped. It was intentionally discarded by EVC meter/policer as arrived more then allowed by CIR+EIR for this EVC. Measured in Kbps. Calculated as average BW in last 30 sec (using 6 samples with 5sec averaged each).
dsl-modem,ACTELIS-SERV-MON-MIB,cirRXAverageBW,1.3.6.1.4.1.5468.4.1.3.1.1.6,column,integer,,seconds,description text,read-only,no,no,cirRXAverageBW,"CIR (green) traffic arrived , average BW. Measured in Kbps. Calculated as average BW in last 30 sec (using 6 samples with 5sec averaged each). Counter available on ML640E models only"
dsl-modem,ACTELIS-SERV-MON-MIB,cirTXAverageBW,1.3.6.1.4.1.5468.4.1.3.1.1.7,column,integer,,seconds,description text,read-only,no,no,cirTXAverageBW,"CIR (green) traffic transmitted , average BW. Measured in Kbps. Calculated as average BW in last 30 sec (using 6 samples with 5sec averaged each). Counter available on ML640E models only"
dsl-modem,ACTELIS-SERV-MON-MIB,eirRXAverageBW,1.3.6.1.4.1.5468.4.1.3.1.1.8,column,integer,,seconds,description text,read-only,no,no,eirRXAverageBW,"EIR (yellow) traffic arrived , average BW. Measured in Kbps. Calculated as average BW in last 30 sec (using 6 samples with 5sec averaged each). Counter available on ML640E models only"
dsl-modem,ACTELIS-SERV-MON-MIB,eirTXAverageBW,1.3.6.1.4.1.5468.4.1.3.1.1.9,column,integer,,seconds,description text,read-only,no,no,eirTXAverageBW,"EIR (yellow) traffic transmitted , average BW. Measured in Kbps. Calculated as average BW in last 30 sec (using 6 samples with 5sec averaged each). Counter available on ML640E models only"
dsl-modem,ACTELIS-SERV-MON-MIB,evcDescr,1.3.6.1.4.1.5468.4.1.3.1.1.10,column,string,DisplayString,,,read-only,no,no,evcDescr,"Evc Service Description, as configured via TL1, 32 chars length. ML models with SW below R8.00 do not support this leaf."
dsl-modem,ACTELIS-SERV-MON-MIB,evcConfBWProfileID,1.3.6.1.4.1.5468.4.1.3.1.1.11,column,unsigned32,,,,read-only,no,no,evcConfBWProfileID,BW Profile Index(as configured in TL1)attached to the EVC Service. ML models with SW below R8.00 do not support this leaf.
dsl-modem,ACTELIS-SERV-MON-MIB,evcConfBWProfileDescr,1.3.6.1.4.1.5468.4.1.3.1.1.12,column,string,DisplayString,,,read-only,no,no,evcConfBWProfileDescr,BW Profile Description (as configured in TL1)attached to the EVC Service. ML models with SW below R8.00 do not support this leaf.
dsl-modem,ACTELIS-SERV-MON-MIB,evcConfBWProfileCIR,1.3.6.1.4.1.5468.4.1.3.1.1.13,column,integer,,kbps,description text,read-only,no,no,evcConfBWProfileCIR,"BW Profile CIR (as configured in TL1)attached to the EVC Service, in Kbps units. Value of 999,999 is reported for UNLIMITED parameter. ML models with SW below R8.00 do not support this leaf."
dsl-modem,ACTELIS-SERV-MON-MIB,evcConfBWProfileCBS,1.3.6.1.4.1.5468.4.1.3.1.1.14,column,integer,,bytes,description text,read-only,no,no,evcConfBWProfileCBS,"BW Profile CBS (as configured in TL1)attached to the EVC Service, in BYTES units. Value of 999,999 is reported for UNLIMITED parameter. ML models with SW below R8.00 do not support this leaf."
dsl-modem,ACTELIS-SERV-MON-MIB,evcConfBWProfileEIR,1.3.6.1.4.1.5468.4.1.3.1.1.15,column,integer,,kbps,description text,read-only,no,no,evcConfBWProfileEIR,"BW Profile EIR (as configured in TL1)attached to the EVC Service, in Kbps units. Value of 999,999 is reported for UNLIMITED parameter. ML models with SW below R8.00 do not support this leaf."
dsl-modem,ACTELIS-SERV-MON-MIB,evcConfBWProfileEBS,1.3.6.1.4.1.5468.4.1.3.1.1.16,column,integer,,bytes,description text,read-only,no,no,evcConfBWProfileEBS,"BW Profile EBS (as configured in TL1)attached to the EVC Service, in BYTES units. Value of 999,999 is reported for UNLIMITED parameter. ML models with SW below R8.00 do not support this leaf."
dsl-modem,ACTELIS-SERV-MON-MIB,flFlrELine1DayMEPID,1.3.6.1.4.1.5468.4.1.4.1.1.1,column,textual-convention,Dot1agCfmMepId,,,read-only,no,no,flFlrELine1DayMEPID,This parameter uniquely identifies the MEP in it's MEG.
dsl-modem,ACTELIS-SERV-MON-MIB,flFlrELine1DayPortID,1.3.6.1.4.1.5468.4.1.4.1.1.2,column,textual-convention,InterfaceIndex,,,read-only,no,no,flFlrELine1DayPortID,An unique value of port interface on which MEP is reported. It is an index from IfTable for ETH-x or HSL-x ports. Note: Multiple MEPs may be applied on the same port.
dsl-modem,ACTELIS-SERV-MON-MIB,flFlrELineCurr1DayIntervalStart,1.3.6.1.4.1.5468.4.1.4.1.1.3,column,textual-convention,DateAndTime,,,read-only,no,no,flFlrELineCurr1DayIntervalStart,This attribute specifies timestampt of current interval start for measurements done: FL and FLR.
dsl-modem,ACTELIS-SERV-MON-MIB,flFlrELineCurr1DayIntervalValidity,1.3.6.1.4.1.5468.4.1.4.1.1.4,column,textual-convention,IntervalValidity,,,read-only,no,no,flFlrELineCurr1DayIntervalValidity,"Interval validity other(1),unknown(2), adjusted(3), completed(4),long(5), notavailable(6), off(7), partial(8). Where ADJ - Data has been manually adjusted or initialized. COMPL - Data has been accumulated over the entire time period. LONG - Data accumulated over greater than the indicated time period. NA - Data is not available. OFF - Performance monitoring was turned off by the SET-PMMODE command. PRTL - Data is accumulated over some portion of the time period."
dsl-modem,ACTELIS-SERV-MON-MIB,flFlrELineCurr1DayFLIngress,1.3.6.1.4.1.5468.4.1.4.1.1.5,column,counter32,,count,SMI type counter32,read-only,no,no,flFlrELineCurr1DayFLIngress,Frame Loss on NEND or Ingress (MEP RX direction quality) measurement provided in frames.
dsl-modem,ACTELIS-SERV-MON-MIB,flFlrELineCurr1DayFLEgress,1.3.6.1.4.1.5468.4.1.4.1.1.6,column,counter32,,count,SMI type counter32,read-only,no,no,flFlrELineCurr1DayFLEgress,Frame Loss on FEND or Egress (MEP TX direction quality) measurement provided in frames.
dsl-modem,ACTELIS-SERV-MON-MIB,flFlrELineCurr1DayFLRIngress,1.3.6.1.4.1.5468.4.1.4.1.1.7,column,unsigned32,,percent,description text,read-only,no,no,flFlrELineCurr1DayFLRIngress,"Frame Loss Ratio on NEND or Ingress (MEP RX direction quality) measurement provided as 1 = 0.0001% , i.e. 50 means 0.005% of Frame Loss Ratio."
dsl-modem,ACTELIS-SERV-MON-MIB,flFlrELineCurr1DayFLREgress,1.3.6.1.4.1.5468.4.1.4.1.1.8,column,unsigned32,,percent,description text,read-only,no,no,flFlrELineCurr1DayFLREgress,"Frame Loss Ratio on FEND or Egress (MEP TX direction quality) measurement provided as 1 = 0.0001% , i.e. 50 means 0.005% of Frame Loss Ratio."
dsl-modem,ACTELIS-SERV-MON-MIB,flFlrELinePrev1DayIntervalStop,1.3.6.1.4.1.5468.4.1.4.1.1.9,column,textual-convention,DateAndTime,,,read-only,no,no,flFlrELinePrev1DayIntervalStop,This attribute specifies timestamp of history interval stop for measurements done: FL and FLR.
dsl-modem,ACTELIS-SERV-MON-MIB,flFlrELinePrev1DayIntervalValidity,1.3.6.1.4.1.5468.4.1.4.1.1.10,column,textual-convention,IntervalValidity,,,read-only,no,no,flFlrELinePrev1DayIntervalValidity,"Interval validity valid values are: other(1),unknown(2), adjusted(3), completed(4),long(5), notavailable(6), off(7), partial(8). Where ADJ - Data has been manually adjusted or initialized. COMPL - Data has been accumulated over the entire time period. LONG - Data accumulated over greater than the indicated time period. NA - Data is not available. OFF - Performance monitoring was turned off by the SET-PMMODE command. PRTL - Data is accumulated over some portion of the time period."
dsl-modem,ACTELIS-SERV-MON-MIB,flFlrELinePrev1DayFLIngress,1.3.6.1.4.1.5468.4.1.4.1.1.11,column,counter32,,count,SMI type counter32,read-only,no,no,flFlrELinePrev1DayFLIngress,Frame Loss on NEND or Ingress (MEP RX direction quality) measurement provided in frames.
dsl-modem,ACTELIS-SERV-MON-MIB,flFlrELinePrev1DayFLEgress,1.3.6.1.4.1.5468.4.1.4.1.1.12,column,counter32,,count,SMI type counter32,read-only,no,no,flFlrELinePrev1DayFLEgress,Frame Loss on FEND or Egress (MEP TX direction quality) measurement provided in frames.
dsl-modem,ACTELIS-SERV-MON-MIB,flFlrELinePrev1DayFLRIngress,1.3.6.1.4.1.5468.4.1.4.1.1.13,column,unsigned32,,percent,description text,read-only,no,no,flFlrELinePrev1DayFLRIngress,"Frame Loss Ratio on NEND or Ingress (MEP RX direction quality) measurement provided as 1 = 0.0001% , i.e. 50 means 0.005% of Frame Loss Ratio."
dsl-modem,ACTELIS-SERV-MON-MIB,flFlrELinePrev1DayFLREgress,1.3.6.1.4.1.5468.4.1.4.1.1.14,column,unsigned32,,percent,description text,read-only,no,no,flFlrELinePrev1DayFLREgress,"Frame Loss Ratio on FEND (MEP TX direction quality) measurement provided as 1 = 0.0001% , i.e. 50 means 0.005% of Frame Loss Ratio."
dsl-modem,ACTELIS-SERV-MON-MIB,flFlrELine15MinMEPID,1.3.6.1.4.1.5468.4.1.4.2.1.1,column,textual-convention,Dot1agCfmMepId,,,read-only,no,no,flFlrELine15MinMEPID,This parameter uniquely identifies the MEP in it's MEG.
dsl-modem,ACTELIS-SERV-MON-MIB,flFlrELine15MinPortID,1.3.6.1.4.1.5468.4.1.4.2.1.2,column,textual-convention,InterfaceIndex,,,read-only,no,no,flFlrELine15MinPortID,An unique value of port interface on which MEP is reported. It is an index from IfTable for ETH-x or HSL-x ports. Multiple MEPs may be applied on the same port.
dsl-modem,ACTELIS-SERV-MON-MIB,flFlrELineCurr15minIntervalStart,1.3.6.1.4.1.5468.4.1.4.2.1.3,column,textual-convention,DateAndTime,,,read-only,no,no,flFlrELineCurr15minIntervalStart,This attribute specifies timestampt of current interval start for measurements done: FL and FLR.
dsl-modem,ACTELIS-SERV-MON-MIB,flFlrELineCurr15minIntervalValidity,1.3.6.1.4.1.5468.4.1.4.2.1.4,column,textual-convention,IntervalValidity,,,read-only,no,no,flFlrELineCurr15minIntervalValidity,"Interval validity other(1),unknown(2), adjusted(3), completed(4),long(5), notavailable(6), off(7), partial(8). Where ADJ - Data has been manually adjusted or initialized. COMPL - Data has been accumulated over the entire time period. LONG - Data accumulated over greater than the indicated time period. NA - Data is not available. OFF - Performance monitoring was turned off by the SET-PMMODE command. PRTL - Data is accumulated over some portion of the time period."
dsl-modem,ACTELIS-SERV-MON-MIB,flFlrELineCurr15minFLIngress,1.3.6.1.4.1.5468.4.1.4.2.1.5,column,counter32,,count,SMI type counter32,read-only,no,no,flFlrELineCurr15minFLIngress,Frame Loss on NEND or Ingress (MEP RX direction quality) measurement provided in frames. All is counted starting from current (15-min) interval.
dsl-modem,ACTELIS-SERV-MON-MIB,flFlrELineCurr15minFLEgress,1.3.6.1.4.1.5468.4.1.4.2.1.6,column,counter32,,count,SMI type counter32,read-only,no,no,flFlrELineCurr15minFLEgress,Frame Loss on FEND or Egress (MEP TX direction quality) measurement provided in frames. All is counted starting from current (15-min) interval.
dsl-modem,ACTELIS-SERV-MON-MIB,flFlrELineCurr15minFLRIngress,1.3.6.1.4.1.5468.4.1.4.2.1.7,column,unsigned32,,percent,description text,read-only,no,no,flFlrELineCurr15minFLRIngress,"Frame Loss Ratio on NEND or Ingress (MEP RX direction quality) measurement provided as 1 = 0.0001% , i.e. 50 means 0.005% of Frame Loss Ratio. All is counted starting from current (15-min) interval."
dsl-modem,ACTELIS-SERV-MON-MIB,flFlrELineCurr15minFLREgress,1.3.6.1.4.1.5468.4.1.4.2.1.8,column,unsigned32,,percent,description text,read-only,no,no,flFlrELineCurr15minFLREgress,"Frame Loss Ratio on FEND or Egress (MEP TX direction quality) measurement provided as 1 = 0.0001% , i.e. 50 means 0.005% of Frame Loss Ratio. All is counted starting from current (15-min) interval."
dsl-modem,ACTELIS-SERV-MON-MIB,flFlrELinePrev15minIntervalStop,1.3.6.1.4.1.5468.4.1.4.2.1.9,column,textual-convention,DateAndTime,,,read-only,no,no,flFlrELinePrev15minIntervalStop,This attribute specifies timestamp of history interval stop for measurements done: FL and FLR.
dsl-modem,ACTELIS-SERV-MON-MIB,flFlrELinePrev15minIntervalValidity,1.3.6.1.4.1.5468.4.1.4.2.1.10,column,textual-convention,IntervalValidity,,,read-only,no,no,flFlrELinePrev15minIntervalValidity,"Interval validity valid values are: other(1),unknown(2), adjusted(3), completed(4),long(5), notavailable(6), off(7), partial(8). Where ADJ - Data has been manually adjusted or initialized. COMPL - Data has been accumulated over the entire time period. LONG - Data accumulated over greater than the indicated time period. NA - Data is not available. OFF - Performance monitoring was turned off by the SET-PMMODE command. PRTL - Data is accumulated over some portion of the time period."
dsl-modem,ACTELIS-SERV-MON-MIB,flFlrELinePrev15minFLIngress,1.3.6.1.4.1.5468.4.1.4.2.1.11,column,counter32,,count,SMI type counter32,read-only,no,no,flFlrELinePrev15minFLIngress,Frame Loss on NEND or Ingress (MEP RX direction quality) measurement provided in frames. Counted for 15-min previous interval.
dsl-modem,ACTELIS-SERV-MON-MIB,flFlrELinePrev15minFLEgress,1.3.6.1.4.1.5468.4.1.4.2.1.12,column,counter32,,count,SMI type counter32,read-only,no,no,flFlrELinePrev15minFLEgress,Frame Loss on FEND or Egress (MEP TX direction quality) measurement provided in frames. Counted for 15-min previous interval.
dsl-modem,ACTELIS-SERV-MON-MIB,flFlrELinePrev15minFLRIngress,1.3.6.1.4.1.5468.4.1.4.2.1.13,column,unsigned32,,percent,description text,read-only,no,no,flFlrELinePrev15minFLRIngress,"Frame Loss Ratio on NEND or Ingress (MEP RX direction quality) measurement provided as 1 = 0.0001% , i.e. 50 means 0.005% of Frame Loss Ratio. Counted for 15-min previous interval."
dsl-modem,ACTELIS-SERV-MON-MIB,flFlrELinePrev15minFLREgress,1.3.6.1.4.1.5468.4.1.4.2.1.14,column,unsigned32,,percent,description text,read-only,no,no,flFlrELinePrev15minFLREgress,"Frame Loss Ratio on FEND (MEP TX direction quality) measurement provided as 1 = 0.0001% , i.e. 50 means 0.005% of Frame Loss Ratio. Counted for 15-min previous interval."
dsl-modem,ACTELIS-SERV-MON-MIB,flFlrELAN1DayRmepIndex,1.3.6.1.4.1.5468.4.1.5.1.1.1,column,string,,,,not-accessible,no,yes,flFlrELAN1DayRmepIndex,Index of RMEP.
dsl-modem,ACTELIS-SERV-MON-MIB,flFlrELAN1DayMEPID,1.3.6.1.4.1.5468.4.1.5.1.1.2,column,textual-convention,Dot1agCfmMepId,,,read-only,no,no,flFlrELAN1DayMEPID,This parameter uniquely identifies the MEP in it's MEG.
dsl-modem,ACTELIS-SERV-MON-MIB,flFlrELAN1DayPortID,1.3.6.1.4.1.5468.4.1.5.1.1.3,column,textual-convention,InterfaceIndex,,,read-only,no,no,flFlrELAN1DayPortID,An unique value of port interface on which MEP is reported. It is an index from IfTable for ETH-x or HSL-x ports. Note: Multiple MEPs may be applied on the same port.
dsl-modem,ACTELIS-SERV-MON-MIB,flFlrELAN1DayRmepIDX,1.3.6.1.4.1.5468.4.1.5.1.1.4,column,unsigned32,,,,read-only,no,no,flFlrELAN1DayRmepIDX,This index uniquely (relatively to the MEP) identifies the Remote Peer. RMEP index is provided for the RMEP configured with FD or FL MONITOR=Y.
dsl-modem,ACTELIS-SERV-MON-MIB,flFlrELANCurr1DayIntervalStart,1.3.6.1.4.1.5468.4.1.5.1.1.5,column,textual-convention,DateAndTime,,,read-only,no,no,flFlrELANCurr1DayIntervalStart,This attribute specifies timestampt of current interval start for measurements done: FL and FLR.
dsl-modem,ACTELIS-SERV-MON-MIB,flFlrELANCurr1DayIntervalValidity,1.3.6.1.4.1.5468.4.1.5.1.1.6,column,textual-convention,IntervalValidity,,,read-only,no,no,flFlrELANCurr1DayIntervalValidity,"Interval validity other(1),unknown(2), adjusted(3), completed(4),long(5), notavailable(6), off(7), partial(8). Where ADJ - Data has been manually adjusted or initialized. COMPL - Data has been accumulated over the entire time period. LONG - Data accumulated over greater than the indicated time period. NA - Data is not available. OFF - Performance monitoring was turned off by the SET-PMMODE command. PRTL - Data is accumulated over some portion of the time period."
dsl-modem,ACTELIS-SERV-MON-MIB,flFlrELANCurr1DayFL,1.3.6.1.4.1.5468.4.1.5.1.1.7,column,counter32,,count,SMI type counter32,read-only,no,no,flFlrELANCurr1DayFL,Frame Loss measurement provided in frames.
dsl-modem,ACTELIS-SERV-MON-MIB,flFlrELANCurr1DayFLR,1.3.6.1.4.1.5468.4.1.5.1.1.8,column,unsigned32,,percent,description text,read-only,no,no,flFlrELANCurr1DayFLR,"Frame Loss Ratio measurement provided as 1 = 0.0001% , i.e. 50 means 0.005% of Frame Loss Ratio."
dsl-modem,ACTELIS-SERV-MON-MIB,flFlrELANPrev1DayIntervalStop,1.3.6.1.4.1.5468.4.1.5.1.1.9,column,textual-convention,DateAndTime,,,read-only,no,no,flFlrELANPrev1DayIntervalStop,This attribute specifies timestamp of history interval stop for measurements done: FL and FLR.
dsl-modem,ACTELIS-SERV-MON-MIB,flFlrELANPrev1DayIntervalValidity,1.3.6.1.4.1.5468.4.1.5.1.1.10,column,textual-convention,IntervalValidity,,,read-only,no,no,flFlrELANPrev1DayIntervalValidity,"Interval validity valid values are: other(1),unknown(2), adjusted(3), completed(4),long(5), notavailable(6), off(7), partial(8). Where ADJ - Data has been manually adjusted or initialized. COMPL - Data has been accumulated over the entire time period. LONG - Data accumulated over greater than the indicated time period. NA - Data is not available. OFF - Performance monitoring was turned off by the SET-PMMODE command. PRTL - Data is accumulated over some portion of the time period."
dsl-modem,ACTELIS-SERV-MON-MIB,flFlrELANPrev1DayFL,1.3.6.1.4.1.5468.4.1.5.1.1.11,column,counter32,,count,SMI type counter32,read-only,no,no,flFlrELANPrev1DayFL,Frame Loss measurement provided in frames.
dsl-modem,ACTELIS-SERV-MON-MIB,flFlrELANPrev1DayFLR,1.3.6.1.4.1.5468.4.1.5.1.1.12,column,unsigned32,,percent,description text,read-only,no,no,flFlrELANPrev1DayFLR,"Frame Loss Ratio measurement provided as 1 = 0.0001% , i.e. 50 means 0.005% of Frame Loss Ratio."
dsl-modem,ACTELIS-SERV-MON-MIB,flFlrELANCurr1DayFENDIntervalValidity,1.3.6.1.4.1.5468.4.1.5.1.1.13,column,textual-convention,IntervalValidity,days,description text,read-only,no,no,flFlrELANCurr1DayFENDIntervalValidity,"Current 1 Day interval validity for Far-End counters. Available for FL/FLR counted by SLM/SLR method. Valid values: other(1),unknown(2), adjusted(3), completed(4),long(5), notavailable(6), off(7), partial(8). Where ADJ - Data has been manually adjusted or initialized. COMPL - Data has been accumulated over the entire time period. LONG - Data accumulated over greater than the indicated time period. NA - Data is not available. OFF - Performance monitoring was turned off by the SET-PMMODE command."
dsl-modem,ACTELIS-SERV-MON-MIB,flFlrELANCurr1DayFLFEND,1.3.6.1.4.1.5468.4.1.5.1.1.14,column,counter32,,count,SMI type counter32,read-only,no,no,flFlrELANCurr1DayFLFEND,Far-End Frame Loss measurement provided in frames. Available for FL/FLR counted by SLM/SLR method.
dsl-modem,ACTELIS-SERV-MON-MIB,flFlrELANCurr1DayFLRFEND,1.3.6.1.4.1.5468.4.1.5.1.1.15,column,unsigned32,,percent,description text,read-only,no,no,flFlrELANCurr1DayFLRFEND,"Far-End Frame Loss Ratio,available for FL/FLR counted by SLM/SLR method. Measurement provided as 1 = 0.0001% , i.e. 50 means 0.005% of Frame Loss Ratio."
dsl-modem,ACTELIS-SERV-MON-MIB,flFlrELANPrev1DayFENDIntervalValidity,1.3.6.1.4.1.5468.4.1.5.1.1.16,column,textual-convention,IntervalValidity,days,description text,read-only,no,no,flFlrELANPrev1DayFENDIntervalValidity,"Previous 1 Day interval validity for Far-End counters. Interval validity valid values are: other(1),unknown(2), adjusted(3), completed(4),long(5), notavailable(6), off(7), partial(8). Where ADJ - Data has been manually adjusted or initialized. COMPL - Data has been accumulated over the entire time period. LONG - Data accumulated over greater than the indicated time period. NA - Data is not available. OFF - Performance monitoring was turned off by the SET-PMMODE command. PRTL - Data is accumulate"
dsl-modem,ACTELIS-SERV-MON-MIB,flFlrELANPrev1DayFLFEND,1.3.6.1.4.1.5468.4.1.5.1.1.17,column,counter32,,count,SMI type counter32,read-only,no,no,flFlrELANPrev1DayFLFEND,Far-End Frame Loss measurement provided in frames. Available for FL/FLR counted by SLM/SLR method.
dsl-modem,ACTELIS-SERV-MON-MIB,flFlrELANPrev1DayFLRFEND,1.3.6.1.4.1.5468.4.1.5.1.1.18,column,unsigned32,,percent,description text,read-only,no,no,flFlrELANPrev1DayFLRFEND,"Far-EndFrame Loss Ratio,available for FL/FLR counted by SLM/SLR method. Measurement provided as 1 = 0.0001% , i.e. 50 means 0.005% of Frame Loss Ratio."
dsl-modem,ACTELIS-SERV-MON-MIB,flFlrELAN15MinRmepIndex,1.3.6.1.4.1.5468.4.1.5.2.1.1,column,string,,,,not-accessible,no,yes,flFlrELAN15MinRmepIndex,Index of RMEP.
dsl-modem,ACTELIS-SERV-MON-MIB,flFlrELAN15MinMEPID,1.3.6.1.4.1.5468.4.1.5.2.1.2,column,textual-convention,Dot1agCfmMepId,,,read-only,no,no,flFlrELAN15MinMEPID,This parameter uniquely identifies the MEP in it's MEG.
dsl-modem,ACTELIS-SERV-MON-MIB,flFlrELAN15MinPortID,1.3.6.1.4.1.5468.4.1.5.2.1.3,column,textual-convention,InterfaceIndex,,,read-only,no,no,flFlrELAN15MinPortID,An unique value of port interface on which MEP is reported. It is an index from IfTable for ETH-x or HSL-x ports. Multiple MEPs may be applied on the same port.
dsl-modem,ACTELIS-SERV-MON-MIB,flFlrELAN15MinRmepIDX,1.3.6.1.4.1.5468.4.1.5.2.1.4,column,unsigned32,,,,read-only,no,no,flFlrELAN15MinRmepIDX,This index uniquely (relatively to the MEP) identifies the Remote Peer. RMEP index is provided for the RMEP configured with FD or FL MONITOR=Y.
dsl-modem,ACTELIS-SERV-MON-MIB,flFlrELANCurr15minIntervalStart,1.3.6.1.4.1.5468.4.1.5.2.1.5,column,textual-convention,DateAndTime,,,read-only,no,no,flFlrELANCurr15minIntervalStart,This attribute specifies timestampt of current interval start for measurements done: FL and FLR.
dsl-modem,ACTELIS-SERV-MON-MIB,flFlrELANCurr15minIntervalValidity,1.3.6.1.4.1.5468.4.1.5.2.1.6,column,textual-convention,IntervalValidity,,,read-only,no,no,flFlrELANCurr15minIntervalValidity,"Interval validity other(1),unknown(2), adjusted(3), completed(4),long(5), notavailable(6), off(7), partial(8). Where ADJ - Data has been manually adjusted or initialized. COMPL - Data has been accumulated over the entire time period. LONG - Data accumulated over greater than the indicated time period. NA - Data is not available. OFF - Performance monitoring was turned off by the SET-PMMODE command. PRTL - Data is accumulated over some portion of the time period."
dsl-modem,ACTELIS-SERV-MON-MIB,flFlrELANCurr15minFL,1.3.6.1.4.1.5468.4.1.5.2.1.7,column,counter32,,count,SMI type counter32,read-only,no,no,flFlrELANCurr15minFL,Frame Loss measurement provided in frames. All is counted starting from current (15-min) interval.
dsl-modem,ACTELIS-SERV-MON-MIB,flFlrELANCurr15minFLR,1.3.6.1.4.1.5468.4.1.5.2.1.8,column,unsigned32,,percent,description text,read-only,no,no,flFlrELANCurr15minFLR,"Frame Loss Ratio measurement provided as 1 = 0.0001% , i.e. 50 means 0.005% of Frame Loss Ratio. All is counted starting from current (15-min) interval."
dsl-modem,ACTELIS-SERV-MON-MIB,flFlrELANPrev15minIntervalStop,1.3.6.1.4.1.5468.4.1.5.2.1.9,column,textual-convention,DateAndTime,,,read-only,no,no,flFlrELANPrev15minIntervalStop,This attribute specifies timestamp of history interval stop for measurements done: FL and FLR.
dsl-modem,ACTELIS-SERV-MON-MIB,flFlrELANPrev15minIntervalValidity,1.3.6.1.4.1.5468.4.1.5.2.1.10,column,textual-convention,IntervalValidity,,,read-only,no,no,flFlrELANPrev15minIntervalValidity,"Interval validity valid values are: other(1),unknown(2), adjusted(3), completed(4),long(5), notavailable(6), off(7), partial(8). Where ADJ - Data has been manually adjusted or initialized. COMPL - Data has been accumulated over the entire time period. LONG - Data accumulated over greater than the indicated time period. NA - Data is not available. OFF - Performance monitoring was turned off by the SET-PMMODE command. PRTL - Data is accumulated over some portion of the time period."
dsl-modem,ACTELIS-SERV-MON-MIB,flFlrELANPrev15minFL,1.3.6.1.4.1.5468.4.1.5.2.1.11,column,counter32,,count,SMI type counter32,read-only,no,no,flFlrELANPrev15minFL,Frame Loss measurement provided in frames. Counted for 15-min previous interval.
dsl-modem,ACTELIS-SERV-MON-MIB,flFlrELANPrev15minFLR,1.3.6.1.4.1.5468.4.1.5.2.1.12,column,unsigned32,,percent,description text,read-only,no,no,flFlrELANPrev15minFLR,"Frame Loss Ratio measurement provided as 1 = 0.0001% , i.e. 50 means 0.005% of Frame Loss Ratio. Counted for 15-min previous interval."
dsl-modem,ACTELIS-SERV-MON-MIB,flFlrELANCurr15minFENDIntervalValidity,1.3.6.1.4.1.5468.4.1.5.2.1.13,column,textual-convention,IntervalValidity,,,read-only,no,no,flFlrELANCurr15minFENDIntervalValidity,"Far-end counters Interval validity, available for FL/FLR counted by SLM/SLR method. Valid values: other(1),unknown(2), adjusted(3), completed(4),long(5), notavailable(6), off(7), partial(8). Where ADJ - Data has been manually adjusted or initialized. COMPL - Data has been accumulated over the entire time period. LONG - Data accumulated over greater than the indicated time period. NA - Data is not available. OFF - Performance monitoring was turned off by the SET-PMMODE command. PRTL - Data is acc"
dsl-modem,ACTELIS-SERV-MON-MIB,flFlrELANCurr15minFLFEND,1.3.6.1.4.1.5468.4.1.5.2.1.14,column,counter32,,count,SMI type counter32,read-only,no,no,flFlrELANCurr15minFLFEND,"Far-End Frame Loss measurement provided in frames, available for FL/FLR counted by SLM/SLR method. All is counted starting from current (15-min) interval."
dsl-modem,ACTELIS-SERV-MON-MIB,flFlrELANCurr15minFLRFEND,1.3.6.1.4.1.5468.4.1.5.2.1.15,column,unsigned32,,percent,description text,read-only,no,no,flFlrELANCurr15minFLRFEND,"Far-EndFrame Loss Ratio , available for FL/FLR counted by SLM/SLR method. Measurement provided as 1 = 0.0001% , i.e. 50 means 0.005% of Frame Loss Ratio. All is counted starting from current (15-min) interval."
dsl-modem,ACTELIS-SERV-MON-MIB,flFlrELANPrev15minFENDIntervalValidity,1.3.6.1.4.1.5468.4.1.5.2.1.16,column,textual-convention,IntervalValidity,,,read-only,no,no,flFlrELANPrev15minFENDIntervalValidity,"Far-end counters Interval validity, available for FL/FLR counted by SLM/SLR method. Valid values: other(1),unknown(2), adjusted(3), completed(4),long(5), notavailable(6), off(7), partial(8). Where ADJ - Data has been manually adjusted or initialized. COMPL - Data has been accumulated over the entire time period. LONG - Data accumulated over greater than the indicated time period. NA - Data is not available. OFF - Performance monitoring was turned off by the SET-PMMODE command. PRTL - Data is acc"
dsl-modem,ACTELIS-SERV-MON-MIB,flFlrELANPrev15minFLFEND,1.3.6.1.4.1.5468.4.1.5.2.1.17,column,counter32,,count,SMI type counter32,read-only,no,no,flFlrELANPrev15minFLFEND,"Far-End Frame Loss measurement provided in frames, available for FL/FLR counted by SLM/SLR method. Counted for 15-min previous interval."
dsl-modem,ACTELIS-SERV-MON-MIB,flFlrELANPrev15minFLRFEND,1.3.6.1.4.1.5468.4.1.5.2.1.18,column,unsigned32,,percent,description text,read-only,no,no,flFlrELANPrev15minFLRFEND,"Far-End Frame Loss Ratio, available for FL/FLR counted by SLM/SLR method. Measurement provided as 1 = 0.0001% , i.e. 50 means 0.005% of Frame Loss Ratio. Counted for 15-min previous interval."
dsl-modem,ACTELIS-SERV-MON-MIB,fdFdvELAN1DayRmepIndex,1.3.6.1.4.1.5468.4.1.6.1.1.1,column,string,,,,not-accessible,no,yes,fdFdvELAN1DayRmepIndex,Index of RMEP.
dsl-modem,ACTELIS-SERV-MON-MIB,fdFdvELAN1DayMEPID,1.3.6.1.4.1.5468.4.1.6.1.1.2,column,textual-convention,Dot1agCfmMepId,,,read-only,no,no,fdFdvELAN1DayMEPID,This parameter uniquely identifies the MEP in it's MEG.
dsl-modem,ACTELIS-SERV-MON-MIB,fdFdvELAN1DayPortID,1.3.6.1.4.1.5468.4.1.6.1.1.3,column,textual-convention,InterfaceIndex,,,read-only,no,no,fdFdvELAN1DayPortID,An unique value of port interface on which MEP is reported. It is an index from IfTable for ETH-x or HSL-x ports. Multiple MEPs may be applied on the same port
dsl-modem,ACTELIS-SERV-MON-MIB,fdFdvELAN1DayRmepIDX,1.3.6.1.4.1.5468.4.1.6.1.1.4,column,unsigned32,,,,read-only,no,no,fdFdvELAN1DayRmepIDX,This index uniquely (relatively to the MEP) identifies the Remote Peer. RMEP index is provided for the RMEP configured with FD or FL MONITOR=Y.
dsl-modem,ACTELIS-SERV-MON-MIB,fdFdvELANCurr1DayIntervalStart,1.3.6.1.4.1.5468.4.1.6.1.1.5,column,textual-convention,DateAndTime,,,read-only,no,no,fdFdvELANCurr1DayIntervalStart,"This attribute specifies timestampt of current interval start for measurements done: FD, FDV."
dsl-modem,ACTELIS-SERV-MON-MIB,fdFdvELANCurr1DayIntervalValidity,1.3.6.1.4.1.5468.4.1.6.1.1.6,column,textual-convention,IntervalValidity,,,read-only,no,no,fdFdvELANCurr1DayIntervalValidity,"Interval validity other(1),unknown(2), adjusted(3), completed(4),long(5), notavailable(6), off(7), partial(8). Where ADJ - Data has been manually adjusted or initialized. COMPL - Data has been accumulated over the entire time period. LONG - Data accumulated over greater than the indicated time period. NA - Data is not available. OFF - Performance monitoring was turned off by the SET-PMMODE command. PRTL - Data is accumulated over some portion of the time period."
dsl-modem,ACTELIS-SERV-MON-MIB,fdFdvELANCurr1DayFD,1.3.6.1.4.1.5468.4.1.6.1.1.7,column,string,,milliseconds,description text,read-only,no,no,fdFdvELANCurr1DayFD,Round trip Frame Delay is measured between the MEP and the RMEP specified as indexes in the table. It is measured in microsecond units. 1000 microseconds = 1 msec. Attribute reports the Average delay registered starting current 1-day interval (timestamp of start is provided).
dsl-modem,ACTELIS-SERV-MON-MIB,fdFdvELANCurr1DayFDV,1.3.6.1.4.1.5468.4.1.6.1.1.8,column,string,,microseconds,description text,read-only,no,no,fdFdvELANCurr1DayFDV,Round trip Frame Delay Variation is measured between the MEP and the RMEP specified as indexes in the table. Attribute reports the delay variation between Maximal and Minimal FD value registered starting current 1-day interval (timestamp of start is provided). It is measured in microsecond units.
dsl-modem,ACTELIS-SERV-MON-MIB,fdFdvELANPrev1DayIntervalStop,1.3.6.1.4.1.5468.4.1.6.1.1.9,column,textual-convention,DateAndTime,,,read-only,no,no,fdFdvELANPrev1DayIntervalStop,"This attribute specifies timestampt of previous interval stop for measurements done: FD, FDV."
dsl-modem,ACTELIS-SERV-MON-MIB,fdFdvELANPrev1DayIntervalValidity,1.3.6.1.4.1.5468.4.1.6.1.1.10,column,textual-convention,IntervalValidity,,,read-only,no,no,fdFdvELANPrev1DayIntervalValidity,"Interval validity other(1),unknown(2), adjusted(3), completed(4),long(5), notavailable(6), off(7), partial(8). Where ADJ - Data has been manually adjusted or initialized. COMPL - Data has been accumulated over the entire time period. LONG - Data accumulated over greater than the indicated time period. NA - Data is not available. OFF - Performance monitoring was turned off by the SET-PMMODE command. PRTL - Data is accumulated over some portion of the time period."
dsl-modem,ACTELIS-SERV-MON-MIB,fdFdvELANPrev1DayFD,1.3.6.1.4.1.5468.4.1.6.1.1.11,column,string,,milliseconds,description text,read-only,no,no,fdFdvELANPrev1DayFD,Round trip Frame Delay is measured between the MEP and the RMEP specified as indexes in the table. It is measured in microsecond units. 1000 microseconds = 1 msec. Attribute reports the Average delay registered in previous 1-day interval (timestamp of stop is provided).
dsl-modem,ACTELIS-SERV-MON-MIB,fdFdvELANPrev1DayFDV,1.3.6.1.4.1.5468.4.1.6.1.1.12,column,string,,microseconds,description text,read-only,no,no,fdFdvELANPrev1DayFDV,Round trip Frame Delay Variation is measured between the MEP and the RMEP specified as indexes in the table. Attribute reports the delay variation between Maximal and Minimal FD value registered in previous 1-day interval (timestamp of stop is provided).It is measured in microsecond units.
dsl-modem,ACTELIS-SERV-MON-MIB,fdFdvELAN15MinRmepIndex,1.3.6.1.4.1.5468.4.1.6.2.1.1,column,string,,,,not-accessible,no,yes,fdFdvELAN15MinRmepIndex,Index of RMEP.
dsl-modem,ACTELIS-SERV-MON-MIB,fdFdvELAN15MinMEPID,1.3.6.1.4.1.5468.4.1.6.2.1.2,column,textual-convention,Dot1agCfmMepId,,,read-only,no,no,fdFdvELAN15MinMEPID,This parameter uniquely identifies the MEP in it's MEG.
dsl-modem,ACTELIS-SERV-MON-MIB,fdFdvELAN15MinPortID,1.3.6.1.4.1.5468.4.1.6.2.1.3,column,textual-convention,InterfaceIndex,,,read-only,no,no,fdFdvELAN15MinPortID,An unique value of port interface on which MEP is reported. It is an index from IfTable for ETH-x or HSL-x ports. Multiple MEPs may be applied on the same port
dsl-modem,ACTELIS-SERV-MON-MIB,fdFdvELAN15MinRmepIDX,1.3.6.1.4.1.5468.4.1.6.2.1.4,column,unsigned32,,,,read-only,no,no,fdFdvELAN15MinRmepIDX,This index uniquely (relatively to the MEP) identifies the Remote Peer. RMEP index is provided for the RMEP configured with FD or FL MONITOR=Y.
dsl-modem,ACTELIS-SERV-MON-MIB,fdFdvELANCurr15minIntervalStart,1.3.6.1.4.1.5468.4.1.6.2.1.5,column,textual-convention,DateAndTime,,,read-only,no,no,fdFdvELANCurr15minIntervalStart,"This attribute specifies timestampt of current interval start for measurements done: FD, FDV."
dsl-modem,ACTELIS-SERV-MON-MIB,fdFdvELANCurr15minIntervalValidity,1.3.6.1.4.1.5468.4.1.6.2.1.6,column,textual-convention,IntervalValidity,,,read-only,no,no,fdFdvELANCurr15minIntervalValidity,"Interval validity other(1),unknown(2), adjusted(3), completed(4),long(5), notavailable(6), off(7), partial(8). Where ADJ - Data has been manually adjusted or initialized. COMPL - Data has been accumulated over the entire time period. LONG - Data accumulated over greater than the indicated time period. NA - Data is not available. OFF - Performance monitoring was turned off by the SET-PMMODE command. PRTL - Data is accumulated over some portion of the time period."
dsl-modem,ACTELIS-SERV-MON-MIB,fdFdvELANCurr15minFD,1.3.6.1.4.1.5468.4.1.6.2.1.7,column,string,,milliseconds,description text,read-only,no,no,fdFdvELANCurr15minFD,Round trip Frame Delay is measured between the MEP and the RMEP specified as indexes in the table. It is measured in microsecond units. 1000 microseconds = 1 msec. Attribute reports the Average delay registered starting current 15-min interval(timestamp of start is provided).
dsl-modem,ACTELIS-SERV-MON-MIB,fdFdvELANCurr15minFDV,1.3.6.1.4.1.5468.4.1.6.2.1.8,column,string,,microseconds,description text,read-only,no,no,fdFdvELANCurr15minFDV,Round trip Frame Delay Variation is measured between the MEP and the RMEP specified as indexes in the table. Attribute reports the delay variation between Average and Minimal FD value registered starting current 15-min interval (timestamp of start is provided). It is measured in microsecond units.
dsl-modem,ACTELIS-SERV-MON-MIB,fdFdvELANPrev15minIntervalStop,1.3.6.1.4.1.5468.4.1.6.2.1.9,column,textual-convention,DateAndTime,,,read-only,no,no,fdFdvELANPrev15minIntervalStop,"This attribute specifies timestampt of previous interval stop for measurements done: FD, FDV."
dsl-modem,ACTELIS-SERV-MON-MIB,fdFdvELANPrev15minIntervalValidity,1.3.6.1.4.1.5468.4.1.6.2.1.10,column,textual-convention,IntervalValidity,,,read-only,no,no,fdFdvELANPrev15minIntervalValidity,"Interval validity other(1),unknown(2), adjusted(3), completed(4),long(5), notavailable(6), off(7), partial(8). Where ADJ - Data has been manually adjusted or initialized. COMPL - Data has been accumulated over the entire time period. LONG - Data accumulated over greater than the indicated time period. NA - Data is not available. OFF - Performance monitoring was turned off by the SET-PMMODE command. PRTL - Data is accumulated over some portion of the time period."
dsl-modem,ACTELIS-SERV-MON-MIB,fdFdvELANPrev15minFD,1.3.6.1.4.1.5468.4.1.6.2.1.11,column,string,,milliseconds,description text,read-only,no,no,fdFdvELANPrev15minFD,Round trip Frame Delay is measured between the MEP and the RMEP specified as indexes in the table. It is measured in microsecond units. 1000 microseconds = 1 msec. Attribute reports the Average delay registered in previous 15-min interval (timestamp of stop is provided).
dsl-modem,ACTELIS-SERV-MON-MIB,fdFdvELANPrev15minFDV,1.3.6.1.4.1.5468.4.1.6.2.1.12,column,string,,microseconds,description text,read-only,no,no,fdFdvELANPrev15minFDV,Round trip Frame Delay Variation is measured between the MEP and the RMEP specified as indexes in the table. Attribute reports the delay variation between Average and Minimal FD value registered in previous 15-min interval (timestamp of stop is provided). It is measured in microsecond units.
dsl-modem,ACTELIS-SERV-MON-MIB,servMonMEFServAvailObjectiveCU,1.3.6.1.4.1.5468.4.1.7.1,scalar,unsigned32,,percent,description text,read-write,yes,no,mEFServAvailObjectiveCU,"See MEF10.2 paragraph 6.9.7. Unavailable Service FLR Threshold parameter, is used for Service Availability Performance measurement. Unit 1 = 0.001%. 90000 means >= 90% FLR is assumed unavailable Service threshold"
dsl-modem,ACTELIS-SERV-MON-MIB,servMonMEFServAvailObjectiveCA,1.3.6.1.4.1.5468.4.1.7.2,scalar,unsigned32,,percent,description text,read-write,yes,no,mEFServAvailObjectiveCA,"See MEF10.2 paragraph 6.9.7. Available Service FLR Threshold parameter, is used for Service Availability Performance measurement. Unit 1 = 0.001%. 90000 means that <90% FLR is assumed Available Service threshold"
dsl-modem,ACTELIS-SERV-MON-MIB,servMonMEFServ1wayFLRObjectiveL,1.3.6.1.4.1.5468.4.1.7.3,scalar,unsigned32,,percent,description text,read-write,yes,no,mEFServ1wayFLRObjectiveL,See MEF10.2 paragraph 6.9.6. One-way Frame Loss Ratio Performance objective. Unit 1 = 0.001%. 100 = 0.1% - objective of Service FLR Performance
dsl-modem,ACTELIS-SERV-MON-MIB,servMonMEFServ1wayFDObjectiveD,1.3.6.1.4.1.5468.4.1.7.4,scalar,unsigned32,,milliseconds,description text,read-write,yes,no,mEFServ1wayFDObjectiveD,"See MEF10.2 paragraph 6.9.2. One-way Frame Delay Objective, in microseconds. 1000 microseconds = 1 msec. Default is 3msec. Be aware that Frame Delay Performance (percentile) and Frame Delay Range Performance are not configurable"
dsl-modem,ACTELIS-SERV-MON-MIB,servMonMEFServ1wayIFDVObjectiveP,1.3.6.1.4.1.5468.4.1.7.5,scalar,unsigned32,,percent,description text,read-write,yes,no,mEFServ1wayIFDVObjectiveP,"See MEF10.2 paragraph 6.9.4. One-way Inter-Frame Delay Variation Objective, in percentile. Unit 1 = 0.001%. Default is 100 = 0.1% - objective of Service One-way IFDV Performance"
dsl-modem,ACTELIS-SERV-MON-MIB,mef1DayMEPID,1.3.6.1.4.1.5468.4.1.7.6.1.1,column,textual-convention,Dot1agCfmMepId,,,read-only,no,no,mef1DayMEPID,This parameter uniquely identifies the MEP in it's MEG.
dsl-modem,ACTELIS-SERV-MON-MIB,mef1DayPortID,1.3.6.1.4.1.5468.4.1.7.6.1.2,column,textual-convention,InterfaceIndex,,,read-only,no,no,mef1DayPortID,An unique value of port interface on which MEP is reported. It is an index from IfTable for ETH-x or HSL-x ports. Multiple MEPs may be applied on the same port.
dsl-modem,ACTELIS-SERV-MON-MIB,mefCurr1DayIntervalStart,1.3.6.1.4.1.5468.4.1.7.6.1.3,column,textual-convention,DateAndTime,,,read-only,no,no,mefCurr1DayIntervalStart,This attribute specifies timestamp of current interval start for Performance calculations.
dsl-modem,ACTELIS-SERV-MON-MIB,mefCurr1DayIntervalValidity,1.3.6.1.4.1.5468.4.1.7.6.1.4,column,textual-convention,IntervalValidity,,,read-only,no,no,mefCurr1DayIntervalValidity,"Interval validity other(1),unknown(2), adjusted(3), completed(4),long(5), notavailable(6), off(7), partial(8). Where ADJ - Data has been manually adjusted or initialized. COMPL - Data has been accumulated over the entire time period. LONG - Data accumulated over greater than the indicated time period. NA - Data is not available. OFF - Performance monitoring was turned off by the SET-PMMODE command. PRTL - Data is accumulated over some portion of the time period."
dsl-modem,ACTELIS-SERV-MON-MIB,mefCurr1DayServiceAvailability,1.3.6.1.4.1.5468.4.1.7.6.1.5,column,unsigned32,,days,description text,read-only,no,no,mefCurr1DayServiceAvailability,Service Availability Performance (%) is measured using FLR . ML implementation for Availability Performance defined in MEF10.2 formula uses the following hardcoded values for calculation: M = 0 - no scheduled downtime periods is allowed T = 1-day - the time interval t = 15min - the time interval much smaller than T k = 32x3=96 - whole 1-day period include 96 decisions n - Number of consecutive small time intervals for assessing availability = 1(hardcoded non configurable). This mean that Availab
dsl-modem,ACTELIS-SERV-MON-MIB,mefCurr1DayOnewayFLRPerformance,1.3.6.1.4.1.5468.4.1.7.6.1.6,column,unsigned32,,percent,description text,read-only,no,no,mefCurr1DayOnewayFLRPerformance,"Service One-way Frame Loss Ratio Performance (%) . Implementation is defined in MEF10.2, paragraph 6.9.6. Performance Objective is configurable, see servMonMEFServ1wayFLRObjectiveL"
dsl-modem,ACTELIS-SERV-MON-MIB,mefCurr1DayOnewayFDPerformance,1.3.6.1.4.1.5468.4.1.7.6.1.7,column,unsigned32,,percent,description text,read-only,no,no,mefCurr1DayOnewayFDPerformance,"Service One-way Frame Delay Performance (%) . Implementation is defined in MEF10.2, paragraph 6.9.2. Performance Objective is configurable, see servMonMEFServ1wayFDObjectiveD"
dsl-modem,ACTELIS-SERV-MON-MIB,mefCurr1DayOnewayIFDVPerformance,1.3.6.1.4.1.5468.4.1.7.6.1.8,column,unsigned32,,percent,description text,read-only,no,no,mefCurr1DayOnewayIFDVPerformance,"Service One-way Inter-Frame Delay Variation Performance (%) . Implementation is defined in MEF10.2, paragraph 6.9.4. Performance Objective is configurable, see servMonMEFServ1wayIFDVObjectiveP"
dsl-modem,ACTELIS-SERV-MON-MIB,mefPrev1DayIntervalStop,1.3.6.1.4.1.5468.4.1.7.6.1.9,column,textual-convention,DateAndTime,,,read-only,no,no,mefPrev1DayIntervalStop,This attribute specifies timestamp of previous interval stop for Performance calculations.
dsl-modem,ACTELIS-SERV-MON-MIB,mefPrev1DayIntervalValidity,1.3.6.1.4.1.5468.4.1.7.6.1.10,column,textual-convention,IntervalValidity,,,read-only,no,no,mefPrev1DayIntervalValidity,"Interval validity other(1),unknown(2), adjusted(3), completed(4),long(5), notavailable(6), off(7), partial(8). Where ADJ - Data has been manually adjusted or initialized. COMPL - Data has been accumulated over the entire time period. LONG - Data accumulated over greater than the indicated time period. NA - Data is not available. OFF - Performance monitoring was turned off by the SET-PMMODE command. PRTL - Data is accumulated over some portion of the time period."
dsl-modem,ACTELIS-SERV-MON-MIB,mefPrev1DayServiceAvailability,1.3.6.1.4.1.5468.4.1.7.6.1.11,column,unsigned32,,days,description text,read-only,no,no,mefPrev1DayServiceAvailability,Service Availability Performance (%) measured using FLR . ML implementation for Availability Performance defined in MEF10.2 formula uses the following hardcoded values for calculation: M = 0 - no scheduled downtime periods is allowed T = 1-day - the time interval t = 15min - the time interval much smaller than T k = 32x3=96 - whole 1-day period include 96 decisions n - Number of consecutive small time intervals for assessing availability = 1 (hardcoded non configurable). This mean that Availabil
dsl-modem,ACTELIS-SERV-MON-MIB,mefPrev1DayOnewayFLRPerformance,1.3.6.1.4.1.5468.4.1.7.6.1.12,column,unsigned32,,percent,description text,read-only,no,no,mefPrev1DayOnewayFLRPerformance,"Service One-way Frame Loss Ratio Performance (%) . Implementation is defined in MEF10.2, paragraph 6.9.6. Performance Objective is configurable, see servMonMEFServ1wayFLRObjectiveL"
dsl-modem,ACTELIS-SERV-MON-MIB,mefPrev1DayOnewayFDPerformance,1.3.6.1.4.1.5468.4.1.7.6.1.13,column,unsigned32,,percent,description text,read-only,no,no,mefPrev1DayOnewayFDPerformance,"Service One-way Frame Delay Performance (%) . Implementation is defined in MEF10.2, paragraph 6.9.2. Performance Objective is configurable, see servMonMEFServ1wayFDObjectiveD"
dsl-modem,ACTELIS-SERV-MON-MIB,mefPrev1DayOnewayIFDVPerformance,1.3.6.1.4.1.5468.4.1.7.6.1.14,column,unsigned32,,percent,description text,read-only,no,no,mefPrev1DayOnewayIFDVPerformance,"Service One-way Inter-Frame Delay Variation Performance (%) . Implementation is defined in MEF10.2, paragraph 6.9.4. Performance Objective is configurable, see servMonMEFServ1wayIFDVObjectiveP"
dsl-modem,ACTELIS-SERV-MON-MIB,mef15MinMEPID,1.3.6.1.4.1.5468.4.1.7.7.1.1,column,textual-convention,Dot1agCfmMepId,,,read-only,no,no,mef15MinMEPID,This parameter uniquely identifies the MEP in it's MEG.
dsl-modem,ACTELIS-SERV-MON-MIB,mef15MinPortID,1.3.6.1.4.1.5468.4.1.7.7.1.2,column,textual-convention,InterfaceIndex,,,read-only,no,no,mef15MinPortID,An unique value of port interface on which MEP is reported. It is an index from IfTable for ETH-x or HSL-x ports. Multiple MEPs may be applied on the same port.
dsl-modem,ACTELIS-SERV-MON-MIB,mefCurr15MinIntervalStart,1.3.6.1.4.1.5468.4.1.7.7.1.3,column,textual-convention,DateAndTime,,,read-only,no,no,mefCurr15MinIntervalStart,This attribute specifies timestamp of current interval start for Performance calculations.
dsl-modem,ACTELIS-SERV-MON-MIB,mefCurr15MinIntervalValidity,1.3.6.1.4.1.5468.4.1.7.7.1.4,column,textual-convention,IntervalValidity,,,read-only,no,no,mefCurr15MinIntervalValidity,"Interval validity other(1),unknown(2), adjusted(3), completed(4),long(5), notavailable(6), off(7), partial(8). Where ADJ - Data has been manually adjusted or initialized. COMPL - Data has been accumulated over the entire time period. LONG - Data accumulated over greater than the indicated time period. NA - Data is not available. OFF - Performance monitoring was turned off by the SET-PMMODE command. PRTL - Data is accumulated over some portion of the time period."
dsl-modem,ACTELIS-SERV-MON-MIB,mefCurr15MinServiceAvailability,1.3.6.1.4.1.5468.4.1.7.7.1.5,column,unsigned32,,percent,description text,read-only,no,no,mefCurr15MinServiceAvailability,Service Availability Performance (%) is measured using FLR . ML implementation for Availability Performance defined in MEF10.2 formula uses the following hardcoded values for calculation: M = 0 - no scheduled downtime periods is allowed T = 15min - the time interval ?t = 20sec - the time interval much smaller than T k = 45 - 15-min period include 45 decisions n - Number of consecutive small time intervals for assessing availability = 1(hardcoded non configurable). This mean that Availability (0
dsl-modem,ACTELIS-SERV-MON-MIB,mefCurr15MinOnewayFLRPerformance,1.3.6.1.4.1.5468.4.1.7.7.1.6,column,unsigned32,,percent,description text,read-only,no,no,mefCurr15MinOnewayFLRPerformance,"Service One-way Frame Loss Ratio Performance (%) . Implementation is defined in MEF10.2, paragraph 6.9.6. Performance Objective is configurable, see servMonMEFServ1wayFLRObjectiveL"
dsl-modem,ACTELIS-SERV-MON-MIB,mefCurr15MinOnewayFDPerformance,1.3.6.1.4.1.5468.4.1.7.7.1.7,column,unsigned32,,percent,description text,read-only,no,no,mefCurr15MinOnewayFDPerformance,"Service One-way Frame Delay Performance (%) . Implementation is defined in MEF10.2, paragraph 6.9.2. Performance Objective is configurable, see servMonMEFServ1wayFDObjectiveD"
dsl-modem,ACTELIS-SERV-MON-MIB,mefCurr15MinOnewayIFDVPerformance,1.3.6.1.4.1.5468.4.1.7.7.1.8,column,unsigned32,,percent,description text,read-only,no,no,mefCurr15MinOnewayIFDVPerformance,"Service One-way Inter-Frame Delay Variation Performance (%) . Implementation is defined in MEF10.2, paragraph 6.9.4. Performance Objective is configurable, see servMonMEFServ1wayIFDVObjectiveP"
dsl-modem,ACTELIS-SERV-MON-MIB,mefPrev15MinIntervalStop,1.3.6.1.4.1.5468.4.1.7.7.1.9,column,textual-convention,DateAndTime,,,read-only,no,no,mefPrev15MinIntervalStop,This attribute specifies timestamp of previous interval stop for Performance calculations.
dsl-modem,ACTELIS-SERV-MON-MIB,mefPrev15MinIntervalValidity,1.3.6.1.4.1.5468.4.1.7.7.1.10,column,textual-convention,IntervalValidity,,,read-only,no,no,mefPrev15MinIntervalValidity,"Interval validity other(1),unknown(2), adjusted(3), completed(4),long(5), notavailable(6), off(7), partial(8). Where ADJ - Data has been manually adjusted or initialized. COMPL - Data has been accumulated over the entire time period. LONG - Data accumulated over greater than the indicated time period. NA - Data is not available. OFF - Performance monitoring was turned off by the SET-PMMODE command. PRTL - Data is accumulated over some portion of the time period."
dsl-modem,ACTELIS-SERV-MON-MIB,mefPrev15MinServiceAvailability,1.3.6.1.4.1.5468.4.1.7.7.1.11,column,unsigned32,,percent,description text,read-only,no,no,mefPrev15MinServiceAvailability,Service Availability Performance (%) measured using FLR . ML implementation for Availability Performance defined in MEF10.2 formula uses the following hardcoded values for calculation: M = 0 - no scheduled downtime periods is allowed T = 15min - the time interval ?t = 20sec - the time interval much smaller than T k = 54 - 15min period include 45 decisions n - Number of consecutive small time intervals for assessing availability = 1 (hardcoded non configurable). This mean that Availability (0 -FA
dsl-modem,ACTELIS-SERV-MON-MIB,mefPrev15MinOnewayFLRPerformance,1.3.6.1.4.1.5468.4.1.7.7.1.12,column,unsigned32,,percent,description text,read-only,no,no,mefPrev15MinOnewayFLRPerformance,"Service One-way Frame Loss Ratio Performance (%) . Implementation is defined in MEF10.2, paragraph 6.9.6. Performance Objective is configurable, see servMonMEFServ1wayFLRObjectiveL"
dsl-modem,ACTELIS-SERV-MON-MIB,mefPrev15MinOnewayFDPerformance,1.3.6.1.4.1.5468.4.1.7.7.1.13,column,unsigned32,,percent,description text,read-only,no,no,mefPrev15MinOnewayFDPerformance,"Service One-way Frame Delay Performance (%) . Implementation is defined in MEF10.2, paragraph 6.9.2. Performance Objective is configurable, see servMonMEFServ1wayFDObjectiveD"
dsl-modem,ACTELIS-SERV-MON-MIB,mefPrev15MinOnewayIFDVPerformance,1.3.6.1.4.1.5468.4.1.7.7.1.14,column,unsigned32,,percent,description text,read-only,no,no,mefPrev15MinOnewayIFDVPerformance,"Service One-way Inter-Frame Delay Variation Performance (%) . Implementation is defined in MEF10.2, paragraph 6.9.4. Performance Objective is configurable, see servMonMEFServ1wayIFDVObjectiveP"
dsl-modem,ACTELIS-SERV-MON-MIB,servMonMACLpbkportID,1.3.6.1.4.1.5468.4.1.8.1.1.1,column,textual-convention,InterfaceIndex,,,read-only,no,no,mACLpbkportID,"An unique value for port interface reported, specified using ifIndex. Supported on particular ML600 models only.Supported on HSL-1/2 port only. Note that in other ML600 and all ML230/2300 models feature is unsupported."
dsl-modem,ACTELIS-SERV-MON-MIB,servMonMACLpbkStatus,1.3.6.1.4.1.5468.4.1.8.1.1.2,column,integer,,,,read-only,no,no,mACLpbkStatus,"MAC loopback Status, operation applicable via TL1 commands. If OPR-MACLPBK is applied it returns (1), otherwise returns (2)."
dsl-modem,ACTELIS-SERV-MON-MIB,servMonMACLpbkSAFilter,1.3.6.1.4.1.5468.4.1.8.1.1.3,column,mac-address,MacAddress,,,read-only,no,no,mACLpbkSAFilter,"Source Address (SA) MAC filter. 0xFFFFFFFFFFFF means _any_ (don't care) SA value if OPR-MACLPBK is applied, otherwise, means inapplicable."
dsl-modem,ACTELIS-SERV-MON-MIB,servMonMACLpbkDAFilter,1.3.6.1.4.1.5468.4.1.8.1.1.4,column,mac-address,MacAddress,,,read-only,no,no,mACLpbkDAFilter,"Destination Address (DA) MAC filter. 0xFFFFFFFFFFFF means _any_ (don't care) DA value if OPR-MACLPBK is applied, otherwise, means inapplicable."
dsl-modem,ACTELIS-SERV-MON-MIB,servMonMACLpbkValidRxFrames,1.3.6.1.4.1.5468.4.1.8.1.1.5,column,counter32,,count,SMI type counter32,read-only,no,no,mACLpbkValidRxFrames,Number of valid RX frames detected as matched with SA/DA filters
dsl-modem,ACTELIS-SERV-MON-MIB,servMonMACLpbkInvalidRxFrames,1.3.6.1.4.1.5468.4.1.8.1.1.6,column,counter32,,count,SMI type counter32,read-only,no,no,mACLpbkInvalidRxFrames,"Number of RX frames detected as matched with SA/DA filters , but invalid (CRC,under, oversized)"
dsl-modem,ACTELIS-SERV-MON-MIB,servMonMACLpbkRxBytes,1.3.6.1.4.1.5468.4.1.8.1.1.7,column,counter32,,count,SMI type counter32,read-only,no,no,mACLpbkRxBytes,Number of bytes of valid frames detected as matched with SA/DA filters
dsl-modem,ACTELIS-SERV-MON-MIB,servMonMACLpbkTimeOut,1.3.6.1.4.1.5468.4.1.8.1.1.8,column,integer,,minutes,description text,read-only,no,no,mACLpbkTimeOut,MAC loopback TimeOut configured via TL1 only. Reported in minutes. 0 means infinite loopback.
dsl-modem,ACTELIS-SERV-MON-MIB,servMonMACLpbkStartTime,1.3.6.1.4.1.5468.4.1.8.1.1.9,column,string,DisplayString,,,read-only,no,no,mACLpbkStartTime,"MAC loopback Start Time. Reported in YYYY-MM-DD-HH-MM-SS format. If loopback was never activated, returns <null> string"
dsl-modem,ACTELIS-SERV-MON-MIB,servMonMACLpbkVID,1.3.6.1.4.1.5468.4.1.8.1.1.10,column,integer,,,,read-only,no,no,mACLpbkVID,MAC loopback VID. Valid values: -1 - traffic of all VLANs is looped back. (1-4094) - traffic of specified VLAN is looped back (applicable for ML622/4i and ML640E models only).
dsl-modem,ACTELIS-SERV-MON-MIB,servMonSwitchIP,1.3.6.1.4.1.5468.4.1.8.1.1.11,column,boolean,TruthValue,,,read-only,no,no,switchIP,"Switch IP/Port fields request. Valid values: 1 - true, parameter is set Yes, requiring to switch IP/Port (in addition to MAC) SA/DA. 2 - false, parameter is set No, requiring to switch MAC SA/DA only. Supported by ML640E models only, for the rest - always return 2."
dsl-modem,ACTELIS-SERV-MON-MIB,servMonIPLpbkSAFilter,1.3.6.1.4.1.5468.4.1.8.1.1.12,column,string,DisplayString,,,read-only,no,no,iPLpbkSAFilter,"IP Source Address specified as a filter for a loopback, reported as a string in dot numeric for IPv4 or hexa-column for IPv6 explicit values or as ANY value if IP DA is not a part of filter (don't care). Supported by ML640E models only, for the rest - always return string ANY."
dsl-modem,ACTELIS-SERV-MON-MIB,servMonIPLpbkDAFilter,1.3.6.1.4.1.5468.4.1.8.1.1.13,column,string,DisplayString,,,read-only,no,no,iPLpbkDAFilter,"IP Destination Address specified as a filter for a loopback, reported as a string in dot numeric for IPv4 or hexa-column for IPv6 explicit values or as ANY value if IP DA is not a part of filter (don't care). Supported by ML640E models only, for the rest - always return string ANY."
dsl-modem,ACTELIS-SERV-MON-MIB,servMonPortLpbkSAFilter,1.3.6.1.4.1.5468.4.1.8.1.1.14,column,integer,,,,read-only,no,no,portLpbkSAFilter,"L4 Port Source Address specified as a filter for a loopback, Valid values 0-65535, where 65535 means - ANY value, i.e. L4 SA Port is not a part of filter (don't care). Supported by ML640E models only, for the rest - always return 65535 ."
dsl-modem,ACTELIS-SERV-MON-MIB,servMonPortLpbkDAFilter,1.3.6.1.4.1.5468.4.1.8.1.1.15,column,integer,,,,read-only,no,no,portLpbkDAFilter,"L4 Port Destination Address specified as a filter for a loopback, Valid values 0-65535, where 65535 means - ANY value, i.e. L4 DA Port is not a part of filter (don't care). Supported by ML640E models only, for the rest - always return 65535 ."
dsl-modem,ACTELIS-SERV-MON-MIB,servMonLpbkIpVer,1.3.6.1.4.1.5468.4.1.8.1.1.16,column,string,DisplayString,,,read-only,no,no,lpbkIpVer,"IP Version, used to identify L4 header offset, applicable in case when L3 filters (IPSA/IPDA) are unspecified, while L4 filters (at least one of PORTSA,PORTDA) is specific. Valid values - 4, 6, ANY. Fully supported by ML640E models only, for the rest - always return ANY."
