device_type,mib_module,object_name,oid,kind,data_type,textual_convention,unit,unit_source,access,configurable,table_index,nsp_attribute_name,description
switch,ML540M-SYSTEM-MIB,productModel,1.3.6.1.4.1.5468.100.1.1.1,scalar,string,,,,read-only,no,no,productModel,Product Model name.
switch,ML540M-SYSTEM-MIB,swVersion,1.3.6.1.4.1.5468.100.1.1.2,scalar,string,,,,read-only,no,no,swVersion,System SW version
switch,ML540M-SYSTEM-MIB,swBuildNo,1.3.6.1.4.1.5468.100.1.1.3,scalar,string,,,,read-only,no,no,swBuildNo,System SW version built date
switch,ML540M-SYSTEM-MIB,sysMAC,1.3.6.1.4.1.5468.100.1.1.4,scalar,mac-address,PhysAddress,,,read-only,no,no,sysMAC,
switch,ML540M-SYSTEM-MIB,portCount,1.3.6.1.4.1.5468.100.1.1.5,scalar,integer,,,,read-only,no,no,portCount,
switch,ML540M-SYSTEM-MIB,eventSeqId,1.3.6.1.4.1.5468.100.1.2.1.1.1.1,column,integer,,,,not-accessible,no,yes,eventSeqId,This object is used by the event table to identify the row of this table.
switch,ML540M-SYSTEM-MIB,eventLevel,1.3.6.1.4.1.5468.100.1.2.1.1.1.2,column,textual-convention,VTSSEventLevel,,,read-only,no,no,eventLevel,This object indicates the level of event.
switch,ML540M-SYSTEM-MIB,eventTime,1.3.6.1.4.1.5468.100.1.2.1.1.1.3,column,string,,,,read-only,no,no,eventTime,This attribute indicates the event occurence time.
switch,ML540M-SYSTEM-MIB,eventMessage,1.3.6.1.4.1.5468.100.1.2.1.1.1.4,column,string,,,,read-only,no,no,eventMessage,This attribute indicates the event message.
switch,ML540M-SYSTEM-MIB,currentAlarmRowId,1.3.6.1.4.1.5468.100.1.2.2.1.1.1,column,unsigned32,,,,read-only,no,no,currentAlarmRowId,This object indicates the row index in table.
switch,ML540M-SYSTEM-MIB,currentAlarmSeqId,1.3.6.1.4.1.5468.100.1.2.2.1.1.2,column,unsigned32,,,,read-only,no,no,currentAlarmSeqId,"This object indicates the sequence index in table, when new alarm generated, index increases."
switch,ML540M-SYSTEM-MIB,currentAlarmTypeId,1.3.6.1.4.1.5468.100.1.2.2.1.1.3,column,textual-convention,VTSSAlarmType,,,read-only,no,no,currentAlarmTypeId,This attribute indicates the number of alarm type.
switch,ML540M-SYSTEM-MIB,currentAlarmLevel,1.3.6.1.4.1.5468.100.1.2.2.1.1.4,column,textual-convention,VTSSAlarmLevel,,,read-only,no,no,currentAlarmLevel,This attribute indicates the alarm level.
switch,ML540M-SYSTEM-MIB,currentAlarmState,1.3.6.1.4.1.5468.100.1.2.2.1.1.5,column,textual-convention,VTSSAlarmState,,,read-only,no,no,currentAlarmState,This attribute indicates the alarm state.
switch,ML540M-SYSTEM-MIB,currentAlarmTime,1.3.6.1.4.1.5468.100.1.2.2.1.1.6,column,string,,,,read-only,no,no,currentAlarmTime,This attribute indicates the alarm occurence time.
switch,ML540M-SYSTEM-MIB,historyAlarmRowId,1.3.6.1.4.1.5468.100.1.2.2.2.1.1,column,unsigned32,,,,read-only,no,no,historyAlarmRowId,This object indicates the row index in table.
switch,ML540M-SYSTEM-MIB,historyAlarmSeqId,1.3.6.1.4.1.5468.100.1.2.2.2.1.2,column,unsigned32,,,,read-only,no,no,historyAlarmSeqId,"This object indicates the sequence index in table, when new alarm generated/cleard, index increases."
switch,ML540M-SYSTEM-MIB,historyAlarmTypeId,1.3.6.1.4.1.5468.100.1.2.2.2.1.3,column,textual-convention,VTSSAlarmType,,,read-only,no,no,historyAlarmTypeId,This attribute indicates the number of alarm type.
switch,ML540M-SYSTEM-MIB,historyAlarmLevel,1.3.6.1.4.1.5468.100.1.2.2.2.1.4,column,textual-convention,VTSSAlarmLevel,,,read-only,no,no,historyAlarmLevel,This attribute indicates the alarm level.
switch,ML540M-SYSTEM-MIB,historyAlarmState,1.3.6.1.4.1.5468.100.1.2.2.2.1.5,column,textual-convention,VTSSAlarmState,,,read-only,no,no,historyAlarmState,This attribute indicates the alarm state.
switch,ML540M-SYSTEM-MIB,historyAlarmTime,1.3.6.1.4.1.5468.100.1.2.2.2.1.6,column,string,,,,read-only,no,no,historyAlarmTime,This attribute indicates the alarm occurence time.
switch,ML540M-SYSTEM-MIB,alarmHistoryClear,1.3.6.1.4.1.5468.100.1.2.2.3,scalar,boolean-enum,,,,read-write,yes,no,alarmHistoryClear,Set this object clear(1) to clear system history alarm table.
switch,ML540M-SYSTEM-MIB,alarmProfileId,1.3.6.1.4.1.5468.100.1.2.2.4.1.1,column,textual-convention,VTSSAlarmType,,,not-accessible,no,yes,alarmProfileId,Alarm Profile: 1: alarmGEPort1LinkDown 2: alarmGEPort2LinkDown 3: alarmGEPort3LinkDown 4: alarmGEPort4LinkDown 5: alarmGEPort5LinkDown 6: alarmGEPort6
switch,ML540M-SYSTEM-MIB,alarmProfileAlarmId,1.3.6.1.4.1.5468.100.1.2.2.4.1.2,column,string,,,,read-only,no,no,alarmProfileAlarmId,This attribute indicates the alarm ID.
switch,ML540M-SYSTEM-MIB,alarmProfileMask,1.3.6.1.4.1.5468.100.1.2.2.4.1.3,column,textual-convention,VTSSAlarmMask,,,read-write,yes,no,alarmProfileMask,"Alarm Profile Mask/UnMask, default is Mask"
switch,ML540M-SYSTEM-MIB,alarmProfileLevel,1.3.6.1.4.1.5468.100.1.2.2.4.1.4,column,textual-convention,VTSSAlarmLevel,,,read-write,yes,no,alarmProfileLevel,"Alarm Profile Major/Minor, default is Minor"
switch,ML540M-SYSTEM-MIB,sysTemperatureThreashOn,1.3.6.1.4.1.5468.100.1.2.2.5.1,scalar,integer,,,,read-write,yes,no,sysTemperatureThreashOn,"Set threshold time of alarm on (unit: ms). Temperature is over heat for time of threshold off, alarm will be generate. The value should multiple of 50"
switch,ML540M-SYSTEM-MIB,sysTemperatureThreashOff,1.3.6.1.4.1.5468.100.1.2.2.5.2,scalar,integer,,,,read-write,yes,no,sysTemperatureThreashOff,"Set threshold time of alarm off (unit: ms). Temperature is NOT over heat for time of threshold off, alarm will be cleared. The value should multiple o"
switch,ML540M-SYSTEM-MIB,sysTemperatureOverHeat,1.3.6.1.4.1.5468.100.1.2.2.5.3,scalar,integer,,,,read-write,yes,no,sysTemperatureOverHeat,"Set over heat threshold value. 56~65¢XC, unit: Centigrade"
switch,ML540M-SYSUTIL-MIB,ml540mSysutilCapabilitiesWarmRebootSupported,1.3.6.1.4.1.5468.100.24.1.1.1,scalar,boolean,TruthValue,,,read-only,no,no,sysutilCapabilitiesWarmRebootSupported,Indicate if warm restart is supported or not. true means it is supported. false means it is not supported.
switch,ML540M-SYSUTIL-MIB,ml540mSysutilStatusCpuLoadAverage100msec,1.3.6.1.4.1.5468.100.24.1.3.1.1,scalar,unsigned32,,seconds,description text,read-only,no,no,sysutilStatusCpuLoadAverage100msec,Average CPU load (%) in 100 milli-seconds.
switch,ML540M-SYSUTIL-MIB,ml540mSysutilStatusCpuLoadAverage1sec,1.3.6.1.4.1.5468.100.24.1.3.1.2,scalar,unsigned32,,seconds,description text,read-only,no,no,sysutilStatusCpuLoadAverage1sec,Average CPU load (%) in 1 second.
switch,ML540M-SYSUTIL-MIB,ml540mSysutilStatusCpuLoadAverage10sec,1.3.6.1.4.1.5468.100.24.1.3.1.3,scalar,unsigned32,,seconds,description text,read-only,no,no,sysutilStatusCpuLoadAverage10sec,Average CPU load (%) in 10 seconds.
switch,ML540M-SYSUTIL-MIB,ml540mSysutilStatusPowerSupplySwitchId,1.3.6.1.4.1.5468.100.24.1.3.2.1.1,column,integer,,,,not-accessible,no,yes,sysutilStatusPowerSupplySwitchId,The identification of switch.
switch,ML540M-SYSUTIL-MIB,ml540mSysutilStatusPowerSupplyPsuId,1.3.6.1.4.1.5468.100.24.1.3.2.1.2,column,integer,,,,not-accessible,no,yes,sysutilStatusPowerSupplyPsuId,The identification of power supply.
switch,ML540M-SYSUTIL-MIB,ml540mSysutilStatusPowerSupplyState,1.3.6.1.4.1.5468.100.24.1.3.2.1.3,column,textual-convention,VTSSSysutilPowerSupplyStateType,,,read-only,no,no,sysutilStatusPowerSupplyState,The state of power supply.
switch,ML540M-SYSUTIL-MIB,ml540mSysutilStatusPowerSupplyDescription,1.3.6.1.4.1.5468.100.24.1.3.2.1.4,column,textual-convention,VTSSDisplayString,,,read-only,no,no,sysutilStatusPowerSupplyDescription,The description of power supply.
switch,ML540M-SYSUTIL-MIB,ml540mSysutilControlRebootSwitchId,1.3.6.1.4.1.5468.100.24.1.4.1.1.1,column,integer,,,,not-accessible,no,yes,sysutilControlRebootSwitchId,The identification of switch.
switch,ML540M-SYSUTIL-MIB,ml540mSysutilControlRebootType,1.3.6.1.4.1.5468.100.24.1.4.1.1.2,column,textual-convention,VTSSSysutilRebootType,,,read-write,yes,no,sysutilControlRebootType,"Type of reboot. noReboot(0) does not reboot. coldReboot(1) is to do cold reboot. warmReboot(2) is to do warm reboot, but this is optional. The OID of"
switch,ML540M-FIRMWARE-MIB,ml540mFirmwareStatusImageNumber,1.3.6.1.4.1.5468.100.28.1.3.1.1.1,column,integer,,,,not-accessible,no,yes,firmwareStatusImageNumber,The number of image. The number starts from 0.
switch,ML540M-FIRMWARE-MIB,ml540mFirmwareStatusImageType,1.3.6.1.4.1.5468.100.28.1.3.1.1.2,column,textual-convention,VTSSFirmwareStatusImageEnum,,,read-only,no,no,firmwareStatusImageType,Image type of the status. bootloader(0) is for boot loader. activeFirmware(1) is for active (primary) firmware. alternativeFirmware(2) is for alternat
switch,ML540M-FIRMWARE-MIB,ml540mFirmwareStatusImageName,1.3.6.1.4.1.5468.100.28.1.3.1.1.3,column,textual-convention,VTSSDisplayString,,,read-only,no,no,firmwareStatusImageName,Image name.
switch,ML540M-FIRMWARE-MIB,ml540mFirmwareStatusImageVersion,1.3.6.1.4.1.5468.100.28.1.3.1.1.4,column,textual-convention,VTSSDisplayString,,,read-only,no,no,firmwareStatusImageVersion,Image version.
switch,ML540M-FIRMWARE-MIB,ml540mFirmwareStatusImageBuiltDate,1.3.6.1.4.1.5468.100.28.1.3.1.1.5,column,textual-convention,VTSSDisplayString,,,read-only,no,no,firmwareStatusImageBuiltDate,The built date when the image is built.
switch,ML540M-FIRMWARE-MIB,ml540mFirmwareStatusImageCodeRevision,1.3.6.1.4.1.5468.100.28.1.3.1.1.6,column,textual-convention,VTSSDisplayString,,,read-only,no,no,firmwareStatusImageCodeRevision,The code revesion which the image is built.
switch,ML540M-FIRMWARE-MIB,ml540mFirmwareStatusImageUploadStatus,1.3.6.1.4.1.5468.100.28.1.3.2.1,scalar,textual-convention,VTSSFirmwareUploadStatusEnum,,,read-only,no,no,firmwareStatusImageUploadStatus,The status indicates the status of current upload operation. It is updated automatically. Modifying this flag does not take any effect. none(0) means
switch,ML540M-FIRMWARE-MIB,ml540mFirmwareStatusSwitchSwitchId,1.3.6.1.4.1.5468.100.28.1.3.3.1.1,column,integer,,,,not-accessible,no,yes,firmwareStatusSwitchSwitchId,The ID of switch.
switch,ML540M-FIRMWARE-MIB,ml540mFirmwareStatusSwitchChipId,1.3.6.1.4.1.5468.100.28.1.3.3.1.2,column,textual-convention,VTSSDisplayString,,,read-only,no,no,firmwareStatusSwitchChipId,ID of chip.
switch,ML540M-FIRMWARE-MIB,ml540mFirmwareStatusSwitchBoardType,1.3.6.1.4.1.5468.100.28.1.3.3.1.3,column,textual-convention,VTSSDisplayString,,,read-only,no,no,firmwareStatusSwitchBoardType,Type of board.
switch,ML540M-FIRMWARE-MIB,ml540mFirmwareStatusSwitchPortCnt,1.3.6.1.4.1.5468.100.28.1.3.3.1.4,column,unsigned32,,,,read-only,no,no,firmwareStatusSwitchPortCnt,Count of ports.
switch,ML540M-FIRMWARE-MIB,ml540mFirmwareStatusSwitchProduct,1.3.6.1.4.1.5468.100.28.1.3.3.1.5,column,textual-convention,VTSSDisplayString,,,read-only,no,no,firmwareStatusSwitchProduct,Product name.
switch,ML540M-FIRMWARE-MIB,ml540mFirmwareStatusSwitchVersion,1.3.6.1.4.1.5468.100.28.1.3.3.1.6,column,textual-convention,VTSSDisplayString,,,read-only,no,no,firmwareStatusSwitchVersion,Image version.
switch,ML540M-FIRMWARE-MIB,ml540mFirmwareStatusSwitchBuiltDate,1.3.6.1.4.1.5468.100.28.1.3.3.1.7,column,textual-convention,VTSSDisplayString,,,read-only,no,no,firmwareStatusSwitchBuiltDate,The built date when the image is built.
switch,ML540M-FIRMWARE-MIB,ml540mFirmwareControlGlobalsSwapFirmware,1.3.6.1.4.1.5468.100.28.1.4.1.1,scalar,boolean,TruthValue,,,read-write,yes,no,firmwareControlGlobalsSwapFirmware,Swap firmware between active (primary) and alternative (backup). true is to swap the firmware. false is to do nothing.
switch,ML540M-FIRMWARE-MIB,ml540mFirmwareControlImageUploadDoUpload,1.3.6.1.4.1.5468.100.28.1.4.2.1,scalar,boolean,TruthValue,,,read-write,yes,no,firmwareControlImageUploadDoUpload,Action to do upload image or not. true is to do the upload operation. false is to do nothing. The upload operation may need longer time to upload the
switch,ML540M-FIRMWARE-MIB,ml540mFirmwareControlImageUploadImageType,1.3.6.1.4.1.5468.100.28.1.4.2.2,scalar,textual-convention,VTSSFirmwareUploadImageEnum,,,read-write,yes,no,firmwareControlImageUploadImageType,Type of image to upload. bootloader(0) is to upload bootloader. firmware(1) is to upload application firmware.
switch,ML540M-FIRMWARE-MIB,ml540mFirmwareControlImageUploadUrl,1.3.6.1.4.1.5468.100.28.1.4.2.3,scalar,textual-convention,VTSSDisplayString,,,read-write,yes,no,firmwareControlImageUploadUrl,The location of image to upload. It is a specific character string that constitutes a reference to a resource. Syntax: <protocol>://[<username>[:<pass
switch,ML540M-PORT-MIB,ml540mPortConfigIfIndex,1.3.6.1.4.1.5468.100.11.1.2.1.1.1,column,textual-convention,VTSSInterfaceIndex,,,not-accessible,no,yes,portConfigIfIndex,Logical interface number.
switch,ML540M-PORT-MIB,ml540mPortConfigShutdown,1.3.6.1.4.1.5468.100.11.1.2.1.1.2,column,boolean,TruthValue,,,read-write,yes,no,portConfigShutdown,Controls whether interface is shutdown or powered up. Set to TRUE in order to power down the interface.
switch,ML540M-PORT-MIB,ml540mPortConfigSpeed,1.3.6.1.4.1.5468.100.11.1.2.1.1.3,column,textual-convention,VTSSPortSpeed,,,read-write,yes,no,portConfigSpeed,Controls the port speed and duplex.
switch,ML540M-PORT-MIB,ml540mPortConfigAdvertiseDisabled,1.3.6.1.4.1.5468.100.11.1.2.1.1.4,column,textual-convention,VTSSUnsigned8,,,read-write,yes,no,portConfigAdvertiseDisabled,"In auto mode, bitmask that allows features not to be advertised. Bit 0: Disable half duplex advertising. Bit 1: Disable full duplex advertising. Bit 4"
switch,ML540M-PORT-MIB,ml540mPortConfigMediaType,1.3.6.1.4.1.5468.100.11.1.2.1.1.5,column,textual-convention,VTSSPortMedia,,,read-write,yes,no,portConfigMediaType,Controls the port media type.
switch,ML540M-PORT-MIB,ml540mPortConfigFC,1.3.6.1.4.1.5468.100.11.1.2.1.1.6,column,textual-convention,VTSSPortFc,,,read-write,yes,no,portConfigFC,Controls the port flow control mode.
switch,ML540M-PORT-MIB,ml540mPortConfigMTU,1.3.6.1.4.1.5468.100.11.1.2.1.1.7,column,unsigned32,,,,read-write,yes,no,portConfigMTU,Controls the port's Maximum Transmission Unit.
switch,ML540M-PORT-MIB,ml540mPortConfigExcessiveRestart,1.3.6.1.4.1.5468.100.11.1.2.1.1.8,column,boolean,TruthValue,frames,description text,read-write,yes,no,portConfigExcessiveRestart,TRUE to restart half-duplex back-off algorithm after 16 collisions. FALSE to discard frame after 16 collisions
switch,ML540M-PORT-MIB,ml540mPortConfigPFC,1.3.6.1.4.1.5468.100.11.1.2.1.1.9,column,textual-convention,VTSSUnsigned8,,,read-write,yes,no,portConfigPFC,"802.1Qbb Priority Flow Control bitmask, one bit for each prioritet.E.g. 0x01 = prio 0, 0x80 = prio 7, 0xFF = prio 0-7"
switch,ML540M-PORT-MIB,ml540mPortConfigFrameLengthCheck,1.3.6.1.4.1.5468.100.11.1.2.1.1.10,column,boolean,TruthValue,frames,description text,read-write,yes,no,portConfigFrameLengthCheck,TRUE to enforce 802.3 frame length check (from Ethertype field). If enabled frames with length that doesn't match the frame length field will be dropp
switch,ML540M-PORT-MIB,ml540mPortStatusInformationIfIndex,1.3.6.1.4.1.5468.100.11.1.3.1.1.1,column,textual-convention,VTSSInterfaceIndex,,,not-accessible,no,yes,portStatusInformationIfIndex,Logical interface number.
switch,ML540M-PORT-MIB,ml540mPortStatusInformationLink,1.3.6.1.4.1.5468.100.11.1.3.1.1.2,column,boolean,TruthValue,,,read-only,no,no,portStatusInformationLink,Shows whether interface has link.
switch,ML540M-PORT-MIB,ml540mPortStatusInformationFdx,1.3.6.1.4.1.5468.100.11.1.3.1.1.3,column,boolean,TruthValue,,,read-only,no,no,portStatusInformationFdx,Shows whether interface is running in full duplex.
switch,ML540M-PORT-MIB,ml540mPortStatusInformationFiber,1.3.6.1.4.1.5468.100.11.1.3.1.1.4,column,boolean,TruthValue,,,read-only,no,no,portStatusInformationFiber,Shows whether interface is a fiber link (fiber SFP or cu SFP).
switch,ML540M-PORT-MIB,ml540mPortStatusInformationSpeed,1.3.6.1.4.1.5468.100.11.1.3.1.1.5,column,textual-convention,VTSSPortStatusSpeed,,,read-only,no,no,portStatusInformationSpeed,Shows the current interface speed.
switch,ML540M-PORT-MIB,ml540mPortStatusInformationSFPType,1.3.6.1.4.1.5468.100.11.1.3.1.1.6,column,textual-convention,VTSSSfpTransceiver,,,read-only,no,no,portStatusInformationSFPType,Shows the current interface SFP type.
switch,ML540M-PORT-MIB,ml540mPortStatusInformationSFPVendorName,1.3.6.1.4.1.5468.100.11.1.3.1.1.7,column,textual-convention,VTSSDisplayString,,,read-only,no,no,portStatusInformationSFPVendorName,Shows the SFP vendor name.
switch,ML540M-PORT-MIB,ml540mPortStatusInformationSFPVendorPN,1.3.6.1.4.1.5468.100.11.1.3.1.1.8,column,textual-convention,VTSSDisplayString,,,read-only,no,no,portStatusInformationSFPVendorPN,Shows the SFP vendor Product Number.
switch,ML540M-PORT-MIB,ml540mPortStatusInformationSFPVendorRev,1.3.6.1.4.1.5468.100.11.1.3.1.1.9,column,textual-convention,VTSSDisplayString,,,read-only,no,no,portStatusInformationSFPVendorRev,Shows the SFP vendor Revision.
switch,ML540M-PORT-MIB,ml540mPortStatusVeriPhyResultIfIndex,1.3.6.1.4.1.5468.100.11.1.3.3.1.1.1,column,textual-convention,VTSSInterfaceIndex,,,not-accessible,no,yes,portStatusVeriPhyResultIfIndex,Logical interface number.
switch,ML540M-PORT-MIB,ml540mPortStatusVeriPhyResultVeriPhyStatusPairA,1.3.6.1.4.1.5468.100.11.1.3.3.1.1.2,column,textual-convention,VTSSPortPhyVeriPhyStatus,,,read-only,no,no,portStatusVeriPhyResultVeriPhyStatusPairA,VeriPhy status for the cable pair 0 - Cable is Correctly terminated pair 1 - Open pair 2 - Shorted pair 4 - Abnormal termination 8 - Cross-pair short
switch,ML540M-PORT-MIB,ml540mPortStatusVeriPhyResultVeriPhyStatusPairB,1.3.6.1.4.1.5468.100.11.1.3.3.1.1.3,column,textual-convention,VTSSPortPhyVeriPhyStatus,,,read-only,no,no,portStatusVeriPhyResultVeriPhyStatusPairB,VeriPhy status for the cable pair 0 - Cable is Correctly terminated pair 1 - Open pair 2 - Shorted pair 4 - Abnormal termination 8 - Cross-pair short
switch,ML540M-PORT-MIB,ml540mPortStatusVeriPhyResultVeriPhyStatusPairC,1.3.6.1.4.1.5468.100.11.1.3.3.1.1.4,column,textual-convention,VTSSPortPhyVeriPhyStatus,,,read-only,no,no,portStatusVeriPhyResultVeriPhyStatusPairC,VeriPhy status for the cable pair 0 - Cable is Correctly terminated pair 1 - Open pair 2 - Shorted pair 4 - Abnormal termination 8 - Cross-pair short
switch,ML540M-PORT-MIB,ml540mPortStatusVeriPhyResultVeriPhyStatusPairD,1.3.6.1.4.1.5468.100.11.1.3.3.1.1.5,column,textual-convention,VTSSPortPhyVeriPhyStatus,,,read-only,no,no,portStatusVeriPhyResultVeriPhyStatusPairD,VeriPhy status for the cable pair 0 - Cable is Correctly terminated pair 1 - Open pair 2 - Shorted pair 4 - Abnormal termination 8 - Cross-pair short
switch,ML540M-PORT-MIB,ml540mPortStatusVeriPhyResultVeriPhyLengthStatusPairA,1.3.6.1.4.1.5468.100.11.1.3.3.1.1.6,column,textual-convention,VTSSUnsigned8,distance,description text,read-only,no,no,portStatusVeriPhyResultVeriPhyLengthStatusPairA,"VeriPhy status cable length i meters for the cable pair. When VeriPhy is completed, the cable diagnostics results is shown in the VeriPhy status table"
switch,ML540M-PORT-MIB,ml540mPortStatusVeriPhyResultVeriPhyLengthStatusPairB,1.3.6.1.4.1.5468.100.11.1.3.3.1.1.7,column,textual-convention,VTSSUnsigned8,distance,description text,read-only,no,no,portStatusVeriPhyResultVeriPhyLengthStatusPairB,"VeriPhy status cable length i meters for the cable pair. When VeriPhy is completed, the cable diagnostics results is shown in the VeriPhy status table"
switch,ML540M-PORT-MIB,ml540mPortStatusVeriPhyResultVeriPhyLengthStatusPairC,1.3.6.1.4.1.5468.100.11.1.3.3.1.1.8,column,textual-convention,VTSSUnsigned8,distance,description text,read-only,no,no,portStatusVeriPhyResultVeriPhyLengthStatusPairC,"VeriPhy status cable length i meters for the cable pair. When VeriPhy is completed, the cable diagnostics results is shown in the VeriPhy status table"
switch,ML540M-PORT-MIB,ml540mPortStatusVeriPhyResultVeriPhyLengthStatusPairD,1.3.6.1.4.1.5468.100.11.1.3.3.1.1.9,column,textual-convention,VTSSUnsigned8,distance,description text,read-only,no,no,portStatusVeriPhyResultVeriPhyLengthStatusPairD,"VeriPhy status cable length i meters for the cable pair. When VeriPhy is completed, the cable diagnostics results is shown in the VeriPhy status table"
switch,ML540M-PORT-MIB,ml540mPortControlStatisticsClearIfIndex,1.3.6.1.4.1.5468.100.11.1.4.1.1.1.1,column,textual-convention,VTSSInterfaceIndex,,,not-accessible,no,yes,portControlStatisticsClearIfIndex,Logical interface number.
switch,ML540M-PORT-MIB,ml540mPortControlStatisticsClearStatisticsClear,1.3.6.1.4.1.5468.100.11.1.4.1.1.1.2,column,boolean,TruthValue,,,read-write,yes,no,portControlStatisticsClearStatisticsClear,Set to TRUE to clear the statistics of an interface.
switch,ML540M-PORT-MIB,ml540mPortControlVeriPhyStartIfIndex,1.3.6.1.4.1.5468.100.11.1.4.2.1.1.1,column,textual-convention,VTSSInterfaceIndex,,,not-accessible,no,yes,portControlVeriPhyStartIfIndex,Logical interface number.
switch,ML540M-PORT-MIB,ml540mPortControlVeriPhyStartStart,1.3.6.1.4.1.5468.100.11.1.4.2.1.1.2,column,boolean,TruthValue,mbps,description text,read-write,yes,no,portControlVeriPhyStartStart,"Set to TRUE to start VeriPHy for the interface. When running 10 and 100 Mbps, ports will be linked down while running VeriPHY. Therefore, running Veri"
switch,ML540M-PORT-MIB,ml540mPortStatisticsRmonStatisticsIfIndex,1.3.6.1.4.1.5468.100.11.1.5.1.1.1,column,textual-convention,VTSSInterfaceIndex,,,not-accessible,no,yes,portStatisticsRmonStatisticsIfIndex,Logical interface number.
switch,ML540M-PORT-MIB,ml540mPortStatisticsRmonStatisticsRxDropEvents,1.3.6.1.4.1.5468.100.11.1.5.1.1.2,column,counter64,,count,SMI type counter64,read-only,no,no,portStatisticsRmonStatisticsRxDropEvents,Shows the number of frames discarded due to ingress congestion.
switch,ML540M-PORT-MIB,ml540mPortStatisticsRmonStatisticsRxOctets,1.3.6.1.4.1.5468.100.11.1.5.1.1.3,column,counter64,,count,SMI type counter64,read-only,no,no,portStatisticsRmonStatisticsRxOctets,"Shows the number of received (good and bad) bytes. Includes FCS, but excludes framing bits."
switch,ML540M-PORT-MIB,ml540mPortStatisticsRmonStatisticsRxPkts,1.3.6.1.4.1.5468.100.11.1.5.1.1.4,column,counter64,,count,SMI type counter64,read-only,no,no,portStatisticsRmonStatisticsRxPkts,Shows the number of received (good and bad) packets.
switch,ML540M-PORT-MIB,ml540mPortStatisticsRmonStatisticsRxBroadcastPkts,1.3.6.1.4.1.5468.100.11.1.5.1.1.5,column,counter64,,count,SMI type counter64,read-only,no,no,portStatisticsRmonStatisticsRxBroadcastPkts,Shows the number of received (good and bad) broadcast packets.
switch,ML540M-PORT-MIB,ml540mPortStatisticsRmonStatisticsRxMulticastPkts,1.3.6.1.4.1.5468.100.11.1.5.1.1.6,column,counter64,,count,SMI type counter64,read-only,no,no,portStatisticsRmonStatisticsRxMulticastPkts,Shows the number of received (good and bad) multicast packets.
switch,ML540M-PORT-MIB,ml540mPortStatisticsRmonStatisticsRxCrcAlignErrPkts,1.3.6.1.4.1.5468.100.11.1.5.1.1.7,column,counter64,,count,SMI type counter64,read-only,no,no,portStatisticsRmonStatisticsRxCrcAlignErrPkts,Shows the number of frames received with CRC or alignment errors.
switch,ML540M-PORT-MIB,ml540mPortStatisticsRmonStatisticsRxUndersizePkts,1.3.6.1.4.1.5468.100.11.1.5.1.1.8,column,counter64,,count,SMI type counter64,read-only,no,no,portStatisticsRmonStatisticsRxUndersizePkts,Shows the number of short frames (frames that are smaller than 64 bytes) received with valid CRC.
switch,ML540M-PORT-MIB,ml540mPortStatisticsRmonStatisticsRxOversizePkts,1.3.6.1.4.1.5468.100.11.1.5.1.1.9,column,counter64,,count,SMI type counter64,read-only,no,no,portStatisticsRmonStatisticsRxOversizePkts,Shows the number of long frames received with valid CRC.
switch,ML540M-PORT-MIB,ml540mPortStatisticsRmonStatisticsRxFragmentsPkts,1.3.6.1.4.1.5468.100.11.1.5.1.1.10,column,counter64,,count,SMI type counter64,read-only,no,no,portStatisticsRmonStatisticsRxFragmentsPkts,Shows the number of short frames (frames that are smaller than 64 bytes) received with invalid CRC.
switch,ML540M-PORT-MIB,ml540mPortStatisticsRmonStatisticsRxJabbersPkts,1.3.6.1.4.1.5468.100.11.1.5.1.1.11,column,counter64,,count,SMI type counter64,read-only,no,no,portStatisticsRmonStatisticsRxJabbersPkts,The number of long frames (frames that are longer than the configured maximum frame length for this interface) received with invalid CRC.
switch,ML540M-PORT-MIB,ml540mPortStatisticsRmonStatisticsRx64Pkts,1.3.6.1.4.1.5468.100.11.1.5.1.1.12,column,counter64,,count,SMI type counter64,read-only,no,no,portStatisticsRmonStatisticsRx64Pkts,The number of 64 bytes frames received.
switch,ML540M-PORT-MIB,ml540mPortStatisticsRmonStatisticsRx65to127Pkts,1.3.6.1.4.1.5468.100.11.1.5.1.1.13,column,counter64,,count,SMI type counter64,read-only,no,no,portStatisticsRmonStatisticsRx65to127Pkts,The number of received frames with size within 65 to 127 bytes.
switch,ML540M-PORT-MIB,ml540mPortStatisticsRmonStatisticsRx128to255Pkts,1.3.6.1.4.1.5468.100.11.1.5.1.1.14,column,counter64,,count,SMI type counter64,read-only,no,no,portStatisticsRmonStatisticsRx128to255Pkts,The number of received frames with size within 128 to 255 bytes.
switch,ML540M-PORT-MIB,ml540mPortStatisticsRmonStatisticsRx256to511Pkts,1.3.6.1.4.1.5468.100.11.1.5.1.1.15,column,counter64,,count,SMI type counter64,read-only,no,no,portStatisticsRmonStatisticsRx256to511Pkts,The number of received frames with size within 256 to 511 bytes.
switch,ML540M-PORT-MIB,ml540mPortStatisticsRmonStatisticsRx512to1023Pkts,1.3.6.1.4.1.5468.100.11.1.5.1.1.16,column,counter64,,count,SMI type counter64,read-only,no,no,portStatisticsRmonStatisticsRx512to1023Pkts,The number of received frames with size within 512 to 1023 bytes.
switch,ML540M-PORT-MIB,ml540mPortStatisticsRmonStatisticsRx1024to1518Pkts,1.3.6.1.4.1.5468.100.11.1.5.1.1.17,column,counter64,,count,SMI type counter64,read-only,no,no,portStatisticsRmonStatisticsRx1024to1518Pkts,The number of received frames with size within 1024 to 1518 bytes.
switch,ML540M-PORT-MIB,ml540mPortStatisticsRmonStatisticsRx1519PktsToMax,1.3.6.1.4.1.5468.100.11.1.5.1.1.18,column,counter64,,count,SMI type counter64,read-only,no,no,portStatisticsRmonStatisticsRx1519PktsToMax,The number of received frames with size larger than 1518 bytes.
switch,ML540M-PORT-MIB,ml540mPortStatisticsRmonStatisticsTxDropEvents,1.3.6.1.4.1.5468.100.11.1.5.1.1.19,column,counter64,,count,SMI type counter64,read-only,no,no,portStatisticsRmonStatisticsTxDropEvents,Shows the number of frames discarded due to egress congestion.
switch,ML540M-PORT-MIB,ml540mPortStatisticsRmonStatisticsTxOctets,1.3.6.1.4.1.5468.100.11.1.5.1.1.20,column,counter64,,count,SMI type counter64,read-only,no,no,portStatisticsRmonStatisticsTxOctets,"Shows the number of transmitted (good and bad) bytes. Includes FCS, but excludes framing bits."
switch,ML540M-PORT-MIB,ml540mPortStatisticsRmonStatisticsTxPkts,1.3.6.1.4.1.5468.100.11.1.5.1.1.21,column,counter64,,count,SMI type counter64,read-only,no,no,portStatisticsRmonStatisticsTxPkts,Shows the number of transmitted (good and bad) packets.
switch,ML540M-PORT-MIB,ml540mPortStatisticsRmonStatisticsTxBroadcastPkts,1.3.6.1.4.1.5468.100.11.1.5.1.1.22,column,counter64,,count,SMI type counter64,read-only,no,no,portStatisticsRmonStatisticsTxBroadcastPkts,Shows the number of transmitted (good and bad) broadcast packets.
switch,ML540M-PORT-MIB,ml540mPortStatisticsRmonStatisticsTxMulticastPkts,1.3.6.1.4.1.5468.100.11.1.5.1.1.23,column,counter64,,count,SMI type counter64,read-only,no,no,portStatisticsRmonStatisticsTxMulticastPkts,Shows the number of transmitted (good and bad) multicast packets.
switch,ML540M-PORT-MIB,ml540mPortStatisticsRmonStatisticsTx64Pkts,1.3.6.1.4.1.5468.100.11.1.5.1.1.24,column,counter64,,count,SMI type counter64,read-only,no,no,portStatisticsRmonStatisticsTx64Pkts,The number of 64 bytes frames transmitted.
switch,ML540M-PORT-MIB,ml540mPortStatisticsRmonStatisticsTx65to127Pkts,1.3.6.1.4.1.5468.100.11.1.5.1.1.25,column,counter64,,count,SMI type counter64,read-only,no,no,portStatisticsRmonStatisticsTx65to127Pkts,The number of transmitted frames with size within 65 to 127 bytes.
switch,ML540M-PORT-MIB,ml540mPortStatisticsRmonStatisticsTx128to255Pkts,1.3.6.1.4.1.5468.100.11.1.5.1.1.26,column,counter64,,count,SMI type counter64,read-only,no,no,portStatisticsRmonStatisticsTx128to255Pkts,The number of transmitted frames with size within 128 to 255 bytes.
switch,ML540M-PORT-MIB,ml540mPortStatisticsRmonStatisticsTx256to511Pkts,1.3.6.1.4.1.5468.100.11.1.5.1.1.27,column,counter64,,count,SMI type counter64,read-only,no,no,portStatisticsRmonStatisticsTx256to511Pkts,The number of transmitted frames with size within 256 to 511 bytes.
switch,ML540M-PORT-MIB,ml540mPortStatisticsRmonStatisticsTx512to1023Pkts,1.3.6.1.4.1.5468.100.11.1.5.1.1.28,column,counter64,,count,SMI type counter64,read-only,no,no,portStatisticsRmonStatisticsTx512to1023Pkts,The number of transmitted frames with size within 512 to 1023 bytes.
switch,ML540M-PORT-MIB,ml540mPortStatisticsRmonStatisticsTx1024to1518Pkts,1.3.6.1.4.1.5468.100.11.1.5.1.1.29,column,counter64,,count,SMI type counter64,read-only,no,no,portStatisticsRmonStatisticsTx1024to1518Pkts,The number of transmitted frames with size within 1024 to 1518 bytes.
switch,ML540M-PORT-MIB,ml540mPortStatisticsRmonStatisticsTx1519PktsToMax,1.3.6.1.4.1.5468.100.11.1.5.1.1.30,column,counter64,,count,SMI type counter64,read-only,no,no,portStatisticsRmonStatisticsTx1519PktsToMax,The number of transmitted frames with size larger than 1518 bytes.
switch,ML540M-PORT-MIB,ml540mPortStatisticsIfGroupStatisticsIfIndex,1.3.6.1.4.1.5468.100.11.1.5.2.1.1,column,textual-convention,VTSSInterfaceIndex,,,not-accessible,no,yes,portStatisticsIfGroupStatisticsIfIndex,Logical interface number.
switch,ML540M-PORT-MIB,ml540mPortStatisticsIfGroupStatisticsRxOctets,1.3.6.1.4.1.5468.100.11.1.5.2.1.2,column,counter64,,count,SMI type counter64,read-only,no,no,portStatisticsIfGroupStatisticsRxOctets,Shows the number of bytes received.
switch,ML540M-PORT-MIB,ml540mPortStatisticsIfGroupStatisticsRxUnicastPkts,1.3.6.1.4.1.5468.100.11.1.5.2.1.3,column,counter64,,count,SMI type counter64,read-only,no,no,portStatisticsIfGroupStatisticsRxUnicastPkts,Shows the number of uni-cast frames received.
switch,ML540M-PORT-MIB,ml540mPortStatisticsIfGroupStatisticsRxMulticastPkts,1.3.6.1.4.1.5468.100.11.1.5.2.1.4,column,counter64,,count,SMI type counter64,read-only,no,no,portStatisticsIfGroupStatisticsRxMulticastPkts,Shows the number of multi-cast frames received.
switch,ML540M-PORT-MIB,ml540mPortStatisticsIfGroupStatisticsRxBroadcastPkts,1.3.6.1.4.1.5468.100.11.1.5.2.1.5,column,counter64,,count,SMI type counter64,read-only,no,no,portStatisticsIfGroupStatisticsRxBroadcastPkts,Shows the number of broad-cast frames received.
switch,ML540M-PORT-MIB,ml540mPortStatisticsIfGroupStatisticsRxNonUnicastPkts,1.3.6.1.4.1.5468.100.11.1.5.2.1.6,column,counter64,,count,SMI type counter64,read-only,no,no,portStatisticsIfGroupStatisticsRxNonUnicastPkts,Shows the number of non uni-cast frames received.
switch,ML540M-PORT-MIB,ml540mPortStatisticsIfGroupStatisticsRxDiscards,1.3.6.1.4.1.5468.100.11.1.5.2.1.7,column,counter64,,count,SMI type counter64,read-only,no,no,portStatisticsIfGroupStatisticsRxDiscards,Shows the number of received frames discarded.
switch,ML540M-PORT-MIB,ml540mPortStatisticsIfGroupStatisticsRxErrors,1.3.6.1.4.1.5468.100.11.1.5.2.1.8,column,counter64,,count,SMI type counter64,read-only,no,no,portStatisticsIfGroupStatisticsRxErrors,Shows the number of frames with errors received.
switch,ML540M-PORT-MIB,ml540mPortStatisticsIfGroupStatisticsTxOctets,1.3.6.1.4.1.5468.100.11.1.5.2.1.9,column,counter64,,count,SMI type counter64,read-only,no,no,portStatisticsIfGroupStatisticsTxOctets,Shows the number of bytes transmitted.
switch,ML540M-PORT-MIB,ml540mPortStatisticsIfGroupStatisticsTxUnicastPkts,1.3.6.1.4.1.5468.100.11.1.5.2.1.10,column,counter64,,count,SMI type counter64,read-only,no,no,portStatisticsIfGroupStatisticsTxUnicastPkts,Shows the number of uni-cast frames transmitted.
switch,ML540M-PORT-MIB,ml540mPortStatisticsIfGroupStatisticsTxMulticastPkts,1.3.6.1.4.1.5468.100.11.1.5.2.1.11,column,counter64,,count,SMI type counter64,read-only,no,no,portStatisticsIfGroupStatisticsTxMulticastPkts,Shows the number of multi-cast frames transmitted.
switch,ML540M-PORT-MIB,ml540mPortStatisticsIfGroupStatisticsTxBroadcastPkts,1.3.6.1.4.1.5468.100.11.1.5.2.1.12,column,counter64,,count,SMI type counter64,read-only,no,no,portStatisticsIfGroupStatisticsTxBroadcastPkts,Shows the number of broad-cast frames transmitted.
switch,ML540M-PORT-MIB,ml540mPortStatisticsIfGroupStatisticsTxNonUnicastPkts,1.3.6.1.4.1.5468.100.11.1.5.2.1.13,column,counter64,,count,SMI type counter64,read-only,no,no,portStatisticsIfGroupStatisticsTxNonUnicastPkts,Shows the number of non uni-cast frames transmitted.
switch,ML540M-PORT-MIB,ml540mPortStatisticsIfGroupStatisticsTxDiscardPkts,1.3.6.1.4.1.5468.100.11.1.5.2.1.14,column,counter64,,count,SMI type counter64,read-only,no,no,portStatisticsIfGroupStatisticsTxDiscardPkts,Shows the number of discard frames which should been transmitted.
switch,ML540M-PORT-MIB,ml540mPortStatisticsIfGroupStatisticsTxErrorPkts,1.3.6.1.4.1.5468.100.11.1.5.2.1.15,column,counter64,,count,SMI type counter64,read-only,no,no,portStatisticsIfGroupStatisticsTxErrorPkts,Shows the number of frames transmit with error.
switch,ML540M-PORT-MIB,ml540mPortStatisticsEthernetLikeStatisticsIfIndex,1.3.6.1.4.1.5468.100.11.1.5.3.1.1,column,textual-convention,VTSSInterfaceIndex,,,not-accessible,no,yes,portStatisticsEthernetLikeStatisticsIfIndex,Logical interface number.
switch,ML540M-PORT-MIB,ml540mPortStatisticsEthernetLikeStatisticsRxPauseFrames,1.3.6.1.4.1.5468.100.11.1.5.3.1.2,column,counter64,,count,SMI type counter64,read-only,no,no,portStatisticsEthernetLikeStatisticsRxPauseFrames,The number of pause frames received.
switch,ML540M-PORT-MIB,ml540mPortStatisticsEthernetLikeStatisticsTxPauseFrames,1.3.6.1.4.1.5468.100.11.1.5.3.1.3,column,counter64,,count,SMI type counter64,read-only,no,no,portStatisticsEthernetLikeStatisticsTxPauseFrames,The number of pause frames transmitted.
switch,ML540M-PORT-MIB,ml540mPortStatisticsQueuesStatisticsIfIndex,1.3.6.1.4.1.5468.100.11.1.5.4.1.1,column,textual-convention,VTSSInterfaceIndex,,,not-accessible,no,yes,portStatisticsQueuesStatisticsIfIndex,Logical interface number.
switch,ML540M-PORT-MIB,ml540mPortStatisticsQueuesStatisticsQueue,1.3.6.1.4.1.5468.100.11.1.5.4.1.2,column,integer,,,,not-accessible,no,yes,portStatisticsQueuesStatisticsQueue,Queue index.
switch,ML540M-PORT-MIB,ml540mPortStatisticsQueuesStatisticsRxPrio,1.3.6.1.4.1.5468.100.11.1.5.4.1.3,column,counter64,,count,SMI type counter64,read-only,no,no,portStatisticsQueuesStatisticsRxPrio,The number of frames received for the queue.
switch,ML540M-PORT-MIB,ml540mPortStatisticsQueuesStatisticsTxPrio,1.3.6.1.4.1.5468.100.11.1.5.4.1.4,column,counter64,,count,SMI type counter64,read-only,no,no,portStatisticsQueuesStatisticsTxPrio,The number of frames transmitted for the queue.
switch,ML540M-PORT-MIB,ml540mPortStatisticsBridgeStatisticsIfIndex,1.3.6.1.4.1.5468.100.11.1.5.5.1.1,column,textual-convention,VTSSInterfaceIndex,,,not-accessible,no,yes,portStatisticsBridgeStatisticsIfIndex,Logical interface number.
switch,ML540M-PORT-MIB,ml540mPortStatisticsBridgeStatisticsRxBridgeDiscard,1.3.6.1.4.1.5468.100.11.1.5.5.1.2,column,counter64,,count,SMI type counter64,read-only,no,no,portStatisticsBridgeStatisticsRxBridgeDiscard,The number of bridge frames discarded.
switch,ML540M-VLAN-MIB,ml540mVlanCapabilitiesVlanIdMin,1.3.6.1.4.1.5468.100.13.1.1.1,scalar,textual-convention,VTSSVlan,,,read-only,no,no,vlanCapabilitiesVlanIdMin,The minimum VLAN ID that can be configured on the device.
switch,ML540M-VLAN-MIB,ml540mVlanCapabilitiesVlanIdMax,1.3.6.1.4.1.5468.100.13.1.1.2,scalar,textual-convention,VTSSVlan,,,read-only,no,no,vlanCapabilitiesVlanIdMax,The maximum VLAN ID that can be configured on the device.
switch,ML540M-VLAN-MIB,ml540mVlanCapabilitiesFidCnt,1.3.6.1.4.1.5468.100.13.1.1.3,scalar,textual-convention,VTSSUnsigned16,,,read-only,no,no,vlanCapabilitiesFidCnt,The number of Shared VLAN Learning (SVL) Filter IDs (FIDs) supported by this device. 0 if SVL is not supported.
switch,ML540M-VLAN-MIB,ml540mVlanConfigGlobalsMainCustomSPortEtherType,1.3.6.1.4.1.5468.100.13.1.2.1.1.1,scalar,textual-convention,VTSSEtherType,,,read-write,yes,no,vlanConfigGlobalsMainCustomSPortEtherType,TPID (EtherType) for ports marked as Custom-S tag aware.
switch,ML540M-VLAN-MIB,ml540mVlanConfigGlobalsMainAccessVlans0To1K,1.3.6.1.4.1.5468.100.13.1.2.1.1.2,scalar,textual-convention,VTSSVlanListQuarter,,,read-write,yes,no,vlanConfigGlobalsMainAccessVlans0To1K,First quarter of bit-array indicating the enabled access VLANs.
switch,ML540M-VLAN-MIB,ml540mVlanConfigGlobalsMainAccessVlans1KTo2K,1.3.6.1.4.1.5468.100.13.1.2.1.1.3,scalar,textual-convention,VTSSVlanListQuarter,seconds,description text,read-write,yes,no,vlanConfigGlobalsMainAccessVlans1KTo2K,Second quarter of bit-array indicating the enabled access VLANs.
switch,ML540M-VLAN-MIB,ml540mVlanConfigGlobalsMainAccessVlans2KTo3K,1.3.6.1.4.1.5468.100.13.1.2.1.1.4,scalar,textual-convention,VTSSVlanListQuarter,,,read-write,yes,no,vlanConfigGlobalsMainAccessVlans2KTo3K,Third quarter of bit-array indicating the enabled access VLANs.
switch,ML540M-VLAN-MIB,ml540mVlanConfigGlobalsMainAccessVlans3KTo4K,1.3.6.1.4.1.5468.100.13.1.2.1.1.5,scalar,textual-convention,VTSSVlanListQuarter,,,read-write,yes,no,vlanConfigGlobalsMainAccessVlans3KTo4K,Last quarter of bit-array indicating the enabled access VLANs.
switch,ML540M-VLAN-MIB,ml540mVlanConfigGlobalsNameVlanId,1.3.6.1.4.1.5468.100.13.1.2.1.2.1.1,column,textual-convention,VTSSVlan,,,not-accessible,no,yes,vlanConfigGlobalsNameVlanId,VLAN ID. Valid range is 1 - 4095.
switch,ML540M-VLAN-MIB,ml540mVlanConfigGlobalsNameName,1.3.6.1.4.1.5468.100.13.1.2.1.2.1.2,column,textual-convention,VTSSDisplayString,,,read-write,yes,no,vlanConfigGlobalsNameName,"VLAN Name. Default for VLAN 1 is 'default'. Default for any other VLAN is 'VLANxxxx', where 'xxxx' is a decimal representation of the VLAN ID with lea"
switch,ML540M-VLAN-MIB,ml540mVlanConfigInterfacesIfIndex,1.3.6.1.4.1.5468.100.13.1.2.2.1.1.1,column,textual-convention,VTSSInterfaceIndex,,,not-accessible,no,yes,vlanConfigInterfacesIfIndex,Logical interface index.
switch,ML540M-VLAN-MIB,ml540mVlanConfigInterfacesMode,1.3.6.1.4.1.5468.100.13.1.2.2.1.1.2,column,textual-convention,VTSSVlanPortMode,,,read-write,yes,no,vlanConfigInterfacesMode,VLAN mode of the port.
switch,ML540M-VLAN-MIB,ml540mVlanConfigInterfacesAccessVlan,1.3.6.1.4.1.5468.100.13.1.2.2.1.1.3,column,textual-convention,VTSSVlan,,,read-write,yes,no,vlanConfigInterfacesAccessVlan,The port VLAN ID the port will be assigned when Mode is Access.
switch,ML540M-VLAN-MIB,ml540mVlanConfigInterfacesTrunkNativeVlan,1.3.6.1.4.1.5468.100.13.1.2.2.1.1.4,column,textual-convention,VTSSVlan,,,read-write,yes,no,vlanConfigInterfacesTrunkNativeVlan,The port VLAN ID the port will be assigned when Mode is trunk.
switch,ML540M-VLAN-MIB,ml540mVlanConfigInterfacesTrunkTagNativeVlan,1.3.6.1.4.1.5468.100.13.1.2.2.1.1.5,column,boolean,TruthValue,frames,description text,read-write,yes,no,vlanConfigInterfacesTrunkTagNativeVlan,Controls whether frames classified to TrunkNativeVlan get tagged on egress. Used when Mode is trunk.
switch,ML540M-VLAN-MIB,ml540mVlanConfigInterfacesTrunkVlans0KTo1K,1.3.6.1.4.1.5468.100.13.1.2.2.1.1.6,column,textual-convention,VTSSVlanListQuarter,,,read-write,yes,no,vlanConfigInterfacesTrunkVlans0KTo1K,First quarter of bit-array indicating whether the port is member of a VLAN ('1') or not ('0'). Used when Mode is trunk.
switch,ML540M-VLAN-MIB,ml540mVlanConfigInterfacesTrunkVlans1KTo2K,1.3.6.1.4.1.5468.100.13.1.2.2.1.1.7,column,textual-convention,VTSSVlanListQuarter,seconds,description text,read-write,yes,no,vlanConfigInterfacesTrunkVlans1KTo2K,Second quarter of bit-array indicating whether the port is member of a VLAN ('1') or not ('0'). Used when Mode is trunk.
switch,ML540M-VLAN-MIB,ml540mVlanConfigInterfacesTrunkVlans2KTo3K,1.3.6.1.4.1.5468.100.13.1.2.2.1.1.8,column,textual-convention,VTSSVlanListQuarter,,,read-write,yes,no,vlanConfigInterfacesTrunkVlans2KTo3K,Third quarter of bit-array indicating whether the port is member of a VLAN ('1') or not ('0'). Used when Mode is trunk.
switch,ML540M-VLAN-MIB,ml540mVlanConfigInterfacesTrunkVlans3KTo4K,1.3.6.1.4.1.5468.100.13.1.2.2.1.1.9,column,textual-convention,VTSSVlanListQuarter,,,read-write,yes,no,vlanConfigInterfacesTrunkVlans3KTo4K,Last quarter of bit-array indicating whether the port is member of a VLAN ('1') or not ('0'). Used when Mode is trunk.
switch,ML540M-VLAN-MIB,ml540mVlanConfigInterfacesHybridNativeVlan,1.3.6.1.4.1.5468.100.13.1.2.2.1.1.10,column,textual-convention,VTSSVlan,,,read-write,yes,no,vlanConfigInterfacesHybridNativeVlan,The port VLAN ID the port will be assigned when Mode is hybrid.
switch,ML540M-VLAN-MIB,ml540mVlanConfigInterfacesHybridPortType,1.3.6.1.4.1.5468.100.13.1.2.2.1.1.11,column,textual-convention,VTSSVlanPortType,,,read-write,yes,no,vlanConfigInterfacesHybridPortType,"Controls awareness and whether it reacts to C-tags, S-tags, Custom-S-tags. Used when Mode is hybrid."
switch,ML540M-VLAN-MIB,ml540mVlanConfigInterfacesHybridIngressFiltering,1.3.6.1.4.1.5468.100.13.1.2.2.1.1.12,column,boolean,TruthValue,frames,description text,read-write,yes,no,vlanConfigInterfacesHybridIngressFiltering,Controls whether frames classified to a certain VLAN ID get discarded (true) or not (false) if the port is not member of the VLAN ID. Used when Mode i
switch,ML540M-VLAN-MIB,ml540mVlanConfigInterfacesHybridIngressAcceptance,1.3.6.1.4.1.5468.100.13.1.2.2.1.1.13,column,textual-convention,VTSSVlanIngressAcceptance,frames,description text,read-write,yes,no,vlanConfigInterfacesHybridIngressAcceptance,Controls whether frames are accepted on ingress depending on VLAN tag in frame. Used when Mode is hybrid.
switch,ML540M-VLAN-MIB,ml540mVlanConfigInterfacesHybridEgressTagging,1.3.6.1.4.1.5468.100.13.1.2.2.1.1.14,column,textual-convention,VTSSVlanEgressTagging,frames,description text,read-write,yes,no,vlanConfigInterfacesHybridEgressTagging,Controls tagging of frames on egress. tagThis(1) is not allowed. Used when Mode is hybrid.
switch,ML540M-VLAN-MIB,ml540mVlanConfigInterfacesHybridVlans0KTo1K,1.3.6.1.4.1.5468.100.13.1.2.2.1.1.15,column,textual-convention,VTSSVlanListQuarter,,,read-write,yes,no,vlanConfigInterfacesHybridVlans0KTo1K,First quarter of bit-array indicating whether the port is member of a VLAN ('1') or not ('0'). Used when Mode is hybrid.
switch,ML540M-VLAN-MIB,ml540mVlanConfigInterfacesHybridVlans1KTo2K,1.3.6.1.4.1.5468.100.13.1.2.2.1.1.16,column,textual-convention,VTSSVlanListQuarter,seconds,description text,read-write,yes,no,vlanConfigInterfacesHybridVlans1KTo2K,Second quarter of bit-array indicating whether the port is member of a VLAN ('1') or not ('0'). Used when Mode is hybrid.
switch,ML540M-VLAN-MIB,ml540mVlanConfigInterfacesHybridVlans2KTo3K,1.3.6.1.4.1.5468.100.13.1.2.2.1.1.17,column,textual-convention,VTSSVlanListQuarter,,,read-write,yes,no,vlanConfigInterfacesHybridVlans2KTo3K,Third quarter of bit-array indicating whether the port is member of a VLAN ('1') or not ('0'). Used when Mode is hybrid.
switch,ML540M-VLAN-MIB,ml540mVlanConfigInterfacesHybridVlans3KTo4K,1.3.6.1.4.1.5468.100.13.1.2.2.1.1.18,column,textual-convention,VTSSVlanListQuarter,,,read-write,yes,no,vlanConfigInterfacesHybridVlans3KTo4K,Last quarter of bit-array indicating whether the port is member of a VLAN ('1') or not ('0'). Used when Mode is hybrid.
switch,ML540M-VLAN-MIB,ml540mVlanConfigInterfacesForbiddenVlans0KTo1K,1.3.6.1.4.1.5468.100.13.1.2.2.1.1.19,column,textual-convention,VTSSVlanListQuarter,,,read-write,yes,no,vlanConfigInterfacesForbiddenVlans0KTo1K,First quarter of bit-array indicating whether the port can ever become a member of a VLAN ('0') or not ('1'). Used in all modes.
switch,ML540M-VLAN-MIB,ml540mVlanConfigInterfacesForbiddenVlans1KTo2K,1.3.6.1.4.1.5468.100.13.1.2.2.1.1.20,column,textual-convention,VTSSVlanListQuarter,seconds,description text,read-write,yes,no,vlanConfigInterfacesForbiddenVlans1KTo2K,Second quarter of bit-array indicating whether the port can ever become a member of a VLAN ('0') or not ('1'). Used in all modes.
switch,ML540M-VLAN-MIB,ml540mVlanConfigInterfacesForbiddenVlans2KTo3K,1.3.6.1.4.1.5468.100.13.1.2.2.1.1.21,column,textual-convention,VTSSVlanListQuarter,,,read-write,yes,no,vlanConfigInterfacesForbiddenVlans2KTo3K,Third quarter of bit-array indicating whether the port can ever become a member of a VLAN ('0') or not ('1'). Used in all modes.
switch,ML540M-VLAN-MIB,ml540mVlanConfigInterfacesForbiddenVlans3KTo4K,1.3.6.1.4.1.5468.100.13.1.2.2.1.1.22,column,textual-convention,VTSSVlanListQuarter,,,read-write,yes,no,vlanConfigInterfacesForbiddenVlans3KTo4K,Last quarter of bit-array indicating whether the port can ever become a member of a VLAN ('0') or not ('1'). Used in all modes.
switch,ML540M-VLAN-MIB,ml540mVlanConfigInterfacesSvlVlanId,1.3.6.1.4.1.5468.100.13.1.2.2.2.1.1,column,textual-convention,VTSSVlan,,,not-accessible,no,yes,vlanConfigInterfacesSvlVlanId,VLAN ID. Valid range is 1 - 4095.
switch,ML540M-VLAN-MIB,ml540mVlanConfigInterfacesSvlFilterId,1.3.6.1.4.1.5468.100.13.1.2.2.2.1.2,column,textual-convention,VTSSUnsigned16,,,read-write,yes,no,vlanConfigInterfacesSvlFilterId,Filter ID (FID) used in Shared VLAN Learning. Zero or more VLANs may map into the same FID.
switch,ML540M-VLAN-MIB,ml540mVlanConfigInterfacesSvlAction,1.3.6.1.4.1.5468.100.13.1.2.2.2.1.100,column,textual-convention,VTSSRowEditorState,,,read-write,yes,no,vlanConfigInterfacesSvlAction,Action
switch,ML540M-VLAN-MIB,ml540mVlanConfigInterfacesSvlTableRowEditorVlanId,1.3.6.1.4.1.5468.100.13.1.2.2.3.1,scalar,textual-convention,VTSSVlan,,,read-write,yes,no,vlanConfigInterfacesSvlTableRowEditorVlanId,VLAN ID. Valid range is 1 - 4095.
switch,ML540M-VLAN-MIB,ml540mVlanConfigInterfacesSvlTableRowEditorFilterId,1.3.6.1.4.1.5468.100.13.1.2.2.3.2,scalar,textual-convention,VTSSUnsigned16,,,read-write,yes,no,vlanConfigInterfacesSvlTableRowEditorFilterId,Filter ID (FID) used in Shared VLAN Learning. Zero or more VLANs may map into the same FID.
switch,ML540M-VLAN-MIB,ml540mVlanConfigInterfacesSvlTableRowEditorAction,1.3.6.1.4.1.5468.100.13.1.2.2.3.100,scalar,textual-convention,VTSSRowEditorState,,,read-write,yes,no,vlanConfigInterfacesSvlTableRowEditorAction,Action
switch,ML540M-VLAN-MIB,ml540mVlanStatusInterfacesIfIndex,1.3.6.1.4.1.5468.100.13.1.3.1.1.1.1,column,textual-convention,VTSSInterfaceIndex,,,not-accessible,no,yes,vlanStatusInterfacesIfIndex,Logical interface index.
switch,ML540M-VLAN-MIB,ml540mVlanStatusInterfacesVlanUser,1.3.6.1.4.1.5468.100.13.1.3.1.1.1.2,column,textual-convention,VTSSVlanUserType,,,not-accessible,no,yes,vlanStatusInterfacesVlanUser,VLAN user.
switch,ML540M-VLAN-MIB,ml540mVlanStatusInterfacesPvid,1.3.6.1.4.1.5468.100.13.1.3.1.1.1.3,column,textual-convention,VTSSVlan,,,read-only,no,no,vlanStatusInterfacesPvid,Port VLAN ID set by this user.
switch,ML540M-VLAN-MIB,ml540mVlanStatusInterfacesUvid,1.3.6.1.4.1.5468.100.13.1.3.1.1.1.4,column,textual-convention,VTSSVlan,,,read-only,no,no,vlanStatusInterfacesUvid,Untagged VLAN ID set by a user. This may only be populated by non-admin users.
switch,ML540M-VLAN-MIB,ml540mVlanStatusInterfacesPortType,1.3.6.1.4.1.5468.100.13.1.3.1.1.1.5,column,textual-convention,VTSSVlanPortType,,,read-only,no,no,vlanStatusInterfacesPortType,VLAN Awareness and tag reaction set by this user.
switch,ML540M-VLAN-MIB,ml540mVlanStatusInterfacesIngressFiltering,1.3.6.1.4.1.5468.100.13.1.3.1.1.1.6,column,boolean,TruthValue,,,read-only,no,no,vlanStatusInterfacesIngressFiltering,Ingress filtering enabled or disabled by this user.
switch,ML540M-VLAN-MIB,ml540mVlanStatusInterfacesIngressAcceptance,1.3.6.1.4.1.5468.100.13.1.3.1.1.1.7,column,textual-convention,VTSSVlanIngressAcceptance,,,read-only,no,no,vlanStatusInterfacesIngressAcceptance,VLAN tagging accepted upon ingress configured by this user.
switch,ML540M-VLAN-MIB,ml540mVlanStatusInterfacesEgressTagging,1.3.6.1.4.1.5468.100.13.1.3.1.1.1.8,column,textual-convention,VTSSVlanEgressTagging,,,read-only,no,no,vlanStatusInterfacesEgressTagging,Egress tagging configured by this user.
switch,ML540M-VLAN-MIB,ml540mVlanStatusMembershipsVlanVlanId,1.3.6.1.4.1.5468.100.13.1.3.2.1.1.1,column,textual-convention,VTSSVlan,,,not-accessible,no,yes,vlanStatusMembershipsVlanVlanId,VLAN ID. Valid range is 1 - 4095.
switch,ML540M-VLAN-MIB,ml540mVlanStatusMembershipsVlanVlanUser,1.3.6.1.4.1.5468.100.13.1.3.2.1.1.2,column,textual-convention,VTSSVlanUserType,,,not-accessible,no,yes,vlanStatusMembershipsVlanVlanUser,VLAN user.
switch,ML540M-VLAN-MIB,ml540mVlanStatusMembershipsVlanPortList,1.3.6.1.4.1.5468.100.13.1.3.2.1.1.3,column,textual-convention,VTSSPortList,,,read-only,no,no,vlanStatusMembershipsVlanPortList,Port list.
switch,ML540M-LACP-MIB,ml540mLacpConfigPortInterfaceNo,1.3.6.1.4.1.5468.100.35.1.2.1.1.1,column,textual-convention,VTSSInterfaceIndex,,,not-accessible,no,yes,lacpConfigPortInterfaceNo,Logical interface number.
switch,ML540M-LACP-MIB,ml540mLacpConfigPortDot3adAggrActorAdminMode,1.3.6.1.4.1.5468.100.35.1.2.1.1.2,column,boolean,TruthValue,,,read-write,yes,no,lacpConfigPortDot3adAggrActorAdminMode,Control whether port is LACP enabled(1) or disabled(0).
switch,ML540M-LACP-MIB,ml540mLacpConfigPortDot3adAggrActorAdminKey,1.3.6.1.4.1.5468.100.35.1.2.1.1.3,column,unsigned32,,,,read-write,yes,no,lacpConfigPortDot3adAggrActorAdminKey,The current administrative value of the Key for the Aggregator. The administrative Key value may differ from the operational Key value for the reasons
switch,ML540M-LACP-MIB,ml540mLacpConfigPortDot3adAggrRole,1.3.6.1.4.1.5468.100.35.1.2.1.1.4,column,boolean,TruthValue,seconds,description text,read-write,yes,no,lacpConfigPortDot3adAggrRole,"The Role shows the LACP activity status. The Active(true) will transmit LACP packets each second, while Passive(false) will wait for a LACP packet fro"
switch,ML540M-LACP-MIB,ml540mLacpConfigPortDot3adAggrTimeout,1.3.6.1.4.1.5468.100.35.1.2.1.1.5,column,boolean,TruthValue,seconds,description text,read-write,yes,no,lacpConfigPortDot3adAggrTimeout,"The Timeout controls the period between BPDU transmissions. Fast(true) will transmit LACP packets each second, while Slow(0) will wait for 30 seconds"
switch,ML540M-LACP-MIB,ml540mLacpConfigPortDot3adAggrPortPriority,1.3.6.1.4.1.5468.100.35.1.2.1.1.6,column,unsigned32,,,,read-write,yes,no,lacpConfigPortDot3adAggrPortPriority,The Port Priority controls the priority of the port. If the LACP partner wants to form a larger group than is supported by this device then this param
switch,ML540M-LACP-MIB,ml540mLacpConfigGlobalsDot3adAggrSystemPriority,1.3.6.1.4.1.5468.100.35.1.2.2.1,scalar,unsigned32,,,,read-write,yes,no,lacpConfigGlobalsDot3adAggrSystemPriority,LACP system priority is a value.
switch,ML540M-LACP-MIB,ml540mLacpStatusSystemInterfaceNo,1.3.6.1.4.1.5468.100.35.1.3.1.1.1,column,textual-convention,VTSSInterfaceIndex,,,not-accessible,no,yes,lacpStatusSystemInterfaceNo,Logical interface number.
switch,ML540M-LACP-MIB,ml540mLacpStatusSystemDot3adAggrID,1.3.6.1.4.1.5468.100.35.1.3.1.1.2,column,textual-convention,VTSSUnsigned16,,,read-only,no,no,lacpStatusSystemDot3adAggrID,The aggregation ID for a particular link aggregation group.
switch,ML540M-LACP-MIB,ml540mLacpStatusSystemDot3adAggrPartnerSystemID,1.3.6.1.4.1.5468.100.35.1.3.1.1.3,column,mac-address,MacAddress,,,read-only,no,no,lacpStatusSystemDot3adAggrPartnerSystemID,The system ID (MAC address) of the aggregation partner.
switch,ML540M-LACP-MIB,ml540mLacpStatusSystemDot3adAggrPartnerOperKey,1.3.6.1.4.1.5468.100.35.1.3.1.1.4,column,textual-convention,VTSSUnsigned16,,,read-only,no,no,lacpStatusSystemDot3adAggrPartnerOperKey,The Key that the partner has assigned to this aggregation ID.
switch,ML540M-LACP-MIB,ml540mLacpStatusSystemDot3adAggrPartnerOperSystemPriority,1.3.6.1.4.1.5468.100.35.1.3.1.1.5,column,textual-convention,VTSSUnsigned16,octets,description text,read-only,no,no,lacpStatusSystemDot3adAggrPartnerOperSystemPriority,A 2-octet read-only value indicating the operational value of priority associated with the Partner's System ID. The value of this attribute may contai
switch,ML540M-LACP-MIB,ml540mLacpStatusSystemDot3adAggrPartnerStateLastChanged,1.3.6.1.4.1.5468.100.35.1.3.1.1.6,column,unsigned32,,seconds,description text,read-only,no,no,lacpStatusSystemDot3adAggrPartnerStateLastChanged,The time in second since this aggregation changed
switch,ML540M-LACP-MIB,ml540mLacpStatusSystemDot3adAggrLocalPorts,1.3.6.1.4.1.5468.100.35.1.3.1.1.7,column,textual-convention,VTSSPortList,,,read-only,no,no,lacpStatusSystemDot3adAggrLocalPorts,Local port list
switch,ML540M-LACP-MIB,ml540mLacpStatusPortInterfaceNo,1.3.6.1.4.1.5468.100.35.1.3.2.1.1,column,textual-convention,VTSSInterfaceIndex,,,not-accessible,no,yes,lacpStatusPortInterfaceNo,Logical interface number.
switch,ML540M-LACP-MIB,ml540mLacpStatusPortDot3adAggrActorAdminMode,1.3.6.1.4.1.5468.100.35.1.3.2.1.2,column,boolean,TruthValue,,,read-only,no,no,lacpStatusPortDot3adAggrActorAdminMode,"Shows the current Admin mode of port, if LACP enabled then returns true else returns false."
switch,ML540M-LACP-MIB,ml540mLacpStatusPortDot3adAggrActorAdminKey,1.3.6.1.4.1.5468.100.35.1.3.2.1.3,column,textual-convention,VTSSUnsigned16,,,read-only,no,no,lacpStatusPortDot3adAggrActorAdminKey,Shows the current administrative value of the Key for the Aggregator. The administrative Key value may differ from the operational Key value for the r
switch,ML540M-LACP-MIB,ml540mLacpStatusPortDot3adAggrPartnerOperPortIndex,1.3.6.1.4.1.5468.100.35.1.3.2.1.4,column,textual-convention,VTSSUnsigned8,,,read-only,no,no,lacpStatusPortDot3adAggrPartnerOperPortIndex,Shows the port index of the partner port connected to this port.
switch,ML540M-LACP-MIB,ml540mLacpStatusPortDot3adAggrPartnerOperPortPriority,1.3.6.1.4.1.5468.100.35.1.3.2.1.5,column,textual-convention,VTSSUnsigned16,,,read-only,no,no,lacpStatusPortDot3adAggrPartnerOperPortPriority,Shows the port priority of the port partner port connected to this port.
switch,ML540M-LACP-MIB,ml540mLacpControlPortStatsClearInterfaceNo,1.3.6.1.4.1.5468.100.35.1.4.1.1.1,column,textual-convention,VTSSInterfaceIndex,,,not-accessible,no,yes,lacpControlPortStatsClearInterfaceNo,Logical interface number.
switch,ML540M-LACP-MIB,ml540mLacpControlPortStatsClearPortStatisticsClear,1.3.6.1.4.1.5468.100.35.1.4.1.1.2,column,boolean,TruthValue,,,read-write,yes,no,lacpControlPortStatsClearPortStatisticsClear,Set to true to clear the statistics of a port.
switch,ML540M-LACP-MIB,ml540mLacpStatisticsPortInterfaceNo,1.3.6.1.4.1.5468.100.35.1.5.3.1.1,column,textual-convention,VTSSInterfaceIndex,,,not-accessible,no,yes,lacpStatisticsPortInterfaceNo,Logical interface number.
switch,ML540M-LACP-MIB,ml540mLacpStatisticsPortDot3adAggrRxFrames,1.3.6.1.4.1.5468.100.35.1.5.3.1.2,column,counter64,,count,SMI type counter64,read-only,no,no,lacpStatisticsPortDot3adAggrRxFrames,Shows received LACP frame count.
switch,ML540M-LACP-MIB,ml540mLacpStatisticsPortDot3adAggrTxFrames,1.3.6.1.4.1.5468.100.35.1.5.3.1.3,column,counter64,,count,SMI type counter64,read-only,no,no,lacpStatisticsPortDot3adAggrTxFrames,Shows transmitted LACP frame count.
switch,ML540M-LACP-MIB,ml540mLacpStatisticsPortDot3adAggrRxIllegalFrames,1.3.6.1.4.1.5468.100.35.1.5.3.1.4,column,counter64,,count,SMI type counter64,read-only,no,no,lacpStatisticsPortDot3adAggrRxIllegalFrames,Shows recevied illegal LACP frame count.
switch,ML540M-LACP-MIB,ml540mLacpStatisticsPortDot3adAggrRxUnknownFrames,1.3.6.1.4.1.5468.100.35.1.5.3.1.5,column,counter64,,count,SMI type counter64,read-only,no,no,lacpStatisticsPortDot3adAggrRxUnknownFrames,Shows recevied unknown LACP frame count.
switch,ML540M-AGGR-MIB,ml540mAggrConfigModeGlobalsSmacAddr,1.3.6.1.4.1.5468.100.19.1.2.1.1,scalar,boolean,TruthValue,,,read-write,yes,no,aggrConfigModeGlobalsSmacAddr,"Set to true to enable the use of the Source MAC address, or false to disable. By default, Source MAC Address is enabled."
switch,ML540M-AGGR-MIB,ml540mAggrConfigModeGlobalsDmacAddr,1.3.6.1.4.1.5468.100.19.1.2.1.2,scalar,boolean,TruthValue,,,read-write,yes,no,aggrConfigModeGlobalsDmacAddr,"Set to true to enable the use of the Destination MAC address, or false to disable. By default, Destination MAC Address is disabled."
switch,ML540M-AGGR-MIB,ml540mAggrConfigModeGlobalsSourceAndDestinationIpAddr,1.3.6.1.4.1.5468.100.19.1.2.1.3,scalar,boolean,TruthValue,,,read-write,yes,no,aggrConfigModeGlobalsSourceAndDestinationIpAddr,"Set to true to enable the use of the IP address, or false to disable. By default, Destination MAC Address is enabled."
switch,ML540M-AGGR-MIB,ml540mAggrConfigModeGlobalsTcpOrUdpSportAndDportNo,1.3.6.1.4.1.5468.100.19.1.2.1.4,scalar,boolean,TruthValue,,,read-write,yes,no,aggrConfigModeGlobalsTcpOrUdpSportAndDportNo,"Set to true to enable the use of the TCP/UDP Port Number, or false to disable. By default, TCP/UDP Port Number is enabled."
switch,ML540M-AGGR-MIB,ml540mAggrConfigGroupAggrIndexNo,1.3.6.1.4.1.5468.100.19.1.2.2.1.1,column,textual-convention,VTSSInterfaceIndex,,,not-accessible,no,yes,aggrConfigGroupAggrIndexNo,Link Aggregation Group Identifier.
switch,ML540M-AGGR-MIB,ml540mAggrConfigGroupPortMembers,1.3.6.1.4.1.5468.100.19.1.2.2.1.2,column,textual-convention,VTSSPortList,,,read-write,yes,no,aggrConfigGroupPortMembers,The list of port members for this Link Aggregation Group.
switch,ML540M-AGGR-MIB,ml540mAggrConfigGroupAction,1.3.6.1.4.1.5468.100.19.1.2.2.1.100,column,textual-convention,VTSSRowEditorState,,,read-write,yes,no,aggrConfigGroupAction,Action
switch,ML540M-AGGR-MIB,ml540mAggrConfigGroupTableRowEditorAggrIndexNo,1.3.6.1.4.1.5468.100.19.1.2.3.1,scalar,textual-convention,VTSSInterfaceIndex,,,read-write,yes,no,aggrConfigGroupTableRowEditorAggrIndexNo,Link Aggregation Group Identifier.
switch,ML540M-AGGR-MIB,ml540mAggrConfigGroupTableRowEditorPortMembers,1.3.6.1.4.1.5468.100.19.1.2.3.2,scalar,textual-convention,VTSSPortList,,,read-write,yes,no,aggrConfigGroupTableRowEditorPortMembers,The list of port members for this Link Aggregation Group.
switch,ML540M-AGGR-MIB,ml540mAggrConfigGroupTableRowEditorAction,1.3.6.1.4.1.5468.100.19.1.2.3.100,scalar,textual-convention,VTSSRowEditorState,,,read-write,yes,no,aggrConfigGroupTableRowEditorAction,Action
switch,ML540M-AGGR-MIB,ml540mAggrStatusGroupAggrIndexNo,1.3.6.1.4.1.5468.100.19.1.3.1.1.1,column,textual-convention,VTSSInterfaceIndex,,,not-accessible,no,yes,aggrStatusGroupAggrIndexNo,Link Aggregation Group Identifier.
switch,ML540M-AGGR-MIB,ml540mAggrStatusGroupConfiguredPorts,1.3.6.1.4.1.5468.100.19.1.3.1.1.2,column,textual-convention,VTSSPortList,,,read-only,no,no,aggrStatusGroupConfiguredPorts,Configured member ports of the aggregation Group.
switch,ML540M-AGGR-MIB,ml540mAggrStatusGroupAggregatedPorts,1.3.6.1.4.1.5468.100.19.1.3.1.1.3,column,textual-convention,VTSSPortList,,,read-only,no,no,aggrStatusGroupAggregatedPorts,Aggregated member ports of the aggregation Group.
switch,ML540M-AGGR-MIB,ml540mAggrStatusGroupSpeed,1.3.6.1.4.1.5468.100.19.1.3.1.1.4,column,textual-convention,VTSSAggrLinkSpeedStatusEnum,,,read-only,no,no,aggrStatusGroupSpeed,Speed of the Aggregation Group.
switch,ML540M-AGGR-MIB,ml540mAggrStatusGroupType,1.3.6.1.4.1.5468.100.19.1.3.1.1.5,column,textual-convention,VTSSDisplayString,,,read-only,no,no,aggrStatusGroupType,Type of the Aggregation Group.
switch,ML540M-MSTP-MIB,ml540mMstpConfigBridgeParamsBridgeMaxAge,1.3.6.1.4.1.5468.100.20.1.2.1.1,scalar,unsigned32,,,,read-write,yes,no,mstpConfigBridgeParamsBridgeMaxAge,"Bridge Max Age, IEEE-802.1D-2004 sect 13.23.4"
switch,ML540M-MSTP-MIB,ml540mMstpConfigBridgeParamsBridgeHelloTime,1.3.6.1.4.1.5468.100.20.1.2.1.2,scalar,unsigned32,,seconds,description text,read-write,yes,no,mstpConfigBridgeParamsBridgeHelloTime,"Bridge Hello Time, 13.25.7 of IEEE-802.1Q-2005. Fixed value of two seconds by the standard, but this implementation allow a compatibility range from 1"
switch,ML540M-MSTP-MIB,ml540mMstpConfigBridgeParamsBridgeForwardDelay,1.3.6.1.4.1.5468.100.20.1.2.1.3,scalar,unsigned32,,,,read-write,yes,no,mstpConfigBridgeParamsBridgeForwardDelay,"Bridge Forward Delay, IEEE-802.1D-2004 sect 17.20"
switch,ML540M-MSTP-MIB,ml540mMstpConfigBridgeParamsForceVersion,1.3.6.1.4.1.5468.100.20.1.2.1.4,scalar,textual-convention,VTSSMSTPForceVersion,,,read-write,yes,no,mstpConfigBridgeParamsForceVersion,value of the Force Protocol Version parameter - 13.6.2 of IEEE-802.1Q-2005
switch,ML540M-MSTP-MIB,ml540mMstpConfigBridgeParamsTxHoldCount,1.3.6.1.4.1.5468.100.20.1.2.1.5,scalar,unsigned32,,,,read-write,yes,no,mstpConfigBridgeParamsTxHoldCount,TxHoldCount - 17.13.12 of IEEE Std 802.1D
switch,ML540M-MSTP-MIB,ml540mMstpConfigBridgeParamsMaxHops,1.3.6.1.4.1.5468.100.20.1.2.1.6,scalar,textual-convention,VTSSUnsigned8,,,read-write,yes,no,mstpConfigBridgeParamsMaxHops,MaxHops - 13.22.1 of IEEE-802.1Q-2005
switch,ML540M-MSTP-MIB,ml540mMstpConfigBridgeParamsBpduFiltering,1.3.6.1.4.1.5468.100.20.1.2.1.7,scalar,boolean,TruthValue,,,read-write,yes,no,mstpConfigBridgeParamsBpduFiltering,BPDU filtering for edge ports. Control whether a port explicitly configured as Edge will transmit and receive BPDUs
switch,ML540M-MSTP-MIB,ml540mMstpConfigBridgeParamsBpduGuard,1.3.6.1.4.1.5468.100.20.1.2.1.8,scalar,boolean,TruthValue,,,read-write,yes,no,mstpConfigBridgeParamsBpduGuard,BPDU guard for edge ports. Control whether a port explicitly configured as Edge will disable itself upon reception of a BPDU. The port will enter the
switch,ML540M-MSTP-MIB,ml540mMstpConfigBridgeParamsErrorRecoveryDelay,1.3.6.1.4.1.5468.100.20.1.2.1.9,scalar,unsigned32,,seconds,description text,read-write,yes,no,mstpConfigBridgeParamsErrorRecoveryDelay,The number of seconds until a STP inconsistent port is recovered. Valid values are zero (recovery disabled) or between 30 and 86400 (24 hours)
switch,ML540M-MSTP-MIB,ml540mMstpConfigMstiParamInstance,1.3.6.1.4.1.5468.100.20.1.2.2.1.1,column,integer,,,,not-accessible,no,yes,mstpConfigMstiParamInstance,"Bridge instance number. The CIST = 0, MSTI1 = 1, etc"
switch,ML540M-MSTP-MIB,ml540mMstpConfigMstiParamPriority,1.3.6.1.4.1.5468.100.20.1.2.2.1.2,column,textual-convention,VTSSUnsigned8,,,read-write,yes,no,mstpConfigMstiParamPriority,Bridge Priority
switch,ML540M-MSTP-MIB,ml540mMstpConfigMstiConfigIdName,1.3.6.1.4.1.5468.100.20.1.2.3.1.1,scalar,textual-convention,VTSSDisplayString,,,read-write,yes,no,mstpConfigMstiConfigIdName,The configuration name
switch,ML540M-MSTP-MIB,ml540mMstpConfigMstiConfigIdRevision,1.3.6.1.4.1.5468.100.20.1.2.3.1.2,scalar,textual-convention,VTSSUnsigned16,,,read-write,yes,no,mstpConfigMstiConfigIdRevision,The configuration revision
switch,ML540M-MSTP-MIB,ml540mMstpConfigMstiConfigVid,1.3.6.1.4.1.5468.100.20.1.2.3.2.1.1,column,integer,,,,not-accessible,no,yes,mstpConfigMstiConfigVid,Vlan id
switch,ML540M-MSTP-MIB,ml540mMstpConfigMstiConfigMstid,1.3.6.1.4.1.5468.100.20.1.2.3.2.1.2,column,textual-convention,VTSSUnsigned8,,,read-write,yes,no,mstpConfigMstiConfigMstid,The MSTID value associated with the vlan id
switch,ML540M-MSTP-MIB,ml540mMstpConfigCistInterfaceParamInterfaceNo,1.3.6.1.4.1.5468.100.20.1.2.4.1.1,column,textual-convention,VTSSInterfaceIndex,,,not-accessible,no,yes,mstpConfigCistInterfaceParamInterfaceNo,Logical interface number.
switch,ML540M-MSTP-MIB,ml540mMstpConfigCistInterfaceParamEnable,1.3.6.1.4.1.5468.100.20.1.2.4.1.2,column,boolean,TruthValue,,,read-write,yes,no,mstpConfigCistInterfaceParamEnable,"Control whether port is controlled by xSTP. If disabled, the port forwarding state follow the MAC state"
switch,ML540M-MSTP-MIB,ml540mMstpConfigCistInterfaceParamAdminEdgePort,1.3.6.1.4.1.5468.100.20.1.2.4.1.3,column,boolean,TruthValue,,,read-write,yes,no,mstpConfigCistInterfaceParamAdminEdgePort,adminEdgePort parameter - 18.3.3 of IEEE Std 802.1D
switch,ML540M-MSTP-MIB,ml540mMstpConfigCistInterfaceParamAdminAutoEdgePort,1.3.6.1.4.1.5468.100.20.1.2.4.1.4,column,boolean,TruthValue,,,read-write,yes,no,mstpConfigCistInterfaceParamAdminAutoEdgePort,adminAutoEdgePort parameter - 17.13.3 of IEEE Std 802.1D
switch,ML540M-MSTP-MIB,ml540mMstpConfigCistInterfaceParamAdminPointToPointMAC,1.3.6.1.4.1.5468.100.20.1.2.4.1.5,column,textual-convention,VTSSMstpPoint2Point,,,read-write,yes,no,mstpConfigCistInterfaceParamAdminPointToPointMAC,adminPointToPointMAC parameter - 6.4.3 of IEEE Std 802.1D
switch,ML540M-MSTP-MIB,ml540mMstpConfigCistInterfaceParamRestrictedRole,1.3.6.1.4.1.5468.100.20.1.2.4.1.6,column,boolean,TruthValue,,,read-write,yes,no,mstpConfigCistInterfaceParamRestrictedRole,restrictedRole parameter - 13.25.14 of IEEE Std 802.1Q-2005
switch,ML540M-MSTP-MIB,ml540mMstpConfigCistInterfaceParamRestrictedTcn,1.3.6.1.4.1.5468.100.20.1.2.4.1.7,column,boolean,TruthValue,,,read-write,yes,no,mstpConfigCistInterfaceParamRestrictedTcn,restrictedRole parameter - 13.25.15 of IEEE Std 802.1Q-2005
switch,ML540M-MSTP-MIB,ml540mMstpConfigCistInterfaceParamBpduGuard,1.3.6.1.4.1.5468.100.20.1.2.4.1.8,column,boolean,TruthValue,,,read-write,yes,no,mstpConfigCistInterfaceParamBpduGuard,"If enabled, causes the port to disable itself upon receiving valid BPDU's. Contrary to the similar bridge setting, the port Edge status does not effec"
switch,ML540M-MSTP-MIB,ml540mMstpConfigAggrParamsEnable,1.3.6.1.4.1.5468.100.20.1.2.5.1,scalar,boolean,TruthValue,,,read-write,yes,no,mstpConfigAggrParamsEnable,"Control whether port is controlled by xSTP. If disabled, the port forwarding state follow the MAC state"
switch,ML540M-MSTP-MIB,ml540mMstpConfigAggrParamsAdminEdgePort,1.3.6.1.4.1.5468.100.20.1.2.5.2,scalar,boolean,TruthValue,,,read-write,yes,no,mstpConfigAggrParamsAdminEdgePort,adminEdgePort parameter - 18.3.3 of IEEE Std 802.1D
switch,ML540M-MSTP-MIB,ml540mMstpConfigAggrParamsAdminAutoEdgePort,1.3.6.1.4.1.5468.100.20.1.2.5.3,scalar,boolean,TruthValue,,,read-write,yes,no,mstpConfigAggrParamsAdminAutoEdgePort,adminAutoEdgePort parameter - 17.13.3 of IEEE Std 802.1D
switch,ML540M-MSTP-MIB,ml540mMstpConfigAggrParamsAdminPointToPointMAC,1.3.6.1.4.1.5468.100.20.1.2.5.4,scalar,textual-convention,VTSSMstpPoint2Point,,,read-write,yes,no,mstpConfigAggrParamsAdminPointToPointMAC,adminPointToPointMAC parameter - 6.4.3 of IEEE Std 802.1D
switch,ML540M-MSTP-MIB,ml540mMstpConfigAggrParamsRestrictedRole,1.3.6.1.4.1.5468.100.20.1.2.5.5,scalar,boolean,TruthValue,,,read-write,yes,no,mstpConfigAggrParamsRestrictedRole,restrictedRole parameter - 13.25.14 of IEEE Std 802.1Q-2005
switch,ML540M-MSTP-MIB,ml540mMstpConfigAggrParamsRestrictedTcn,1.3.6.1.4.1.5468.100.20.1.2.5.6,scalar,boolean,TruthValue,,,read-write,yes,no,mstpConfigAggrParamsRestrictedTcn,restrictedRole parameter - 13.25.15 of IEEE Std 802.1Q-2005
switch,ML540M-MSTP-MIB,ml540mMstpConfigAggrParamsBpduGuard,1.3.6.1.4.1.5468.100.20.1.2.5.7,scalar,boolean,TruthValue,,,read-write,yes,no,mstpConfigAggrParamsBpduGuard,"If enabled, causes the port to disable itself upon receiving valid BPDU's. Contrary to the similar bridge setting, the port Edge status does not effec"
switch,ML540M-MSTP-MIB,ml540mMstpConfigMstiInterfaceParamInterfaceNo,1.3.6.1.4.1.5468.100.20.1.2.6.1.1,column,textual-convention,VTSSInterfaceIndex,,,not-accessible,no,yes,mstpConfigMstiInterfaceParamInterfaceNo,Logical interface number.
switch,ML540M-MSTP-MIB,ml540mMstpConfigMstiInterfaceParamInstance,1.3.6.1.4.1.5468.100.20.1.2.6.1.2,column,integer,,,,not-accessible,no,yes,mstpConfigMstiInterfaceParamInstance,"Bridge instance number. The CIST = 0, MSTI1 = 1, etc"
switch,ML540M-MSTP-MIB,ml540mMstpConfigMstiInterfaceParamAdminPathCost,1.3.6.1.4.1.5468.100.20.1.2.6.1.3,column,unsigned32,,,,read-write,yes,no,mstpConfigMstiInterfaceParamAdminPathCost,Path Cost - 13.37.1 of 802.1Q-2005
switch,ML540M-MSTP-MIB,ml540mMstpConfigMstiInterfaceParamAdminPortPriority,1.3.6.1.4.1.5468.100.20.1.2.6.1.4,column,textual-convention,VTSSUnsigned8,,,read-write,yes,no,mstpConfigMstiInterfaceParamAdminPortPriority,priority field for the Port Identifier - 13.24.12 of 802.1Q-2005
switch,ML540M-MSTP-MIB,ml540mMstpConfigMstiAggrParamInstance,1.3.6.1.4.1.5468.100.20.1.2.7.1.1,column,integer,,,,not-accessible,no,yes,mstpConfigMstiAggrParamInstance,"Bridge instance number. The CIST = 0, MSTI1 = 1, etc"
switch,ML540M-MSTP-MIB,ml540mMstpConfigMstiAggrParamAdminPathCost,1.3.6.1.4.1.5468.100.20.1.2.7.1.3,column,unsigned32,,,,read-write,yes,no,mstpConfigMstiAggrParamAdminPathCost,Path Cost - 13.37.1 of 802.1Q-2005
switch,ML540M-MSTP-MIB,ml540mMstpConfigMstiAggrParamAdminPortPriority,1.3.6.1.4.1.5468.100.20.1.2.7.1.4,column,textual-convention,VTSSUnsigned8,,,read-write,yes,no,mstpConfigMstiAggrParamAdminPortPriority,priority field for the Port Identifier - 13.24.12 of 802.1Q-2005
switch,ML540M-MSTP-MIB,ml540mMstpStatusBridgeInstance,1.3.6.1.4.1.5468.100.20.1.3.1.1.1,column,integer,,,,not-accessible,no,yes,mstpStatusBridgeInstance,"Bridge instance number. The CIST = 0, MSTI1 = 1, etc"
switch,ML540M-MSTP-MIB,ml540mMstpStatusBridgeBridgeId,1.3.6.1.4.1.5468.100.20.1.3.1.1.2,column,string,,,,read-only,no,no,mstpStatusBridgeBridgeId,Bridge Identifier of this bridge
switch,ML540M-MSTP-MIB,ml540mMstpStatusBridgeTimeSinceTopologyChange,1.3.6.1.4.1.5468.100.20.1.3.1.1.3,column,unsigned32,,seconds,description text,read-only,no,no,mstpStatusBridgeTimeSinceTopologyChange,The count in seconds of the time elapsed since the Topology Change flag was last True
switch,ML540M-MSTP-MIB,ml540mMstpStatusBridgeTopologyChangeCount,1.3.6.1.4.1.5468.100.20.1.3.1.1.4,column,unsigned32,,,,read-only,no,no,mstpStatusBridgeTopologyChangeCount,The count of the times the Topology Change flag parameter for the Bridge has been set since the Bridge was powered on or initialized
switch,ML540M-MSTP-MIB,ml540mMstpStatusBridgeTopologyChange,1.3.6.1.4.1.5468.100.20.1.3.1.1.5,column,boolean,TruthValue,,,read-only,no,no,mstpStatusBridgeTopologyChange,Topology Change Flag current status
switch,ML540M-MSTP-MIB,ml540mMstpStatusBridgeDesignatedRoot,1.3.6.1.4.1.5468.100.20.1.3.1.1.6,column,string,,,,read-only,no,no,mstpStatusBridgeDesignatedRoot,Designated Root Bridge
switch,ML540M-MSTP-MIB,ml540mMstpStatusBridgeRootPathCost,1.3.6.1.4.1.5468.100.20.1.3.1.1.7,column,unsigned32,,,,read-only,no,no,mstpStatusBridgeRootPathCost,Root Path Cost
switch,ML540M-MSTP-MIB,ml540mMstpStatusBridgeRootPort,1.3.6.1.4.1.5468.100.20.1.3.1.1.8,column,unsigned32,,,,read-only,no,no,mstpStatusBridgeRootPort,Root Port
switch,ML540M-MSTP-MIB,ml540mMstpStatusBridgeMaxAge,1.3.6.1.4.1.5468.100.20.1.3.1.1.9,column,unsigned32,,,,read-only,no,no,mstpStatusBridgeMaxAge,"Max Age, IEEE-802.1D-2004 sect 13.23.7"
switch,ML540M-MSTP-MIB,ml540mMstpStatusBridgeForwardDelay,1.3.6.1.4.1.5468.100.20.1.3.1.1.10,column,unsigned32,,,,read-only,no,no,mstpStatusBridgeForwardDelay,"Forward Delay, IEEE-802.1D-2004 sect 13.23.7"
switch,ML540M-MSTP-MIB,ml540mMstpStatusBridgeBridgeMaxAge,1.3.6.1.4.1.5468.100.20.1.3.1.1.11,column,unsigned32,,,,read-only,no,no,mstpStatusBridgeBridgeMaxAge,"Bridge Max Age, IEEE-802.1D-2004 sect 13.23.4"
switch,ML540M-MSTP-MIB,ml540mMstpStatusBridgeBridgeHelloTime,1.3.6.1.4.1.5468.100.20.1.3.1.1.12,column,unsigned32,,,,read-only,no,no,mstpStatusBridgeBridgeHelloTime,"Bridge Hello Time, IEEE-802.1D-2004 sect 13.23.4"
switch,ML540M-MSTP-MIB,ml540mMstpStatusBridgeBridgeForwardDelay,1.3.6.1.4.1.5468.100.20.1.3.1.1.13,column,unsigned32,,,,read-only,no,no,mstpStatusBridgeBridgeForwardDelay,"Bridge Forward Delay, IEEE-802.1D-2004 sect 13.23.4"
switch,ML540M-MSTP-MIB,ml540mMstpStatusBridgeTxHoldCount,1.3.6.1.4.1.5468.100.20.1.3.1.1.14,column,unsigned32,,,,read-only,no,no,mstpStatusBridgeTxHoldCount,"Hold Time / Transmission Limit, IEEE-802.1D-2004 sect 13.22"
switch,ML540M-MSTP-MIB,ml540mMstpStatusBridgeForceVersion,1.3.6.1.4.1.5468.100.20.1.3.1.1.15,column,textual-convention,VTSSMSTPForceVersion,,,read-only,no,no,mstpStatusBridgeForceVersion,Value of the Force Protocol Version parameter - IEEE-802.1D-2004 sect 17.16.1
switch,ML540M-MSTP-MIB,ml540mMstpStatusBridgeCistRegionalRoot,1.3.6.1.4.1.5468.100.20.1.3.1.1.16,column,string,,,,read-only,no,no,mstpStatusBridgeCistRegionalRoot,CIST Regional Root Identifier (13.16.4)
switch,ML540M-MSTP-MIB,ml540mMstpStatusBridgeCistInternalPathCost,1.3.6.1.4.1.5468.100.20.1.3.1.1.17,column,unsigned32,,,,read-only,no,no,mstpStatusBridgeCistInternalPathCost,CIST Path Cost
switch,ML540M-MSTP-MIB,ml540mMstpStatusBridgeMaxHops,1.3.6.1.4.1.5468.100.20.1.3.1.1.18,column,textual-convention,VTSSUnsigned8,,,read-only,no,no,mstpStatusBridgeMaxHops,MaxHops (13.22.1)
switch,ML540M-MSTP-MIB,ml540mMstpStatusInterfaceInterfaceNo,1.3.6.1.4.1.5468.100.20.1.3.2.1.1,column,textual-convention,VTSSInterfaceIndex,,,not-accessible,no,yes,mstpStatusInterfaceInterfaceNo,Logical interface number.
switch,ML540M-MSTP-MIB,ml540mMstpStatusInterfaceInstance,1.3.6.1.4.1.5468.100.20.1.3.2.1.2,column,integer,,,,not-accessible,no,yes,mstpStatusInterfaceInstance,"Bridge instance number. The CIST = 0, MSTI1 = 1, etc"
switch,ML540M-MSTP-MIB,ml540mMstpStatusInterfaceEnabled,1.3.6.1.4.1.5468.100.20.1.3.2.1.3,column,boolean,TruthValue,,,read-only,no,no,mstpStatusInterfaceEnabled,Whether port is controlled by xSTP
switch,ML540M-MSTP-MIB,ml540mMstpStatusInterfaceActive,1.3.6.1.4.1.5468.100.20.1.3.2.1.4,column,boolean,TruthValue,,,read-only,no,no,mstpStatusInterfaceActive,Whether port is active
switch,ML540M-MSTP-MIB,ml540mMstpStatusInterfaceParentPort,1.3.6.1.4.1.5468.100.20.1.3.2.1.5,column,unsigned32,,,,read-only,no,no,mstpStatusInterfaceParentPort,Parent port if physical port is aggregated. (Otherwise 0xffff)
switch,ML540M-MSTP-MIB,ml540mMstpStatusInterfaceUpTime,1.3.6.1.4.1.5468.100.20.1.3.2.1.6,column,unsigned32,,seconds,description text,read-only,no,no,mstpStatusInterfaceUpTime,seconds of the time elapsed since the Port was last reset or initialized
switch,ML540M-MSTP-MIB,ml540mMstpStatusInterfacePortState,1.3.6.1.4.1.5468.100.20.1.3.2.1.7,column,textual-convention,VTSSMstpPortState,,,read-only,no,no,mstpStatusInterfacePortState,Current state of the Port
switch,ML540M-MSTP-MIB,ml540mMstpStatusInterfacePortId,1.3.6.1.4.1.5468.100.20.1.3.2.1.8,column,string,,,,read-only,no,no,mstpStatusInterfacePortId,"Unique Port identifier comprising two parts, the Port Number and the Port Priority field"
switch,ML540M-MSTP-MIB,ml540mMstpStatusInterfacePathCost,1.3.6.1.4.1.5468.100.20.1.3.2.1.9,column,unsigned32,,,,read-only,no,no,mstpStatusInterfacePathCost,Path Cost (17.16.5 of IEEE Std 802.1D)
switch,ML540M-MSTP-MIB,ml540mMstpStatusInterfaceDesignatedRoot,1.3.6.1.4.1.5468.100.20.1.3.2.1.10,column,string,,,,read-only,no,no,mstpStatusInterfaceDesignatedRoot,Designated Root
switch,ML540M-MSTP-MIB,ml540mMstpStatusInterfaceDesignatedCost,1.3.6.1.4.1.5468.100.20.1.3.2.1.11,column,unsigned32,,,,read-only,no,no,mstpStatusInterfaceDesignatedCost,Designated Cost
switch,ML540M-MSTP-MIB,ml540mMstpStatusInterfaceDesignatedBridge,1.3.6.1.4.1.5468.100.20.1.3.2.1.12,column,string,,,,read-only,no,no,mstpStatusInterfaceDesignatedBridge,Designated Bridge
switch,ML540M-MSTP-MIB,ml540mMstpStatusInterfaceDesignatedPort,1.3.6.1.4.1.5468.100.20.1.3.2.1.13,column,string,,,,read-only,no,no,mstpStatusInterfaceDesignatedPort,Designated Port
switch,ML540M-MSTP-MIB,ml540mMstpStatusInterfaceTcAck,1.3.6.1.4.1.5468.100.20.1.3.2.1.14,column,boolean,TruthValue,,,read-only,no,no,mstpStatusInterfaceTcAck,Topology Change Acknowledge
switch,ML540M-MSTP-MIB,ml540mMstpStatusInterfaceHelloTime,1.3.6.1.4.1.5468.100.20.1.3.2.1.15,column,unsigned32,,,,read-only,no,no,mstpStatusInterfaceHelloTime,Hello Time
switch,ML540M-MSTP-MIB,ml540mMstpStatusInterfaceAdminEdgePort,1.3.6.1.4.1.5468.100.20.1.3.2.1.16,column,boolean,TruthValue,,,read-only,no,no,mstpStatusInterfaceAdminEdgePort,adminEdgePort (18.3.3 of IEEE Std 802.1D)
switch,ML540M-MSTP-MIB,ml540mMstpStatusInterfaceOperEdgePort,1.3.6.1.4.1.5468.100.20.1.3.2.1.17,column,boolean,TruthValue,,,read-only,no,no,mstpStatusInterfaceOperEdgePort,operEdgePort (18.3.4 of IEEE Std 802.1D)
switch,ML540M-MSTP-MIB,ml540mMstpStatusInterfaceAutoEdgePort,1.3.6.1.4.1.5468.100.20.1.3.2.1.18,column,boolean,TruthValue,,,read-only,no,no,mstpStatusInterfaceAutoEdgePort,autoEdgePort (17.13.3 of IEEE Std 802.1D)
switch,ML540M-MSTP-MIB,ml540mMstpStatusInterfaceMacOperational,1.3.6.1.4.1.5468.100.20.1.3.2.1.19,column,boolean,TruthValue,,,read-only,no,no,mstpStatusInterfaceMacOperational,"Current state of the MAC Operational parameter (6.4.2 of IEEE Std 802.1D,)"
switch,ML540M-MSTP-MIB,ml540mMstpStatusInterfaceAdminPointToPointMAC,1.3.6.1.4.1.5468.100.20.1.3.2.1.20,column,textual-convention,VTSSMstpPoint2Point,,,read-only,no,no,mstpStatusInterfaceAdminPointToPointMAC,Current state of the adminPointToPointMAC parameter (6.4.3 of IEEE Std 802.1D)
switch,ML540M-MSTP-MIB,ml540mMstpStatusInterfaceOperPointToPointMAC,1.3.6.1.4.1.5468.100.20.1.3.2.1.21,column,boolean,TruthValue,,,read-only,no,no,mstpStatusInterfaceOperPointToPointMAC,Current state of the operPointToPointMAC parameter (6.4.3 of IEEE Std 802.1D)
switch,ML540M-MSTP-MIB,ml540mMstpStatusInterfaceRestrictedRole,1.3.6.1.4.1.5468.100.20.1.3.2.1.22,column,boolean,TruthValue,,,read-only,no,no,mstpStatusInterfaceRestrictedRole,Current state of the restrictedRole parameter for the Port (13.25.14)
switch,ML540M-MSTP-MIB,ml540mMstpStatusInterfaceRestrictedTcn,1.3.6.1.4.1.5468.100.20.1.3.2.1.23,column,boolean,TruthValue,,,read-only,no,no,mstpStatusInterfaceRestrictedTcn,Current state of the restrictedTcn parameter for the Port (13.25.15)
switch,ML540M-MSTP-MIB,ml540mMstpStatusInterfacePortRole,1.3.6.1.4.1.5468.100.20.1.3.2.1.24,column,textual-convention,VTSSDisplayString,,,read-only,no,no,mstpStatusInterfacePortRole,Current Port Role
switch,ML540M-MSTP-MIB,ml540mMstpStatusInterfaceDisputed,1.3.6.1.4.1.5468.100.20.1.3.2.1.25,column,boolean,TruthValue,,,read-only,no,no,mstpStatusInterfaceDisputed,Current value of the disputed variable for the CIST Port
switch,ML540M-MSTP-MIB,ml540mMstpStatusInterfaceStatisticsInterfaceNo,1.3.6.1.4.1.5468.100.20.1.3.3.1.1,column,textual-convention,VTSSInterfaceIndex,,,not-accessible,no,yes,mstpStatusInterfaceStatisticsInterfaceNo,Logical interface number.
switch,ML540M-MSTP-MIB,ml540mMstpStatusInterfaceStatisticsStpFrameXmits,1.3.6.1.4.1.5468.100.20.1.3.3.1.2,column,unsigned32,,frames,description text,read-only,no,no,mstpStatusInterfaceStatisticsStpFrameXmits,Number of STP frames transmitted
switch,ML540M-MSTP-MIB,ml540mMstpStatusInterfaceStatisticsStpFrameReceived,1.3.6.1.4.1.5468.100.20.1.3.3.1.3,column,unsigned32,,frames,description text,read-only,no,no,mstpStatusInterfaceStatisticsStpFrameReceived,Number of STP frames received
switch,ML540M-MSTP-MIB,ml540mMstpStatusInterfaceStatisticsRstpFrameXmits,1.3.6.1.4.1.5468.100.20.1.3.3.1.4,column,unsigned32,,frames,description text,read-only,no,no,mstpStatusInterfaceStatisticsRstpFrameXmits,Number of RSTP frames transmitted
switch,ML540M-MSTP-MIB,ml540mMstpStatusInterfaceStatisticsRstpFrameReceived,1.3.6.1.4.1.5468.100.20.1.3.3.1.5,column,unsigned32,,frames,description text,read-only,no,no,mstpStatusInterfaceStatisticsRstpFrameReceived,Number of RSTP frames received
switch,ML540M-MSTP-MIB,ml540mMstpStatusInterfaceStatisticsMstpFrameXmits,1.3.6.1.4.1.5468.100.20.1.3.3.1.6,column,unsigned32,,frames,description text,read-only,no,no,mstpStatusInterfaceStatisticsMstpFrameXmits,Number of MSTP frames transmitted
switch,ML540M-MSTP-MIB,ml540mMstpStatusInterfaceStatisticsMstpFrameReceived,1.3.6.1.4.1.5468.100.20.1.3.3.1.7,column,unsigned32,,frames,description text,read-only,no,no,mstpStatusInterfaceStatisticsMstpFrameReceived,Number of MSTP frames received
switch,ML540M-MSTP-MIB,ml540mMstpStatusInterfaceStatisticsUnknownFramesReceived,1.3.6.1.4.1.5468.100.20.1.3.3.1.8,column,unsigned32,,frames,description text,read-only,no,no,mstpStatusInterfaceStatisticsUnknownFramesReceived,Number of unknown frames received and discarded in error
switch,ML540M-MSTP-MIB,ml540mMstpStatusInterfaceStatisticsIllegalFrameReceived,1.3.6.1.4.1.5468.100.20.1.3.3.1.9,column,unsigned32,,frames,description text,read-only,no,no,mstpStatusInterfaceStatisticsIllegalFrameReceived,Number of illegal frames received and discarded in error
switch,ML540M-LLDP-MIB,ml540mLldpConfigGlobalReInitDelay,1.3.6.1.4.1.5468.100.34.1.2.1.1,scalar,textual-convention,VTSSUnsigned16,seconds,description text,read-write,yes,no,lldpConfigGlobalReInitDelay,"Set the LLDP tx reinitialization delay in seconds. Valid range 1-10. When a port is disabled, LLDP is disabled or the switch is rebooted, a LLDP shutd"
switch,ML540M-LLDP-MIB,ml540mLldpConfigGlobalMsgTxHold,1.3.6.1.4.1.5468.100.34.1.2.1.2,scalar,textual-convention,VTSSUnsigned16,frames,description text,read-write,yes,no,lldpConfigGlobalMsgTxHold,Set the LLDP tx hold times . Valid range 2-10. Each LLDP frame contains information about how long time the information in the LLDP frame shall be con
switch,ML540M-LLDP-MIB,ml540mLldpConfigGlobalMsgTxInterval,1.3.6.1.4.1.5468.100.34.1.2.1.3,scalar,textual-convention,VTSSUnsigned16,seconds,description text,read-write,yes,no,lldpConfigGlobalMsgTxInterval,Set the LLDP tx interval in seconds. The switch periodically transmits LLDP frames to its neighbors for having the network discovery information up-to
switch,ML540M-LLDP-MIB,ml540mLldpConfigGlobalTxDelay,1.3.6.1.4.1.5468.100.34.1.2.1.4,scalar,textual-convention,VTSSUnsigned16,seconds,description text,read-write,yes,no,lldpConfigGlobalTxDelay,"Set the LLDP tx delay in seconds. Valid range 1-8192. If some configuration is changed (e.g. the IP address) a new LLDP frame is transmitted, but the"
switch,ML540M-LLDP-MIB,ml540mLldpConfigIfIndex,1.3.6.1.4.1.5468.100.34.1.2.2.1.1,column,textual-convention,VTSSInterfaceIndex,,,not-accessible,no,yes,lldpConfigIfIndex,Logical interface number index.
switch,ML540M-LLDP-MIB,ml540mLldpConfigAdminState,1.3.6.1.4.1.5468.100.34.1.2.2.1.3,column,textual-convention,VTSSlldpAdminState,,,read-write,yes,no,lldpConfigAdminState,Sets the LLDP admin state for the interface.
switch,ML540M-LLDP-MIB,ml540mLldpConfigCdpAware,1.3.6.1.4.1.5468.100.34.1.2.2.1.4,column,boolean,TruthValue,frames,description text,read-write,yes,no,lldpConfigCdpAware,Enables/disables CDP awareness for the interface. CDP is Cisco's equivalent to LLDP. The CDP operation is restricted to decoding incoming CDP frames (
switch,ML540M-LLDP-MIB,ml540mLldpConfigOptionalTlvs,1.3.6.1.4.1.5468.100.34.1.2.2.1.5,column,textual-convention,VTSSUnsigned8,,,read-write,yes,no,lldpConfigOptionalTlvs,"Enables/Disables the LLDP optional TLVs. Bit mask, where setting the bit to 1 means enable transmission of the corresponding TLV. Bit 0 represents Por"
switch,ML540M-LLDP-MIB,ml540mLldpConfigMedIfIndex,1.3.6.1.4.1.5468.100.34.1.2.3.1.1.1,column,textual-convention,VTSSInterfaceIndex,,,not-accessible,no,yes,lldpConfigMedIfIndex,Logical interface number index.
switch,ML540M-LLDP-MIB,ml540mLldpConfigMedOptionalTlvs,1.3.6.1.4.1.5468.100.34.1.2.3.1.1.3,column,textual-convention,VTSSUnsigned8,,,read-write,yes,no,lldpConfigMedOptionalTlvs,"Enables/Disables the LLDP optional TLVs. Bit mask, where setting the bit to 1 means enable transmission of the corresponding optional TLV. Bit 0 repre"
switch,ML540M-LLDP-MIB,ml540mLldpConfigMedDeviceType,1.3.6.1.4.1.5468.100.34.1.2.3.1.1.4,column,textual-convention,VTSSlldpmedDeviceType,,,read-write,yes,no,lldpConfigMedDeviceType,Setting device type to configure the mode the device shall operate as.
switch,ML540M-LLDP-MIB,ml540mLldpConfigMedPolicyLldpmedPolicy,1.3.6.1.4.1.5468.100.34.1.2.3.2.1.1,column,integer,,,,not-accessible,no,yes,lldpConfigMedPolicyLldpmedPolicy,Policy index.
switch,ML540M-LLDP-MIB,ml540mLldpConfigMedPolicyApplicationType,1.3.6.1.4.1.5468.100.34.1.2.3.2.1.3,column,textual-convention,VTSSlldpmedRemoteNetworkPolicyApplicationType,,,read-write,yes,no,lldpConfigMedPolicyApplicationType,The LLDP policy application type.
switch,ML540M-LLDP-MIB,ml540mLldpConfigMedPolicyTagged,1.3.6.1.4.1.5468.100.34.1.2.3.2.1.4,column,boolean,TruthValue,,,read-write,yes,no,lldpConfigMedPolicyTagged,The LLDP policy tagged flag. Defines if LLDP policy uses tagged VLAN.
switch,ML540M-LLDP-MIB,ml540mLldpConfigMedPolicyVlanId,1.3.6.1.4.1.5468.100.34.1.2.3.2.1.5,column,textual-convention,VTSSUnsigned16,,,read-write,yes,no,lldpConfigMedPolicyVlanId,The LLDP policy VLAN ID. Only valid when policy 'Tagged' is TRUE
switch,ML540M-LLDP-MIB,ml540mLldpConfigMedPolicyL2Priority,1.3.6.1.4.1.5468.100.34.1.2.3.2.1.6,column,textual-convention,VTSSUnsigned8,,,read-write,yes,no,lldpConfigMedPolicyL2Priority,The LLDP policy L2 priority.
switch,ML540M-LLDP-MIB,ml540mLldpConfigMedPolicyDscp,1.3.6.1.4.1.5468.100.34.1.2.3.2.1.7,column,textual-convention,VTSSUnsigned8,,,read-write,yes,no,lldpConfigMedPolicyDscp,The LLDP policy DSCP.
switch,ML540M-LLDP-MIB,ml540mLldpConfigMedPolicyAction,1.3.6.1.4.1.5468.100.34.1.2.3.2.1.100,column,textual-convention,VTSSRowEditorState,,,read-write,yes,no,lldpConfigMedPolicyAction,Action
switch,ML540M-LLDP-MIB,ml540mLldpConfigMedPolicyListIfIndex,1.3.6.1.4.1.5468.100.34.1.2.3.3.1.1,column,textual-convention,VTSSInterfaceIndex,,,not-accessible,no,yes,lldpConfigMedPolicyListIfIndex,Logical interface number index.
switch,ML540M-LLDP-MIB,ml540mLldpConfigMedPolicyListLldpmedPolicy,1.3.6.1.4.1.5468.100.34.1.2.3.3.1.3,column,integer,,,,not-accessible,no,yes,lldpConfigMedPolicyListLldpmedPolicy,Policy index.
switch,ML540M-LLDP-MIB,ml540mLldpConfigMedPolicyListLldpmedPoliciesList,1.3.6.1.4.1.5468.100.34.1.2.3.3.1.4,column,boolean,TruthValue,,,read-write,yes,no,lldpConfigMedPolicyListLldpmedPoliciesList,Set to TRUE assign the corresponding policy index to the interface.
switch,ML540M-LLDP-MIB,ml540mLldpConfigMedGlobalFastRepeatCount,1.3.6.1.4.1.5468.100.34.1.2.3.4.1,scalar,textual-convention,VTSSUnsigned8,frames,description text,read-write,yes,no,lldpConfigMedGlobalFastRepeatCount,Number of times to repeat LLDP frame transmission at fast start Rapid startup and Emergency Call Service Location Identification Discovery of endpoint
switch,ML540M-LLDP-MIB,ml540mLldpConfigMedGlobalLatitude,1.3.6.1.4.1.5468.100.34.1.2.3.4.2,scalar,textual-convention,VTSSInteger64,,,read-write,yes,no,lldpConfigMedGlobalLatitude,Latitude degrees in 2s-complement as specified in RFC 3825. Positive numbers are north of the equator and negative numbers are south of the equator.
switch,ML540M-LLDP-MIB,ml540mLldpConfigMedGlobalLongitude,1.3.6.1.4.1.5468.100.34.1.2.3.4.3,scalar,textual-convention,VTSSInteger64,,,read-write,yes,no,lldpConfigMedGlobalLongitude,Longitude degrees in 2s-complement as specified in RFC 3825. Positive values are East of the prime meridian and negative numbers are West of the prime
switch,ML540M-LLDP-MIB,ml540mLldpConfigMedGlobalAltitudeType,1.3.6.1.4.1.5468.100.34.1.2.3.4.4,scalar,textual-convention,VTSSlldpmedAltitudeType,distance,description text,read-write,yes,no,lldpConfigMedGlobalAltitudeType,Setting altitude type Possible to select between two altitude types (floors or meters). Meters are representing meters of altitude defined by the vert
switch,ML540M-LLDP-MIB,ml540mLldpConfigMedGlobalAltitude,1.3.6.1.4.1.5468.100.34.1.2.3.4.5,scalar,integer,,,,read-write,yes,no,lldpConfigMedGlobalAltitude,Altitude value in 2s-complement as specified in RFC 3825
switch,ML540M-LLDP-MIB,ml540mLldpConfigMedGlobalElinAddr,1.3.6.1.4.1.5468.100.34.1.2.3.4.6,scalar,textual-convention,VTSSDisplayString,,,read-write,yes,no,lldpConfigMedGlobalElinAddr,Emergency Call Service ELIN identifier data format is defined to carry the ELIN identifier as used during emergency call setup to a traditional CAMA o
switch,ML540M-LLDP-MIB,ml540mLldpConfigMedGlobalDatum,1.3.6.1.4.1.5468.100.34.1.2.3.4.7,scalar,textual-convention,VTSSlldpmedDatumType,,,read-write,yes,no,lldpConfigMedGlobalDatum,Setting datum to configure the datum (geodetic system) to use. The Map Datum is used for the coordinates given in these options: WGS84: (Geographical
switch,ML540M-LLDP-MIB,ml540mLldpConfigMedGlobalCountryCode,1.3.6.1.4.1.5468.100.34.1.2.3.4.8,scalar,textual-convention,VTSSDisplayString,,,read-write,yes,no,lldpConfigMedGlobalCountryCode,"The two-letter ISO 3166 country code in capital ASCII letters - Example: DK, DE or US."
switch,ML540M-LLDP-MIB,ml540mLldpConfigMedLocationInformationLldpmedIndex,1.3.6.1.4.1.5468.100.34.1.2.3.5.1.2,column,textual-convention,VTSSlldpmedCivicAddressType,,,not-accessible,no,yes,lldpConfigMedLocationInformationLldpmedIndex,"Civic address type. 1 - State/National subdivisions 2 - County, parish, gun (JP), district (IN) 3 - City, township 4 - City division, borough, city di"
switch,ML540M-LLDP-MIB,ml540mLldpConfigMedLocationInformationCivicAddress,1.3.6.1.4.1.5468.100.34.1.2.3.5.1.3,column,textual-convention,VTSSDisplayString,,,read-write,yes,no,lldpConfigMedLocationInformationCivicAddress,Civic address
switch,ML540M-LLDP-MIB,ml540mLldpConfigMedPolicyRowEditorLldpmedPolicy,1.3.6.1.4.1.5468.100.34.1.2.3.6.1,scalar,integer,,,,read-write,yes,no,lldpConfigMedPolicyRowEditorLldpmedPolicy,Policy index.
switch,ML540M-LLDP-MIB,ml540mLldpConfigMedPolicyRowEditorApplicationType,1.3.6.1.4.1.5468.100.34.1.2.3.6.3,scalar,textual-convention,VTSSlldpmedRemoteNetworkPolicyApplicationType,,,read-write,yes,no,lldpConfigMedPolicyRowEditorApplicationType,The LLDP policy application type.
switch,ML540M-LLDP-MIB,ml540mLldpConfigMedPolicyRowEditorTagged,1.3.6.1.4.1.5468.100.34.1.2.3.6.4,scalar,boolean,TruthValue,,,read-write,yes,no,lldpConfigMedPolicyRowEditorTagged,The LLDP policy tagged flag. Defines if LLDP policy uses tagged VLAN.
switch,ML540M-LLDP-MIB,ml540mLldpConfigMedPolicyRowEditorVlanId,1.3.6.1.4.1.5468.100.34.1.2.3.6.5,scalar,textual-convention,VTSSUnsigned16,,,read-write,yes,no,lldpConfigMedPolicyRowEditorVlanId,The LLDP policy VLAN ID. Only valid when policy 'Tagged' is TRUE
switch,ML540M-LLDP-MIB,ml540mLldpConfigMedPolicyRowEditorL2Priority,1.3.6.1.4.1.5468.100.34.1.2.3.6.6,scalar,textual-convention,VTSSUnsigned8,,,read-write,yes,no,lldpConfigMedPolicyRowEditorL2Priority,The LLDP policy L2 priority.
switch,ML540M-LLDP-MIB,ml540mLldpConfigMedPolicyRowEditorDscp,1.3.6.1.4.1.5468.100.34.1.2.3.6.7,scalar,textual-convention,VTSSUnsigned8,,,read-write,yes,no,lldpConfigMedPolicyRowEditorDscp,The LLDP policy DSCP.
switch,ML540M-LLDP-MIB,ml540mLldpConfigMedPolicyRowEditorAction,1.3.6.1.4.1.5468.100.34.1.2.3.6.100,scalar,textual-convention,VTSSRowEditorState,,,read-write,yes,no,lldpConfigMedPolicyRowEditorAction,Action
switch,ML540M-LLDP-MIB,ml540mLldpStatusStatisticsGlobalCountersTableInserts,1.3.6.1.4.1.5468.100.34.1.3.1.1.1,scalar,unsigned32,,,,read-only,no,no,lldpStatusStatisticsGlobalCountersTableInserts,Shows the number of new entries added since switch reboot.
switch,ML540M-LLDP-MIB,ml540mLldpStatusStatisticsGlobalCountersTableDeletes,1.3.6.1.4.1.5468.100.34.1.3.1.1.2,scalar,unsigned32,,,,read-only,no,no,lldpStatusStatisticsGlobalCountersTableDeletes,Shows the number of new entries deleted since switch reboot.
switch,ML540M-LLDP-MIB,ml540mLldpStatusStatisticsGlobalCountersTableDrops,1.3.6.1.4.1.5468.100.34.1.3.1.1.3,scalar,unsigned32,,frames,description text,read-only,no,no,lldpStatusStatisticsGlobalCountersTableDrops,Shows the number of LLDP frames dropped due to the entry table being full.
switch,ML540M-LLDP-MIB,ml540mLldpStatusStatisticsGlobalCountersTableAgeOuts,1.3.6.1.4.1.5468.100.34.1.3.1.1.4,scalar,unsigned32,,,,read-only,no,no,lldpStatusStatisticsGlobalCountersTableAgeOuts,Shows the number of entries deleted due to Time-To-Live expiring.
switch,ML540M-LLDP-MIB,ml540mLldpStatusStatisticsGlobalCountersLastChangeTime,1.3.6.1.4.1.5468.100.34.1.3.1.1.5,scalar,textual-convention,VTSSUnsigned64,,,read-only,no,no,lldpStatusStatisticsGlobalCountersLastChangeTime,Shows the time when the last entry was last deleted or added. It also shows the time elapsed since the last change was detected.
switch,ML540M-LLDP-MIB,ml540mLldpStatusStatisticsIfIndex,1.3.6.1.4.1.5468.100.34.1.3.1.2.1.1,column,textual-convention,VTSSInterfaceIndex,,,not-accessible,no,yes,lldpStatusStatisticsIfIndex,Logical interface number index.
switch,ML540M-LLDP-MIB,ml540mLldpStatusStatisticsTxTotal,1.3.6.1.4.1.5468.100.34.1.3.1.2.1.2,column,unsigned32,,frames,description text,read-only,no,no,lldpStatusStatisticsTxTotal,Shows the number of LLDP frames transmitted.
switch,ML540M-LLDP-MIB,ml540mLldpStatusStatisticsRxTotal,1.3.6.1.4.1.5468.100.34.1.3.1.2.1.3,column,unsigned32,,frames,description text,read-only,no,no,lldpStatusStatisticsRxTotal,Shows the number of LLDP frames received.
switch,ML540M-LLDP-MIB,ml540mLldpStatusStatisticsRxError,1.3.6.1.4.1.5468.100.34.1.3.1.2.1.4,column,unsigned32,,frames,description text,read-only,no,no,lldpStatusStatisticsRxError,Shows the number of received LLDP frames containing some kind of error.
switch,ML540M-LLDP-MIB,ml540mLldpStatusStatisticsRxDiscarded,1.3.6.1.4.1.5468.100.34.1.3.1.2.1.5,column,unsigned32,,frames,description text,read-only,no,no,lldpStatusStatisticsRxDiscarded,"Show the number of LLDP frames discarded. If a LLDP frame is received at an interface, and the switch's internal table has run full, the LLDP frame is"
switch,ML540M-LLDP-MIB,ml540mLldpStatusStatisticsTLVsDiscarded,1.3.6.1.4.1.5468.100.34.1.3.1.2.1.6,column,unsigned32,,frames,description text,read-only,no,no,lldpStatusStatisticsTLVsDiscarded,"Shows the number of TLVs discarded. Each LLDP frame can contain multiple pieces of information, known as TLVs (TLV is short for 'Type Length Value')."
switch,ML540M-LLDP-MIB,ml540mLldpStatusStatisticsTLVsUnrecognized,1.3.6.1.4.1.5468.100.34.1.3.1.2.1.7,column,unsigned32,,,,read-only,no,no,lldpStatusStatisticsTLVsUnrecognized,"Shows the number of well-formed TLVs, but with an unknown type value."
switch,ML540M-LLDP-MIB,ml540mLldpStatusStatisticsTLVsOrgDiscarded,1.3.6.1.4.1.5468.100.34.1.3.1.2.1.8,column,unsigned32,,,,read-only,no,no,lldpStatusStatisticsTLVsOrgDiscarded,"Shows the number of well-formed TLVs, but with an organizationally TLV which is not supported."
switch,ML540M-LLDP-MIB,ml540mLldpStatusStatisticsAgeOuts,1.3.6.1.4.1.5468.100.34.1.3.1.2.1.9,column,unsigned32,,frames,description text,read-only,no,no,lldpStatusStatisticsAgeOuts,Show the number of age-outs. Each frame contains information about how long time the LLDP information is valid (age-out time). If no new LLDP frame is
switch,ML540M-LLDP-MIB,ml540mLldpStatusNeighborsInformationIfIndex,1.3.6.1.4.1.5468.100.34.1.3.2.1.1,column,textual-convention,VTSSInterfaceIndex,,,not-accessible,no,yes,lldpStatusNeighborsInformationIfIndex,Logical interface number index.
switch,ML540M-LLDP-MIB,ml540mLldpStatusNeighborsInformationLldpmedIndex,1.3.6.1.4.1.5468.100.34.1.3.2.1.2,column,integer,,,,not-accessible,no,yes,lldpStatusNeighborsInformationLldpmedIndex,Neighbor information table entry index.
switch,ML540M-LLDP-MIB,ml540mLldpStatusNeighborsInformationChassisId,1.3.6.1.4.1.5468.100.34.1.3.2.1.4,column,textual-convention,VTSSDisplayString,,,read-only,no,no,lldpStatusNeighborsInformationChassisId,Shows the LLDP neighbor's chassis Id.
switch,ML540M-LLDP-MIB,ml540mLldpStatusNeighborsInformationPortId,1.3.6.1.4.1.5468.100.34.1.3.2.1.5,column,textual-convention,VTSSDisplayString,,,read-only,no,no,lldpStatusNeighborsInformationPortId,Shows the LLDP neighbor's port id.
switch,ML540M-LLDP-MIB,ml540mLldpStatusNeighborsInformationPortDescription,1.3.6.1.4.1.5468.100.34.1.3.2.1.6,column,textual-convention,VTSSDisplayString,,,read-only,no,no,lldpStatusNeighborsInformationPortDescription,Shows the LLDP neighbor's port description.
switch,ML540M-LLDP-MIB,ml540mLldpStatusNeighborsInformationSystemName,1.3.6.1.4.1.5468.100.34.1.3.2.1.7,column,textual-convention,VTSSDisplayString,,,read-only,no,no,lldpStatusNeighborsInformationSystemName,Shows the LLDP neighbor's system name.
switch,ML540M-LLDP-MIB,ml540mLldpStatusNeighborsInformationSystemDescription,1.3.6.1.4.1.5468.100.34.1.3.2.1.8,column,textual-convention,VTSSDisplayString,,,read-only,no,no,lldpStatusNeighborsInformationSystemDescription,Shows the LLDP neighbor's system description.
switch,ML540M-LLDP-MIB,ml540mLldpStatusNeighborsInformationSystemCapabilities,1.3.6.1.4.1.5468.100.34.1.3.2.1.9,column,textual-convention,VTSSUnsigned16,,,read-only,no,no,lldpStatusNeighborsInformationSystemCapabilities,"Shows the LLDP neighbor's system capabilities as bit mask. If the bit is set, it means that the functionality is supported by the neighbor system. Bit"
switch,ML540M-LLDP-MIB,ml540mLldpStatusNeighborsInformationSystemCapabilitiesEnable,1.3.6.1.4.1.5468.100.34.1.3.2.1.10,column,textual-convention,VTSSUnsigned16,,,read-only,no,no,lldpStatusNeighborsInformationSystemCapabilitiesEnable,"Shows the LLDP neighbor's system capabilities which is enabled. If the bit is set, it means that the functionality is currently enabled at the neighbo"
switch,ML540M-LLDP-MIB,ml540mLldpStatusNeighborsMgmtInformationIfIndex,1.3.6.1.4.1.5468.100.34.1.3.3.1.1,column,textual-convention,VTSSInterfaceIndex,,,not-accessible,no,yes,lldpStatusNeighborsMgmtInformationIfIndex,Logical interface number index.
switch,ML540M-LLDP-MIB,ml540mLldpStatusNeighborsMgmtInformationLldpmedIndex,1.3.6.1.4.1.5468.100.34.1.3.3.1.2,column,integer,,,,not-accessible,no,yes,lldpStatusNeighborsMgmtInformationLldpmedIndex,Neighbor information table entry index.
switch,ML540M-LLDP-MIB,ml540mLldpStatusNeighborsMgmtInformationLldpManagement,1.3.6.1.4.1.5468.100.34.1.3.3.1.4,column,integer,,,,not-accessible,no,yes,lldpStatusNeighborsMgmtInformationLldpManagement,Neighbor management information table entry index.
switch,ML540M-LLDP-MIB,ml540mLldpStatusNeighborsMgmtInformationSystemMgmAddressSubtype,1.3.6.1.4.1.5468.100.34.1.3.3.1.5,column,textual-convention,VTSSUnsigned8,,,read-only,no,no,lldpStatusNeighborsMgmtInformationSystemMgmAddressSubtype,"LLDP neighbor's management address subtype , section 9.5.9.3 IEEE802.1AB-2005."
switch,ML540M-LLDP-MIB,ml540mLldpStatusNeighborsMgmtInformationSystemMgmtAddress,1.3.6.1.4.1.5468.100.34.1.3.3.1.6,column,textual-convention,VTSSDisplayString,,,read-only,no,no,lldpStatusNeighborsMgmtInformationSystemMgmtAddress,"LLDP neighbor's management address string, section 9.5.9.4 IEEE802.1AB-2005."
switch,ML540M-LLDP-MIB,ml540mLldpStatusNeighborsMgmtInformationSystemMgmtInterfaceSubtype,1.3.6.1.4.1.5468.100.34.1.3.3.1.7,column,integer,,,,read-only,no,no,lldpStatusNeighborsMgmtInformationSystemMgmtInterfaceSubtype,"Interface numbering subtype, section 9.5.9.5 IEEE802.1AB-2005."
switch,ML540M-LLDP-MIB,ml540mLldpStatusNeighborsMgmtInformationSystemMgmtInterface,1.3.6.1.4.1.5468.100.34.1.3.3.1.8,column,integer,,,,read-only,no,no,lldpStatusNeighborsMgmtInformationSystemMgmtInterface,"Interface number, section 9.5.9.6 IEEE802.1AB-2005."
switch,ML540M-LLDP-MIB,ml540mLldpStatusNeighborsMgmtInformationSystemMgmtOid,1.3.6.1.4.1.5468.100.34.1.3.3.1.9,column,oid,,,,read-only,no,no,lldpStatusNeighborsMgmtInformationSystemMgmtOid,"Object identifier, section 9.5.9.8 IEEE802.1AB-2005."
switch,ML540M-LLDP-MIB,ml540mLldpStatusMedRemoteDeviceInfoIfIndex,1.3.6.1.4.1.5468.100.34.1.3.4.1.1.1,column,textual-convention,VTSSInterfaceIndex,,,not-accessible,no,yes,lldpStatusMedRemoteDeviceInfoIfIndex,Logical interface number index.
switch,ML540M-LLDP-MIB,ml540mLldpStatusMedRemoteDeviceInfoLldpmedIndex,1.3.6.1.4.1.5468.100.34.1.3.4.1.1.2,column,integer,,,,not-accessible,no,yes,lldpStatusMedRemoteDeviceInfoLldpmedIndex,Neighbor information table entry index.
switch,ML540M-LLDP-MIB,ml540mLldpStatusMedRemoteDeviceInfoCapabilities,1.3.6.1.4.1.5468.100.34.1.3.4.1.1.4,column,textual-convention,VTSSUnsigned16,,,read-only,no,no,lldpStatusMedRemoteDeviceInfoCapabilities,LLDP neighbor's capabilities bit mask. Bit 0 represents LLDP-MED capabilities. Bit 1 represents Network Policy. Bit 2 represents Location Identificati
switch,ML540M-LLDP-MIB,ml540mLldpStatusMedRemoteDeviceInfoCapabilitiesEnabled,1.3.6.1.4.1.5468.100.34.1.3.4.1.1.5,column,textual-convention,VTSSUnsigned16,,,read-only,no,no,lldpStatusMedRemoteDeviceInfoCapabilitiesEnabled,LLDP neighbor's capabilities bit mask for the capabilities which are currently enabled. Bit 0 represents LLDP-MED capabilities. Bit 1 represents Netwo
switch,ML540M-LLDP-MIB,ml540mLldpStatusMedRemoteDeviceInfoLatitude,1.3.6.1.4.1.5468.100.34.1.3.4.1.1.6,column,textual-convention,VTSSInteger64,,,read-only,no,no,lldpStatusMedRemoteDeviceInfoLatitude,Latitude degrees in 2s-complement as specified in RFC 3825. Positive numbers are north of the equator and negative numbers are south of the equator.
switch,ML540M-LLDP-MIB,ml540mLldpStatusMedRemoteDeviceInfoLongitude,1.3.6.1.4.1.5468.100.34.1.3.4.1.1.7,column,textual-convention,VTSSInteger64,,,read-only,no,no,lldpStatusMedRemoteDeviceInfoLongitude,Longitude degrees in 2s-complement as specified in RFC 3825. Positive values are East of the prime meridian and negative numbers are West of the prime
switch,ML540M-LLDP-MIB,ml540mLldpStatusMedRemoteDeviceInfoAltitudeType,1.3.6.1.4.1.5468.100.34.1.3.4.1.1.8,column,textual-convention,VTSSlldpmedAltitudeType,distance,description text,read-only,no,no,lldpStatusMedRemoteDeviceInfoAltitudeType,Altitude type as either floors or meters. Meters are representing meters of altitude defined by the vertical datum specified. Floors are representing
switch,ML540M-LLDP-MIB,ml540mLldpStatusMedRemoteDeviceInfoAltitude,1.3.6.1.4.1.5468.100.34.1.3.4.1.1.9,column,integer,,,,read-only,no,no,lldpStatusMedRemoteDeviceInfoAltitude,Altitude value in 2s-complement as specified in RFC 3825
switch,ML540M-LLDP-MIB,ml540mLldpStatusMedRemoteDeviceInfoDatum,1.3.6.1.4.1.5468.100.34.1.3.4.1.1.10,column,textual-convention,VTSSlldpmedDatumType,,,read-only,no,no,lldpStatusMedRemoteDeviceInfoDatum,"Datum (geodetic system) . The Map Datum is used for the coordinates given in these options: WGS84: (Geographical 3D) - World Geodesic System 1984, CRS"
switch,ML540M-LLDP-MIB,ml540mLldpStatusMedRemoteDeviceInfoElinaddr,1.3.6.1.4.1.5468.100.34.1.3.4.1.1.11,column,textual-convention,VTSSDisplayString,,,read-only,no,no,lldpStatusMedRemoteDeviceInfoElinaddr,Emergency Call Service ELIN identifier data format is defined to carry the ELIN identifier as used during emergency call setup to a traditional CAMA o
switch,ML540M-LLDP-MIB,ml540mLldpStatusMedRemoteDeviceInfoDeviceType,1.3.6.1.4.1.5468.100.34.1.3.4.1.1.12,column,textual-convention,VTSSlldpmedRemoteDeviceType,,,read-only,no,no,lldpStatusMedRemoteDeviceInfoDeviceType,Shows the LLDP neighbor's device type.
switch,ML540M-LLDP-MIB,ml540mLldpStatusMedRemoteDeviceInfoHwRev,1.3.6.1.4.1.5468.100.34.1.3.4.1.1.13,column,textual-convention,VTSSDisplayString,,,read-only,no,no,lldpStatusMedRemoteDeviceInfoHwRev,Shows the LLDP neighbor's hardware revision.
switch,ML540M-LLDP-MIB,ml540mLldpStatusMedRemoteDeviceInfoFwRev,1.3.6.1.4.1.5468.100.34.1.3.4.1.1.14,column,textual-convention,VTSSDisplayString,,,read-only,no,no,lldpStatusMedRemoteDeviceInfoFwRev,Shows the LLDP neighbor's firmware revision.
switch,ML540M-LLDP-MIB,ml540mLldpStatusMedRemoteDeviceInfoSwRev,1.3.6.1.4.1.5468.100.34.1.3.4.1.1.15,column,textual-convention,VTSSDisplayString,,,read-only,no,no,lldpStatusMedRemoteDeviceInfoSwRev,Shows the LLDP neighbor's software revision.
switch,ML540M-LLDP-MIB,ml540mLldpStatusMedRemoteDeviceInfoSerialNo,1.3.6.1.4.1.5468.100.34.1.3.4.1.1.16,column,textual-convention,VTSSDisplayString,,,read-only,no,no,lldpStatusMedRemoteDeviceInfoSerialNo,Shows the LLDP neighbor's serial number.
switch,ML540M-LLDP-MIB,ml540mLldpStatusMedRemoteDeviceInfoManufacturerName,1.3.6.1.4.1.5468.100.34.1.3.4.1.1.17,column,textual-convention,VTSSDisplayString,,,read-only,no,no,lldpStatusMedRemoteDeviceInfoManufacturerName,Shows the LLDP neighbor's manufacturer name.
switch,ML540M-LLDP-MIB,ml540mLldpStatusMedRemoteDeviceInfoModelName,1.3.6.1.4.1.5468.100.34.1.3.4.1.1.18,column,textual-convention,VTSSDisplayString,,,read-only,no,no,lldpStatusMedRemoteDeviceInfoModelName,Shows the LLDP neighbor's model name.
switch,ML540M-LLDP-MIB,ml540mLldpStatusMedRemoteDeviceInfoAssetId,1.3.6.1.4.1.5468.100.34.1.3.4.1.1.19,column,textual-convention,VTSSDisplayString,,,read-only,no,no,lldpStatusMedRemoteDeviceInfoAssetId,Shows the LLDP neighbor's asset id.
switch,ML540M-LLDP-MIB,ml540mLldpStatusMedRemoteDeviceInfoEeeRxTwSys,1.3.6.1.4.1.5468.100.34.1.3.4.1.1.20,column,textual-convention,VTSSUnsigned16,microseconds,description text,read-only,no,no,lldpStatusMedRemoteDeviceInfoEeeRxTwSys,Shows the LLDP neighbor's Receive tw_sys_rx . Tw_sys_rx is defined as the time (expressed in microseconds) that the transmitting link partner will wai
switch,ML540M-LLDP-MIB,ml540mLldpStatusMedRemoteDeviceInfoEeeTxTwSys,1.3.6.1.4.1.5468.100.34.1.3.4.1.1.21,column,textual-convention,VTSSUnsigned16,microseconds,description text,read-only,no,no,lldpStatusMedRemoteDeviceInfoEeeTxTwSys,Shows the LLDP neighbor's Transmit Tw_sys_tx . Tw_sys_tx is defined as the time (expressed in microseconds) that the receiving link partner is request
switch,ML540M-LLDP-MIB,ml540mLldpStatusMedRemoteDeviceInfoEeeFbTwSys,1.3.6.1.4.1.5468.100.34.1.3.4.1.1.22,column,textual-convention,VTSSUnsigned16,,,read-only,no,no,lldpStatusMedRemoteDeviceInfoEeeFbTwSys,Shows the LLDP neighbor's Fallback tw_sys_tx. A receiving link partner may inform the transmitter of an alternate desired Tw_sys_tx. Since a receiving
switch,ML540M-LLDP-MIB,ml540mLldpStatusMedRemoteDeviceInfoEeeTxTwSysEcho,1.3.6.1.4.1.5468.100.34.1.3.4.1.1.23,column,textual-convention,VTSSUnsigned16,,,read-only,no,no,lldpStatusMedRemoteDeviceInfoEeeTxTwSysEcho,Shows the LLDP neighbor's echo transmit Tw. The respective echo values shall be defined as the local link partners reflection (echo) of the remote lin
switch,ML540M-LLDP-MIB,ml540mLldpStatusMedRemoteDeviceInfoEeeRxTwSysEcho,1.3.6.1.4.1.5468.100.34.1.3.4.1.1.24,column,textual-convention,VTSSUnsigned16,,,read-only,no,no,lldpStatusMedRemoteDeviceInfoEeeRxTwSysEcho,Shows the LLDP neighbor's echo receive Tw. The respective echo values shall be defined as the local link partners reflection (echo) of the remote link
switch,ML540M-LLDP-MIB,ml540mLldpStatusMedRemoteDeviceLocInfoIfIndex,1.3.6.1.4.1.5468.100.34.1.3.4.2.1.1,column,textual-convention,VTSSInterfaceIndex,,,not-accessible,no,yes,lldpStatusMedRemoteDeviceLocInfoIfIndex,Logical interface number index.
switch,ML540M-LLDP-MIB,ml540mLldpStatusMedRemoteDeviceLocInfoLldpmedIndex,1.3.6.1.4.1.5468.100.34.1.3.4.2.1.2,column,integer,,,,not-accessible,no,yes,lldpStatusMedRemoteDeviceLocInfoLldpmedIndex,Neighbor information table entry index.
switch,ML540M-LLDP-MIB,ml540mLldpStatusMedRemoteDeviceLocInfoState,1.3.6.1.4.1.5468.100.34.1.3.4.2.1.5,column,textual-convention,VTSSDisplayString,,,read-only,no,no,lldpStatusMedRemoteDeviceLocInfoState,National subdivision
switch,ML540M-LLDP-MIB,ml540mLldpStatusMedRemoteDeviceLocInfoCounty,1.3.6.1.4.1.5468.100.34.1.3.4.2.1.6,column,textual-convention,VTSSDisplayString,,,read-only,no,no,lldpStatusMedRemoteDeviceLocInfoCounty,County
switch,ML540M-LLDP-MIB,ml540mLldpStatusMedRemoteDeviceLocInfoCity,1.3.6.1.4.1.5468.100.34.1.3.4.2.1.7,column,textual-convention,VTSSDisplayString,,,read-only,no,no,lldpStatusMedRemoteDeviceLocInfoCity,City
switch,ML540M-LLDP-MIB,ml540mLldpStatusMedRemoteDeviceLocInfoDistrict,1.3.6.1.4.1.5468.100.34.1.3.4.2.1.8,column,textual-convention,VTSSDisplayString,,,read-only,no,no,lldpStatusMedRemoteDeviceLocInfoDistrict,City district
switch,ML540M-LLDP-MIB,ml540mLldpStatusMedRemoteDeviceLocInfoBlock,1.3.6.1.4.1.5468.100.34.1.3.4.2.1.9,column,textual-convention,VTSSDisplayString,,,read-only,no,no,lldpStatusMedRemoteDeviceLocInfoBlock,Block (Neighborhood)
switch,ML540M-LLDP-MIB,ml540mLldpStatusMedRemoteDeviceLocInfoStreet,1.3.6.1.4.1.5468.100.34.1.3.4.2.1.10,column,textual-convention,VTSSDisplayString,,,read-only,no,no,lldpStatusMedRemoteDeviceLocInfoStreet,Street
switch,ML540M-LLDP-MIB,ml540mLldpStatusMedRemoteDeviceLocInfoLeadingStreetDirection,1.3.6.1.4.1.5468.100.34.1.3.4.2.1.11,column,textual-convention,VTSSDisplayString,,,read-only,no,no,lldpStatusMedRemoteDeviceLocInfoLeadingStreetDirection,Street Direction
switch,ML540M-LLDP-MIB,ml540mLldpStatusMedRemoteDeviceLocInfoTrailingStreetSuffix,1.3.6.1.4.1.5468.100.34.1.3.4.2.1.12,column,textual-convention,VTSSDisplayString,,,read-only,no,no,lldpStatusMedRemoteDeviceLocInfoTrailingStreetSuffix,Trailing Street Suffix
switch,ML540M-LLDP-MIB,ml540mLldpStatusMedRemoteDeviceLocInfoStreetSuffix,1.3.6.1.4.1.5468.100.34.1.3.4.2.1.13,column,textual-convention,VTSSDisplayString,,,read-only,no,no,lldpStatusMedRemoteDeviceLocInfoStreetSuffix,Street Suffix
switch,ML540M-LLDP-MIB,ml540mLldpStatusMedRemoteDeviceLocInfoHouseNo,1.3.6.1.4.1.5468.100.34.1.3.4.2.1.14,column,textual-convention,VTSSDisplayString,,,read-only,no,no,lldpStatusMedRemoteDeviceLocInfoHouseNo,House No.
switch,ML540M-LLDP-MIB,ml540mLldpStatusMedRemoteDeviceLocInfoHouseNoSuffix,1.3.6.1.4.1.5468.100.34.1.3.4.2.1.15,column,textual-convention,VTSSDisplayString,,,read-only,no,no,lldpStatusMedRemoteDeviceLocInfoHouseNoSuffix,House No. Suffix
switch,ML540M-LLDP-MIB,ml540mLldpStatusMedRemoteDeviceLocInfoLandmark,1.3.6.1.4.1.5468.100.34.1.3.4.2.1.16,column,textual-convention,VTSSDisplayString,,,read-only,no,no,lldpStatusMedRemoteDeviceLocInfoLandmark,Landmark
switch,ML540M-LLDP-MIB,ml540mLldpStatusMedRemoteDeviceLocInfoAdditionalInfo,1.3.6.1.4.1.5468.100.34.1.3.4.2.1.17,column,textual-convention,VTSSDisplayString,,,read-only,no,no,lldpStatusMedRemoteDeviceLocInfoAdditionalInfo,Additional Location Info
switch,ML540M-LLDP-MIB,ml540mLldpStatusMedRemoteDeviceLocInfoName,1.3.6.1.4.1.5468.100.34.1.3.4.2.1.18,column,textual-convention,VTSSDisplayString,,,read-only,no,no,lldpStatusMedRemoteDeviceLocInfoName,Name
switch,ML540M-LLDP-MIB,ml540mLldpStatusMedRemoteDeviceLocInfoZipCode,1.3.6.1.4.1.5468.100.34.1.3.4.2.1.19,column,textual-convention,VTSSDisplayString,,,read-only,no,no,lldpStatusMedRemoteDeviceLocInfoZipCode,Zip code
switch,ML540M-LLDP-MIB,ml540mLldpStatusMedRemoteDeviceLocInfoBuilding,1.3.6.1.4.1.5468.100.34.1.3.4.2.1.20,column,textual-convention,VTSSDisplayString,,,read-only,no,no,lldpStatusMedRemoteDeviceLocInfoBuilding,Building
switch,ML540M-LLDP-MIB,ml540mLldpStatusMedRemoteDeviceLocInfoApartment,1.3.6.1.4.1.5468.100.34.1.3.4.2.1.21,column,textual-convention,VTSSDisplayString,,,read-only,no,no,lldpStatusMedRemoteDeviceLocInfoApartment,Apartment/unit
switch,ML540M-LLDP-MIB,ml540mLldpStatusMedRemoteDeviceLocInfoFloor,1.3.6.1.4.1.5468.100.34.1.3.4.2.1.22,column,textual-convention,VTSSDisplayString,,,read-only,no,no,lldpStatusMedRemoteDeviceLocInfoFloor,Floor
switch,ML540M-LLDP-MIB,ml540mLldpStatusMedRemoteDeviceLocInfoRoomNumber,1.3.6.1.4.1.5468.100.34.1.3.4.2.1.23,column,textual-convention,VTSSDisplayString,,,read-only,no,no,lldpStatusMedRemoteDeviceLocInfoRoomNumber,Room Number
switch,ML540M-LLDP-MIB,ml540mLldpStatusMedRemoteDeviceLocInfoPlaceType,1.3.6.1.4.1.5468.100.34.1.3.4.2.1.24,column,textual-convention,VTSSDisplayString,,,read-only,no,no,lldpStatusMedRemoteDeviceLocInfoPlaceType,Place type
switch,ML540M-LLDP-MIB,ml540mLldpStatusMedRemoteDeviceLocInfoPostalCommunityName,1.3.6.1.4.1.5468.100.34.1.3.4.2.1.25,column,textual-convention,VTSSDisplayString,,,read-only,no,no,lldpStatusMedRemoteDeviceLocInfoPostalCommunityName,Postal Community Name
switch,ML540M-LLDP-MIB,ml540mLldpStatusMedRemoteDeviceLocInfoPoBox,1.3.6.1.4.1.5468.100.34.1.3.4.2.1.26,column,textual-convention,VTSSDisplayString,,,read-only,no,no,lldpStatusMedRemoteDeviceLocInfoPoBox,Post Office Box
switch,ML540M-LLDP-MIB,ml540mLldpStatusMedRemoteDeviceLocInfoAdditionalCode,1.3.6.1.4.1.5468.100.34.1.3.4.2.1.27,column,textual-convention,VTSSDisplayString,,,read-only,no,no,lldpStatusMedRemoteDeviceLocInfoAdditionalCode,Addination Code
switch,ML540M-LLDP-MIB,ml540mLldpStatusMedRemoteDeviceLocInfoCountryCode,1.3.6.1.4.1.5468.100.34.1.3.4.2.1.28,column,textual-convention,VTSSDisplayString,,,read-only,no,no,lldpStatusMedRemoteDeviceLocInfoCountryCode,"The two-letter ISO 3166 country code in capital ASCII letters - Example: DK, DE or US."
switch,ML540M-LLDP-MIB,ml540mLldpStatusMedRemoteDeviceNetworkPolicyInfoIfIndex,1.3.6.1.4.1.5468.100.34.1.3.4.3.1.1,column,textual-convention,VTSSInterfaceIndex,,,not-accessible,no,yes,lldpStatusMedRemoteDeviceNetworkPolicyInfoIfIndex,Logical interface number index.
switch,ML540M-LLDP-MIB,ml540mLldpStatusMedRemoteDeviceNetworkPolicyInfoLldpmedIndex,1.3.6.1.4.1.5468.100.34.1.3.4.3.1.2,column,integer,,,,not-accessible,no,yes,lldpStatusMedRemoteDeviceNetworkPolicyInfoLldpmedIndex,Neighbor information table entry index.
switch,ML540M-LLDP-MIB,ml540mLldpStatusMedRemoteDeviceNetworkPolicyInfoLldpmedPolicy,1.3.6.1.4.1.5468.100.34.1.3.4.3.1.3,column,integer,,,,not-accessible,no,yes,lldpStatusMedRemoteDeviceNetworkPolicyInfoLldpmedPolicy,Policy index.
switch,ML540M-LLDP-MIB,ml540mLldpStatusMedRemoteDeviceNetworkPolicyInfoApplicationType,1.3.6.1.4.1.5468.100.34.1.3.4.3.1.5,column,textual-convention,VTSSlldpmedRemoteNetworkPolicyApplicationType,,,read-only,no,no,lldpStatusMedRemoteDeviceNetworkPolicyInfoApplicationType,The LLDP policy application type.
switch,ML540M-LLDP-MIB,ml540mLldpStatusMedRemoteDeviceNetworkPolicyInfoUnknownPolicy,1.3.6.1.4.1.5468.100.34.1.3.4.3.1.6,column,boolean,TruthValue,,,read-only,no,no,lldpStatusMedRemoteDeviceNetworkPolicyInfoUnknownPolicy,Policy indicates that an Endpoint Device wants to explicitly advertise that the policy is required by the device. Can be either Defined or Unknown Unk
switch,ML540M-LLDP-MIB,ml540mLldpStatusMedRemoteDeviceNetworkPolicyInfoTagged,1.3.6.1.4.1.5468.100.34.1.3.4.3.1.7,column,boolean,TruthValue,,,read-only,no,no,lldpStatusMedRemoteDeviceNetworkPolicyInfoTagged,Defines if LLDP policy uses tagged VLAN.
switch,ML540M-LLDP-MIB,ml540mLldpStatusMedRemoteDeviceNetworkPolicyInfoVlanId,1.3.6.1.4.1.5468.100.34.1.3.4.3.1.8,column,textual-convention,VTSSUnsigned16,,,read-only,no,no,lldpStatusMedRemoteDeviceNetworkPolicyInfoVlanId,The policy VLAN ID. Only valid when policy 'Tagged' is TRUE
switch,ML540M-LLDP-MIB,ml540mLldpStatusMedRemoteDeviceNetworkPolicyInfoL2Priority,1.3.6.1.4.1.5468.100.34.1.3.4.3.1.9,column,textual-convention,VTSSUnsigned8,,,read-only,no,no,lldpStatusMedRemoteDeviceNetworkPolicyInfoL2Priority,Shows the LLDP neighbor's policy L2 priority.
switch,ML540M-LLDP-MIB,ml540mLldpStatusMedRemoteDeviceNetworkPolicyInfoDscp,1.3.6.1.4.1.5468.100.34.1.3.4.3.1.10,column,textual-convention,VTSSUnsigned8,,,read-only,no,no,lldpStatusMedRemoteDeviceNetworkPolicyInfoDscp,LLDP policy DSCP.
switch,ML540M-LLDP-MIB,ml540mLldpControlStatisticsClearIfIndex,1.3.6.1.4.1.5468.100.34.1.4.1.1.1.1,column,textual-convention,VTSSInterfaceIndex,,,not-accessible,no,yes,lldpControlStatisticsClearIfIndex,Logical interface number index.
switch,ML540M-LLDP-MIB,ml540mLldpControlStatisticsClearStatisticsClear,1.3.6.1.4.1.5468.100.34.1.4.1.1.1.2,column,boolean,TruthValue,,,read-write,yes,no,lldpControlStatisticsClearStatisticsClear,Set to TRUE to clear the LLDP statistics of an interface.
switch,ML540M-LLDP-MIB,ml540mLldpControlStatisticsClearGlobalClear,1.3.6.1.4.1.5468.100.34.1.4.1.2.1,scalar,textual-convention,VTSSUnsigned8,,,read-write,yes,no,lldpControlStatisticsClearGlobalClear,Clear LLDP global counters.
switch,ML540M-MAC-MIB,ml540mMacCapabilitiesNonVolatileMax,1.3.6.1.4.1.5468.100.12.1.1.1,scalar,unsigned32,,,,read-only,no,no,macCapabilitiesNonVolatileMax,Max number of static non-volatile MAC addresses that can be stored in the system.
switch,ML540M-MAC-MIB,ml540mMacConfigFdbGlobalAgeTime,1.3.6.1.4.1.5468.100.12.1.2.1.1,scalar,unsigned32,,,,read-write,yes,no,macConfigFdbGlobalAgeTime,Mac address aging time in the FDB.
switch,ML540M-MAC-MIB,ml540mMacConfigFdbVlanId,1.3.6.1.4.1.5468.100.12.1.2.2.1.1,column,textual-convention,VTSSVlan,,,not-accessible,no,yes,macConfigFdbVlanId,Vlan id used for indexing.
switch,ML540M-MAC-MIB,ml540mMacConfigFdbMacAddress,1.3.6.1.4.1.5468.100.12.1.2.2.1.2,column,mac-address,MacAddress,,,not-accessible,no,yes,macConfigFdbMacAddress,The destination MAC address which this entry applies.
switch,ML540M-MAC-MIB,ml540mMacConfigFdbPortList,1.3.6.1.4.1.5468.100.12.1.2.2.1.3,column,textual-convention,VTSSPortList,frames,description text,read-write,yes,no,macConfigFdbPortList,List of destination ports for which frames with this DMAC is forwarded to.
switch,ML540M-MAC-MIB,ml540mMacConfigFdbAction,1.3.6.1.4.1.5468.100.12.1.2.2.1.100,column,textual-convention,VTSSRowEditorState,,,read-write,yes,no,macConfigFdbAction,Action
switch,ML540M-MAC-MIB,ml540mMacConfigFdbTableRowEditorVlanId,1.3.6.1.4.1.5468.100.12.1.2.3.1,scalar,textual-convention,VTSSVlan,,,read-write,yes,no,macConfigFdbTableRowEditorVlanId,Vlan id used for indexing.
switch,ML540M-MAC-MIB,ml540mMacConfigFdbTableRowEditorMacAddress,1.3.6.1.4.1.5468.100.12.1.2.3.2,scalar,mac-address,MacAddress,,,read-write,yes,no,macConfigFdbTableRowEditorMacAddress,The destination MAC address which this entry applies.
switch,ML540M-MAC-MIB,ml540mMacConfigFdbTableRowEditorPortList,1.3.6.1.4.1.5468.100.12.1.2.3.3,scalar,textual-convention,VTSSPortList,frames,description text,read-write,yes,no,macConfigFdbTableRowEditorPortList,List of destination ports for which frames with this DMAC is forwarded to.
switch,ML540M-MAC-MIB,ml540mMacConfigFdbTableRowEditorAction,1.3.6.1.4.1.5468.100.12.1.2.3.100,scalar,textual-convention,VTSSRowEditorState,,,read-write,yes,no,macConfigFdbTableRowEditorAction,Action
switch,ML540M-MAC-MIB,ml540mMacConfigPortLearnIfIndex,1.3.6.1.4.1.5468.100.12.1.2.4.1.1,column,textual-convention,VTSSInterfaceIndex,,,not-accessible,no,yes,macConfigPortLearnIfIndex,Interface index.
switch,ML540M-MAC-MIB,ml540mMacConfigPortLearnLearnMode,1.3.6.1.4.1.5468.100.12.1.2.4.1.2,column,textual-convention,VTSSMACPortLearnMode,frames,description text,read-write,yes,no,macConfigPortLearnLearnMode,The learn mode of the port. Auto(0) means auto learning. Disable(1) means that learning is disabled. Secure(2) means that learning frames are discarde
switch,ML540M-MAC-MIB,ml540mMacConfigPortLearnChangeAllowed,1.3.6.1.4.1.5468.100.12.1.2.4.1.3,column,boolean,TruthValue,,,read-write,yes,no,macConfigPortLearnChangeAllowed,If internal modules have changed the learned mode then the user is not allowed to change it from this interface. This entry tells you if the LearnMode
switch,ML540M-MAC-MIB,ml540mMacConfigVlanLearnVlanId,1.3.6.1.4.1.5468.100.12.1.2.5.1.1,column,textual-convention,VTSSVlan,,,not-accessible,no,yes,macConfigVlanLearnVlanId,Vlan id used for indexing.
switch,ML540M-MAC-MIB,ml540mMacConfigVlanLearnMode,1.3.6.1.4.1.5468.100.12.1.2.5.1.2,column,boolean,TruthValue,,,read-write,yes,no,macConfigVlanLearnMode,"Learn mode of the VLAN, True = Enabled, False = Disabled"
switch,ML540M-MAC-MIB,ml540mMacStatusFdbVlanId,1.3.6.1.4.1.5468.100.12.1.3.1.1.1,column,textual-convention,VTSSVlan,,,not-accessible,no,yes,macStatusFdbVlanId,Vlan id used for indexing.
switch,ML540M-MAC-MIB,ml540mMacStatusFdbMacAddress,1.3.6.1.4.1.5468.100.12.1.3.1.1.2,column,mac-address,MacAddress,,,not-accessible,no,yes,macStatusFdbMacAddress,The destination MAC address which this entry applies.
switch,ML540M-MAC-MIB,ml540mMacStatusFdbPortList,1.3.6.1.4.1.5468.100.12.1.3.1.1.3,column,textual-convention,VTSSPortList,frames,description text,read-only,no,no,macStatusFdbPortList,List of destination ports for which frames with this DMAC is forwarded to.
switch,ML540M-MAC-MIB,ml540mMacStatusFdbDynamic,1.3.6.1.4.1.5468.100.12.1.3.1.1.4,column,textual-convention,VTSSUnsigned8,,,read-only,no,no,macStatusFdbDynamic,The entry is dynamically learned (True) or statically added (False)
switch,ML540M-MAC-MIB,ml540mMacStatusFdbCopyToCpu,1.3.6.1.4.1.5468.100.12.1.3.1.1.5,column,textual-convention,VTSSUnsigned8,frames,description text,read-only,no,no,macStatusFdbCopyToCpu,Copy this frame to the CPU (True) or not (False)
switch,ML540M-MAC-MIB,ml540mMacStatusFdbStaticVlanId,1.3.6.1.4.1.5468.100.12.1.3.2.1.1,column,textual-convention,VTSSVlan,,,not-accessible,no,yes,macStatusFdbStaticVlanId,Vlan id used for indexing.
switch,ML540M-MAC-MIB,ml540mMacStatusFdbStaticMacAddress,1.3.6.1.4.1.5468.100.12.1.3.2.1.2,column,mac-address,MacAddress,,,not-accessible,no,yes,macStatusFdbStaticMacAddress,The destination MAC address which this entry applies.
switch,ML540M-MAC-MIB,ml540mMacStatusFdbStaticPortList,1.3.6.1.4.1.5468.100.12.1.3.2.1.3,column,textual-convention,VTSSPortList,frames,description text,read-only,no,no,macStatusFdbStaticPortList,List of destination ports for which frames with this DMAC is forwarded to.
switch,ML540M-MAC-MIB,ml540mMacStatusFdbStaticDynamic,1.3.6.1.4.1.5468.100.12.1.3.2.1.4,column,textual-convention,VTSSUnsigned8,,,read-only,no,no,macStatusFdbStaticDynamic,The entry is dynamically learned (True) or statically added (False)
switch,ML540M-MAC-MIB,ml540mMacStatusFdbStaticCopyToCpu,1.3.6.1.4.1.5468.100.12.1.3.2.1.5,column,textual-convention,VTSSUnsigned8,frames,description text,read-only,no,no,macStatusFdbStaticCopyToCpu,Copy this frame to the CPU (True) or not (False)
switch,ML540M-MAC-MIB,ml540mMacStatusFdbPortStatisticsIfIndex,1.3.6.1.4.1.5468.100.12.1.3.3.1.1,column,textual-convention,VTSSInterfaceIndex,,,not-accessible,no,yes,macStatusFdbPortStatisticsIfIndex,Interface index.
switch,ML540M-MAC-MIB,ml540mMacStatusFdbPortStatisticsDynamic,1.3.6.1.4.1.5468.100.12.1.3.3.1.2,column,unsigned32,,,,read-only,no,no,macStatusFdbPortStatisticsDynamic,Total number of dynamic learned addresses on the port
switch,ML540M-MAC-MIB,ml540mMacStatusFdbStatisticsTotalDynamic,1.3.6.1.4.1.5468.100.12.1.3.4.1,scalar,unsigned32,,,,read-only,no,no,macStatusFdbStatisticsTotalDynamic,Total dynamic learned addresses in the FDB
switch,ML540M-MAC-MIB,ml540mMacStatusFdbStatisticsTotalStatic,1.3.6.1.4.1.5468.100.12.1.3.4.2,scalar,unsigned32,,,,read-only,no,no,macStatusFdbStatisticsTotalStatic,Total static addresses in the FDB
switch,ML540M-MAC-MIB,ml540mMacControlFlushAll,1.3.6.1.4.1.5468.100.12.1.4.1,scalar,boolean,TruthValue,,,read-write,yes,no,macControlFlushAll,Flush all dynamic learned Mac addresses. Set the value to 'true' to perform the action. Read will always return 'false'.
switch,ML540M-IP-MIB,ml540mIpCapabilitiesHasIpv4HostCapabilities,1.3.6.1.4.1.5468.100.102.1.1.1,scalar,boolean,TruthValue,,,read-only,no,no,ipCapabilitiesHasIpv4HostCapabilities,The device has IPv4 host capabilities for management.
switch,ML540M-IP-MIB,ml540mIpCapabilitiesHasIpv6HostCapabilities,1.3.6.1.4.1.5468.100.102.1.1.2,scalar,boolean,TruthValue,,,read-only,no,no,ipCapabilitiesHasIpv6HostCapabilities,The device has IPv6 host capabilities for management.
switch,ML540M-IP-MIB,ml540mIpCapabilitiesHasIpv4UnicastRoutingCapabilities,1.3.6.1.4.1.5468.100.102.1.1.3,scalar,boolean,TruthValue,,,read-only,no,no,ipCapabilitiesHasIpv4UnicastRoutingCapabilities,The device has IPv4 unicast routing capabilities.
switch,ML540M-IP-MIB,ml540mIpCapabilitiesHasIpv4UnicastHwRoutingCapabilities,1.3.6.1.4.1.5468.100.102.1.1.4,scalar,boolean,TruthValue,,,read-only,no,no,ipCapabilitiesHasIpv4UnicastHwRoutingCapabilities,The device has IPv4 unicast hardware accelerated routing capabilities.
switch,ML540M-IP-MIB,ml540mIpCapabilitiesHasIpv6UnicastRoutingCapabilities,1.3.6.1.4.1.5468.100.102.1.1.5,scalar,boolean,TruthValue,,,read-only,no,no,ipCapabilitiesHasIpv6UnicastRoutingCapabilities,The device has IPv6 unicast routing capabilities.
switch,ML540M-IP-MIB,ml540mIpCapabilitiesHasIpv6UnicastHwRoutingCapabilities,1.3.6.1.4.1.5468.100.102.1.1.6,scalar,boolean,TruthValue,,,read-only,no,no,ipCapabilitiesHasIpv6UnicastHwRoutingCapabilities,The device has IPv6 unicast hardware accelerated routing capabilities.
switch,ML540M-IP-MIB,ml540mIpCapabilitiesMaxNumberOfIpInterfaces,1.3.6.1.4.1.5468.100.102.1.1.7,scalar,unsigned32,,,,read-only,no,no,ipCapabilitiesMaxNumberOfIpInterfaces,Maximum number of IP interfaces supported by the device.
switch,ML540M-IP-MIB,ml540mIpCapabilitiesMaxNumberOfStaticRoutes,1.3.6.1.4.1.5468.100.102.1.1.8,scalar,unsigned32,,,,read-only,no,no,ipCapabilitiesMaxNumberOfStaticRoutes,Maximum number of static configured IP routes (shared by IPv4 and IPv6).
switch,ML540M-IP-MIB,ml540mIpCapabilitiesNumberOfLpmHardwareEntries,1.3.6.1.4.1.5468.100.102.1.1.9,scalar,unsigned32,,,,read-only,no,no,ipCapabilitiesNumberOfLpmHardwareEntries,Number of hardware LPM (longest prefix match) entries.
switch,ML540M-IP-MIB,ml540mIpConfigGlobalsMainEnableRouting,1.3.6.1.4.1.5468.100.102.1.2.1.1.1,scalar,boolean,TruthValue,,,read-write,yes,no,ipConfigGlobalsMainEnableRouting,Enable routing.
switch,ML540M-IP-MIB,ml540mIpConfigInterfacesIfIndex,1.3.6.1.4.1.5468.100.102.1.2.2.1.1.1,column,textual-convention,VTSSInterfaceIndex,,,not-accessible,no,yes,ipConfigInterfacesIfIndex,Interface index number.
switch,ML540M-IP-MIB,ml540mIpConfigInterfacesAction,1.3.6.1.4.1.5468.100.102.1.2.2.1.1.100,column,textual-convention,VTSSRowEditorState,,,read-write,yes,no,ipConfigInterfacesAction,Action
switch,ML540M-IP-MIB,ml540mIpConfigInterfacesTableRowEditorIfIndex,1.3.6.1.4.1.5468.100.102.1.2.2.2.1,scalar,textual-convention,VTSSInterfaceIndex,,,read-write,yes,no,ipConfigInterfacesTableRowEditorIfIndex,Interface index number.
switch,ML540M-IP-MIB,ml540mIpConfigInterfacesTableRowEditorAction,1.3.6.1.4.1.5468.100.102.1.2.2.2.100,scalar,textual-convention,VTSSRowEditorState,,,read-write,yes,no,ipConfigInterfacesTableRowEditorAction,Action
switch,ML540M-IP-MIB,ml540mIpConfigInterfacesIpv4IfIndex,1.3.6.1.4.1.5468.100.102.1.2.2.3.1.1,column,textual-convention,VTSSInterfaceIndex,,,not-accessible,no,yes,ipConfigInterfacesIpv4IfIndex,Interface index number.
switch,ML540M-IP-MIB,ml540mIpConfigInterfacesIpv4Active,1.3.6.1.4.1.5468.100.102.1.2.2.3.1.2,column,boolean,TruthValue,,,read-write,yes,no,ipConfigInterfacesIpv4Active,"Enable IPv4. IPv4 can only be enabled if either the DHCP client is enabled, or a valid address has been configured."
switch,ML540M-IP-MIB,ml540mIpConfigInterfacesIpv4EnableDhcpClient,1.3.6.1.4.1.5468.100.102.1.2.2.3.1.3,column,boolean,TruthValue,,,read-write,yes,no,ipConfigInterfacesIpv4EnableDhcpClient,"Enable IPv4 DHCP client. Note: the DHCP client can only be enabled if there is no conflict in the values of: ipv4Address, prefixSize, and dhcpClientFa"
switch,ML540M-IP-MIB,ml540mIpConfigInterfacesIpv4Ipv4Address,1.3.6.1.4.1.5468.100.102.1.2.2.3.1.4,column,ipv4-address,,,,read-write,yes,no,ipConfigInterfacesIpv4Ipv4Address,IPv4 address. Note: Multiple interfaces may not have overlapping networks.
switch,ML540M-IP-MIB,ml540mIpConfigInterfacesIpv4PrefixSize,1.3.6.1.4.1.5468.100.102.1.2.2.3.1.5,column,unsigned32,,,,read-write,yes,no,ipConfigInterfacesIpv4PrefixSize,Prefix size of the network. Note: Multiple interfaces may not have overlapping networks.
switch,ML540M-IP-MIB,ml540mIpConfigInterfacesIpv4DhcpClientFallbackTimeout,1.3.6.1.4.1.5468.100.102.1.2.2.3.1.6,column,unsigned32,,,,read-write,yes,no,ipConfigInterfacesIpv4DhcpClientFallbackTimeout,DHCP client fallback timer. If DHCP is disabled then this object has no effect. If DHCP is enabled and the fallback timeout value is different from ze
switch,ML540M-IP-MIB,ml540mIpConfigInterfacesIpv6IfIndex,1.3.6.1.4.1.5468.100.102.1.2.2.4.1.1,column,textual-convention,VTSSInterfaceIndex,,,not-accessible,no,yes,ipConfigInterfacesIpv6IfIndex,Interface index number.
switch,ML540M-IP-MIB,ml540mIpConfigInterfacesIpv6Active,1.3.6.1.4.1.5468.100.102.1.2.2.4.1.2,column,boolean,TruthValue,,,read-write,yes,no,ipConfigInterfacesIpv6Active,Enable the static configured IPv6 address. The static configured IPv6 address can only be configured if a valid address has been written into 'ipv6Add
switch,ML540M-IP-MIB,ml540mIpConfigInterfacesIpv6Ipv6Address,1.3.6.1.4.1.5468.100.102.1.2.2.4.1.3,column,textual-convention,InetAddressIPv6,,,read-write,yes,no,ipConfigInterfacesIpv6Ipv6Address,Static configured IPv6 address.
switch,ML540M-IP-MIB,ml540mIpConfigInterfacesIpv6PrefixSize,1.3.6.1.4.1.5468.100.102.1.2.2.4.1.4,column,unsigned32,,,,read-write,yes,no,ipConfigInterfacesIpv6PrefixSize,Prefix size of the network.
switch,ML540M-IP-MIB,ml540mIpConfigRoutesIpv4NetworkAddress,1.3.6.1.4.1.5468.100.102.1.2.3.1.1.1,column,ipv4-address,,,,not-accessible,no,yes,ipConfigRoutesIpv4NetworkAddress,Network address.
switch,ML540M-IP-MIB,ml540mIpConfigRoutesIpv4NetworkPrefixSize,1.3.6.1.4.1.5468.100.102.1.2.3.1.1.2,column,integer,,,,not-accessible,no,yes,ipConfigRoutesIpv4NetworkPrefixSize,Network prefix size.
switch,ML540M-IP-MIB,ml540mIpConfigRoutesIpv4NextHop,1.3.6.1.4.1.5468.100.102.1.2.3.1.1.3,column,ipv4-address,,,,not-accessible,no,yes,ipConfigRoutesIpv4NextHop,Next-hop address.
switch,ML540M-IP-MIB,ml540mIpConfigRoutesIpv4Action,1.3.6.1.4.1.5468.100.102.1.2.3.1.1.100,column,textual-convention,VTSSRowEditorState,,,read-write,yes,no,ipConfigRoutesIpv4Action,Action
switch,ML540M-IP-MIB,ml540mIpConfigRoutesIpv4RowEditorNetworkAddress,1.3.6.1.4.1.5468.100.102.1.2.3.2.1,scalar,ipv4-address,,,,read-write,yes,no,ipConfigRoutesIpv4RowEditorNetworkAddress,Network address.
switch,ML540M-IP-MIB,ml540mIpConfigRoutesIpv4RowEditorNetworkPrefixSize,1.3.6.1.4.1.5468.100.102.1.2.3.2.2,scalar,integer,,,,read-write,yes,no,ipConfigRoutesIpv4RowEditorNetworkPrefixSize,Network prefix size.
switch,ML540M-IP-MIB,ml540mIpConfigRoutesIpv4RowEditorNextHop,1.3.6.1.4.1.5468.100.102.1.2.3.2.3,scalar,ipv4-address,,,,read-write,yes,no,ipConfigRoutesIpv4RowEditorNextHop,Next-hop address.
switch,ML540M-IP-MIB,ml540mIpConfigRoutesIpv4RowEditorAction,1.3.6.1.4.1.5468.100.102.1.2.3.2.100,scalar,textual-convention,VTSSRowEditorState,,,read-write,yes,no,ipConfigRoutesIpv4RowEditorAction,Action
switch,ML540M-IP-MIB,ml540mIpConfigRoutesIpv6NetworkAddress,1.3.6.1.4.1.5468.100.102.1.2.3.3.1.1,column,textual-convention,InetAddressIPv6,,,not-accessible,no,yes,ipConfigRoutesIpv6NetworkAddress,Network address.
switch,ML540M-IP-MIB,ml540mIpConfigRoutesIpv6NetworkPrefixSize,1.3.6.1.4.1.5468.100.102.1.2.3.3.1.2,column,integer,,,,not-accessible,no,yes,ipConfigRoutesIpv6NetworkPrefixSize,Network prefix size.
switch,ML540M-IP-MIB,ml540mIpConfigRoutesIpv6NextHop,1.3.6.1.4.1.5468.100.102.1.2.3.3.1.3,column,textual-convention,InetAddressIPv6,,,not-accessible,no,yes,ipConfigRoutesIpv6NextHop,Next-hop address.
switch,ML540M-IP-MIB,ml540mIpConfigRoutesIpv6NextHopInterface,1.3.6.1.4.1.5468.100.102.1.2.3.3.1.4,column,textual-convention,VTSSInterfaceIndex,,,not-accessible,no,yes,ipConfigRoutesIpv6NextHopInterface,"If the next-hop address is a link-local address, then the interface of the link-local address must be specified here. Otherwise this value is not used"
switch,ML540M-IP-MIB,ml540mIpConfigRoutesIpv6Action,1.3.6.1.4.1.5468.100.102.1.2.3.3.1.100,column,textual-convention,VTSSRowEditorState,,,read-write,yes,no,ipConfigRoutesIpv6Action,Action
switch,ML540M-IP-MIB,ml540mIpConfigRoutesIpv6RowEditorNetworkAddress,1.3.6.1.4.1.5468.100.102.1.2.3.4.1,scalar,textual-convention,InetAddressIPv6,,,read-write,yes,no,ipConfigRoutesIpv6RowEditorNetworkAddress,Network address.
switch,ML540M-IP-MIB,ml540mIpConfigRoutesIpv6RowEditorNetworkPrefixSize,1.3.6.1.4.1.5468.100.102.1.2.3.4.2,scalar,integer,,,,read-write,yes,no,ipConfigRoutesIpv6RowEditorNetworkPrefixSize,Network prefix size.
switch,ML540M-IP-MIB,ml540mIpConfigRoutesIpv6RowEditorNextHop,1.3.6.1.4.1.5468.100.102.1.2.3.4.3,scalar,textual-convention,InetAddressIPv6,,,read-write,yes,no,ipConfigRoutesIpv6RowEditorNextHop,Next-hop address.
switch,ML540M-IP-MIB,ml540mIpConfigRoutesIpv6RowEditorNextHopInterface,1.3.6.1.4.1.5468.100.102.1.2.3.4.4,scalar,textual-convention,VTSSInterfaceIndex,,,read-write,yes,no,ipConfigRoutesIpv6RowEditorNextHopInterface,"If the next-hop address is a link-local address, then the interface of the link-local address must be specified here. Otherwise this value is not used"
switch,ML540M-IP-MIB,ml540mIpConfigRoutesIpv6RowEditorAction,1.3.6.1.4.1.5468.100.102.1.2.3.4.100,scalar,textual-convention,VTSSRowEditorState,,,read-write,yes,no,ipConfigRoutesIpv6RowEditorAction,Action
switch,ML540M-IP-MIB,ml540mIpStatusGlobalsIpv4NeighbourIpv4,1.3.6.1.4.1.5468.100.102.1.3.1.1.1.1,column,ipv4-address,,,,not-accessible,no,yes,ipStatusGlobalsIpv4NeighbourIpv4,IPv4 address.
switch,ML540M-IP-MIB,ml540mIpStatusGlobalsIpv4NeighbourMacAddress,1.3.6.1.4.1.5468.100.102.1.3.1.1.1.2,column,mac-address,MacAddress,,,read-only,no,no,ipStatusGlobalsIpv4NeighbourMacAddress,MAC address associated with the IP address
switch,ML540M-IP-MIB,ml540mIpStatusGlobalsIpv4NeighbourInterface,1.3.6.1.4.1.5468.100.102.1.3.1.1.1.3,column,textual-convention,VTSSInterfaceIndex,,,read-only,no,no,ipStatusGlobalsIpv4NeighbourInterface,Interface the neighbour can be reached on.
switch,ML540M-IP-MIB,ml540mIpStatusGlobalsIpv6NeighbourIpAddress,1.3.6.1.4.1.5468.100.102.1.3.1.2.1.1,column,textual-convention,InetAddressIPv6,,,not-accessible,no,yes,ipStatusGlobalsIpv6NeighbourIpAddress,IP address.
switch,ML540M-IP-MIB,ml540mIpStatusGlobalsIpv6NeighbourInterfaceQuery,1.3.6.1.4.1.5468.100.102.1.3.1.2.1.2,column,integer,,,,not-accessible,no,yes,ipStatusGlobalsIpv6NeighbourInterfaceQuery,"If 'ipAddress' is a link-local address, then the interface index where the host can be reached must be specified here, otherwise set this to zero."
switch,ML540M-IP-MIB,ml540mIpStatusGlobalsIpv6NeighbourMacAddress,1.3.6.1.4.1.5468.100.102.1.3.1.2.1.3,column,mac-address,MacAddress,,,read-only,no,no,ipStatusGlobalsIpv6NeighbourMacAddress,MAC address associated with the IP address
switch,ML540M-IP-MIB,ml540mIpStatusGlobalsIpv6NeighbourInterface,1.3.6.1.4.1.5468.100.102.1.3.1.2.1.4,column,textual-convention,VTSSInterfaceIndex,,,read-only,no,no,ipStatusGlobalsIpv6NeighbourInterface,Interface the neighbour can be reached on.
switch,ML540M-IP-MIB,ml540mIpStatusInterfacesLinkIfIndex,1.3.6.1.4.1.5468.100.102.1.3.2.1.1.1,column,textual-convention,VTSSInterfaceIndex,,,not-accessible,no,yes,ipStatusInterfacesLinkIfIndex,Interface index number.
switch,ML540M-IP-MIB,ml540mIpStatusInterfacesLinkOsInterfaceIndex,1.3.6.1.4.1.5468.100.102.1.3.2.1.1.2,column,unsigned32,,,,read-only,no,no,ipStatusInterfacesLinkOsInterfaceIndex,Interface index used by the operating system.
switch,ML540M-IP-MIB,ml540mIpStatusInterfacesLinkMtu,1.3.6.1.4.1.5468.100.102.1.3.2.1.1.3,column,unsigned32,,,,read-only,no,no,ipStatusInterfacesLinkMtu,MTU for the interface.
switch,ML540M-IP-MIB,ml540mIpStatusInterfacesLinkMacAddress,1.3.6.1.4.1.5468.100.102.1.3.2.1.1.4,column,mac-address,MacAddress,,,read-only,no,no,ipStatusInterfacesLinkMacAddress,MAC-address of the interface.
switch,ML540M-IP-MIB,ml540mIpStatusInterfacesLinkUp,1.3.6.1.4.1.5468.100.102.1.3.2.1.1.5,column,boolean,TruthValue,,,read-only,no,no,ipStatusInterfacesLinkUp,Indicates if the interface is up.
switch,ML540M-IP-MIB,ml540mIpStatusInterfacesLinkBroadcast,1.3.6.1.4.1.5468.100.102.1.3.2.1.1.6,column,boolean,TruthValue,,,read-only,no,no,ipStatusInterfacesLinkBroadcast,Indicates if the interface is capable of transmitting broadcast traffic.
switch,ML540M-IP-MIB,ml540mIpStatusInterfacesLinkLoopback,1.3.6.1.4.1.5468.100.102.1.3.2.1.1.7,column,boolean,TruthValue,,,read-only,no,no,ipStatusInterfacesLinkLoopback,Indicates if the interface is a loop-back interface.
switch,ML540M-IP-MIB,ml540mIpStatusInterfacesLinkRunning,1.3.6.1.4.1.5468.100.102.1.3.2.1.1.8,column,boolean,TruthValue,,,read-only,no,no,ipStatusInterfacesLinkRunning,Interface is running (according to the operating system).
switch,ML540M-IP-MIB,ml540mIpStatusInterfacesLinkNoarp,1.3.6.1.4.1.5468.100.102.1.3.2.1.1.9,column,boolean,TruthValue,,,read-only,no,no,ipStatusInterfacesLinkNoarp,Indicates if the interface will answer to ARP requests.
switch,ML540M-IP-MIB,ml540mIpStatusInterfacesLinkPromisc,1.3.6.1.4.1.5468.100.102.1.3.2.1.1.10,column,boolean,TruthValue,,,read-only,no,no,ipStatusInterfacesLinkPromisc,Indicates if the interface is in promisc mode.
switch,ML540M-IP-MIB,ml540mIpStatusInterfacesLinkMulticast,1.3.6.1.4.1.5468.100.102.1.3.2.1.1.11,column,boolean,TruthValue,,,read-only,no,no,ipStatusInterfacesLinkMulticast,Indicates if the interface supports multicast.
switch,ML540M-IP-MIB,ml540mIpStatusInterfacesIpv4IfIndex,1.3.6.1.4.1.5468.100.102.1.3.2.2.1.1,column,textual-convention,VTSSInterfaceIndex,,,not-accessible,no,yes,ipStatusInterfacesIpv4IfIndex,Interface index number.
switch,ML540M-IP-MIB,ml540mIpStatusInterfacesIpv4NetworkAddress,1.3.6.1.4.1.5468.100.102.1.3.2.2.1.2,column,ipv4-address,,,,not-accessible,no,yes,ipStatusInterfacesIpv4NetworkAddress,IPv4 network address.
switch,ML540M-IP-MIB,ml540mIpStatusInterfacesIpv4NetworkMaskLength,1.3.6.1.4.1.5468.100.102.1.3.2.2.1.3,column,integer,,,,not-accessible,no,yes,ipStatusInterfacesIpv4NetworkMaskLength,IPv4 network mask length.
switch,ML540M-IP-MIB,ml540mIpStatusInterfacesIpv4Broadcast,1.3.6.1.4.1.5468.100.102.1.3.2.2.1.4,column,ipv4-address,,,,read-only,no,no,ipStatusInterfacesIpv4Broadcast,Broadcast address.
switch,ML540M-IP-MIB,ml540mIpStatusInterfacesDhcpClientV4IfIndex,1.3.6.1.4.1.5468.100.102.1.3.2.3.1.1,column,textual-convention,VTSSInterfaceIndex,,,not-accessible,no,yes,ipStatusInterfacesDhcpClientV4IfIndex,Interface index number.
switch,ML540M-IP-MIB,ml540mIpStatusInterfacesDhcpClientV4State,1.3.6.1.4.1.5468.100.102.1.3.2.3.1.2,column,textual-convention,VTSSIpDhcpClientState,,,read-only,no,no,ipStatusInterfacesDhcpClientV4State,State of the DHCP client.
switch,ML540M-IP-MIB,ml540mIpStatusInterfacesDhcpClientV4ServerIp,1.3.6.1.4.1.5468.100.102.1.3.2.3.1.3,column,ipv4-address,,,,read-only,no,no,ipStatusInterfacesDhcpClientV4ServerIp,IP address of the DHCP server that has provided the DHCP offer.
switch,ML540M-IP-MIB,ml540mIpStatusInterfacesIpv6IfIndex,1.3.6.1.4.1.5468.100.102.1.3.2.4.1.1,column,textual-convention,VTSSInterfaceIndex,,,not-accessible,no,yes,ipStatusInterfacesIpv6IfIndex,Interface index number.
switch,ML540M-IP-MIB,ml540mIpStatusInterfacesIpv6NetworkAddress,1.3.6.1.4.1.5468.100.102.1.3.2.4.1.2,column,textual-convention,InetAddressIPv6,,,not-accessible,no,yes,ipStatusInterfacesIpv6NetworkAddress,IPv6 network address.
switch,ML540M-IP-MIB,ml540mIpStatusInterfacesIpv6NetworkMaskLength,1.3.6.1.4.1.5468.100.102.1.3.2.4.1.3,column,integer,,,,not-accessible,no,yes,ipStatusInterfacesIpv6NetworkMaskLength,IPv6 network mask length.
switch,ML540M-IP-MIB,ml540mIpStatusInterfacesIpv6Tentative,1.3.6.1.4.1.5468.100.102.1.3.2.4.1.4,column,boolean,TruthValue,,,read-only,no,no,ipStatusInterfacesIpv6Tentative,"An address whose uniqueness on a link is being verified, prior to its assignment to an interface. A tentative address is not considered assigned to an"
switch,ML540M-IP-MIB,ml540mIpStatusInterfacesIpv6Duplicated,1.3.6.1.4.1.5468.100.102.1.3.2.4.1.5,column,boolean,TruthValue,,,read-only,no,no,ipStatusInterfacesIpv6Duplicated,Indicates the address duplication is detected by Duplicate Address Detection (DAD). If the address is a link-local address formed from an interface id
switch,ML540M-IP-MIB,ml540mIpStatusInterfacesIpv6Detached,1.3.6.1.4.1.5468.100.102.1.3.2.4.1.6,column,boolean,TruthValue,,,read-only,no,no,ipStatusInterfacesIpv6Detached,Indicates this address is ready to be detached from the link (IPv6 network).
switch,ML540M-IP-MIB,ml540mIpStatusInterfacesIpv6Nodad,1.3.6.1.4.1.5468.100.102.1.3.2.4.1.7,column,boolean,TruthValue,,,read-only,no,no,ipStatusInterfacesIpv6Nodad,Indicates this address does not perform Duplicate Address Detection (DAD).
switch,ML540M-IP-MIB,ml540mIpStatusInterfacesIpv6Autoconf,1.3.6.1.4.1.5468.100.102.1.3.2.4.1.8,column,boolean,TruthValue,,,read-only,no,no,ipStatusInterfacesIpv6Autoconf,Indicates this address is capable of being retrieved by stateless address autoconfiguration.
switch,ML540M-IP-MIB,ml540mIpStatusRoutesIpv4NetworkAddress,1.3.6.1.4.1.5468.100.102.1.3.3.1.1.1,column,ipv4-address,,,,not-accessible,no,yes,ipStatusRoutesIpv4NetworkAddress,Network address.
switch,ML540M-IP-MIB,ml540mIpStatusRoutesIpv4NetworkPrefixSize,1.3.6.1.4.1.5468.100.102.1.3.3.1.1.2,column,integer,,,,not-accessible,no,yes,ipStatusRoutesIpv4NetworkPrefixSize,Network prefix size.
switch,ML540M-IP-MIB,ml540mIpStatusRoutesIpv4NextHop,1.3.6.1.4.1.5468.100.102.1.3.3.1.1.3,column,ipv4-address,,,,not-accessible,no,yes,ipStatusRoutesIpv4NextHop,Next-hop address.
switch,ML540M-IP-MIB,ml540mIpStatusRoutesIpv4DerivedNextHopInterface,1.3.6.1.4.1.5468.100.102.1.3.3.1.1.4,column,textual-convention,VTSSInterfaceIndex,,,read-only,no,no,ipStatusRoutesIpv4DerivedNextHopInterface,Next-hop interface.
switch,ML540M-IP-MIB,ml540mIpStatusRoutesIpv4FlagUp,1.3.6.1.4.1.5468.100.102.1.3.3.1.1.35,column,boolean,TruthValue,,,read-only,no,no,ipStatusRoutesIpv4FlagUp,The route is up.
switch,ML540M-IP-MIB,ml540mIpStatusRoutesIpv4FlagHost,1.3.6.1.4.1.5468.100.102.1.3.3.1.1.36,column,boolean,TruthValue,,,read-only,no,no,ipStatusRoutesIpv4FlagHost,The route is forwarding to this host (loop-back).
switch,ML540M-IP-MIB,ml540mIpStatusRoutesIpv4FlagGateway,1.3.6.1.4.1.5468.100.102.1.3.3.1.1.37,column,boolean,TruthValue,,,read-only,no,no,ipStatusRoutesIpv4FlagGateway,"The route is using a gateway as next-hop, of not set then an interface is used."
switch,ML540M-IP-MIB,ml540mIpStatusRoutesIpv4OwnerConf,1.3.6.1.4.1.5468.100.102.1.3.3.1.1.67,column,boolean,TruthValue,,,read-only,no,no,ipStatusRoutesIpv4OwnerConf,The route is installed as part of the user configuration.
switch,ML540M-IP-MIB,ml540mIpStatusRoutesIpv4OwnerDhcp,1.3.6.1.4.1.5468.100.102.1.3.3.1.1.68,column,boolean,TruthValue,,,read-only,no,no,ipStatusRoutesIpv4OwnerDhcp,The route is installed by a DHCP client.
switch,ML540M-IP-MIB,ml540mIpStatusRoutesIpv4OwnerDynamic,1.3.6.1.4.1.5468.100.102.1.3.3.1.1.69,column,boolean,TruthValue,,,read-only,no,no,ipStatusRoutesIpv4OwnerDynamic,The route is installed by a routing protocol.
switch,ML540M-IP-MIB,ml540mIpStatusRoutesIpv6NetworkAddress,1.3.6.1.4.1.5468.100.102.1.3.3.2.1.1,column,textual-convention,InetAddressIPv6,,,not-accessible,no,yes,ipStatusRoutesIpv6NetworkAddress,Network address.
switch,ML540M-IP-MIB,ml540mIpStatusRoutesIpv6NetworkPrefixSize,1.3.6.1.4.1.5468.100.102.1.3.3.2.1.2,column,integer,,,,not-accessible,no,yes,ipStatusRoutesIpv6NetworkPrefixSize,Network prefix size.
switch,ML540M-IP-MIB,ml540mIpStatusRoutesIpv6NextHop,1.3.6.1.4.1.5468.100.102.1.3.3.2.1.3,column,textual-convention,InetAddressIPv6,,,not-accessible,no,yes,ipStatusRoutesIpv6NextHop,Next-hop address.
switch,ML540M-IP-MIB,ml540mIpStatusRoutesIpv6NextHopInterface,1.3.6.1.4.1.5468.100.102.1.3.3.2.1.4,column,textual-convention,VTSSInterfaceIndex,,,not-accessible,no,yes,ipStatusRoutesIpv6NextHopInterface,"If the next-hop address is a link-local address, then the interface of the link-local address must be specified here. Otherwise this value is not used"
switch,ML540M-IP-MIB,ml540mIpStatusRoutesIpv6DerivedNextHopInterface,1.3.6.1.4.1.5468.100.102.1.3.3.2.1.5,column,textual-convention,VTSSInterfaceIndex,,,read-only,no,no,ipStatusRoutesIpv6DerivedNextHopInterface,Next-hop interface.
switch,ML540M-IP-MIB,ml540mIpStatusRoutesIpv6FlagUp,1.3.6.1.4.1.5468.100.102.1.3.3.2.1.36,column,boolean,TruthValue,,,read-only,no,no,ipStatusRoutesIpv6FlagUp,The route is up.
switch,ML540M-IP-MIB,ml540mIpStatusRoutesIpv6FlagHost,1.3.6.1.4.1.5468.100.102.1.3.3.2.1.37,column,boolean,TruthValue,,,read-only,no,no,ipStatusRoutesIpv6FlagHost,The route is forwarding to this host (loop-back).
switch,ML540M-IP-MIB,ml540mIpStatusRoutesIpv6FlagGateway,1.3.6.1.4.1.5468.100.102.1.3.3.2.1.38,column,boolean,TruthValue,,,read-only,no,no,ipStatusRoutesIpv6FlagGateway,"The route is using a gateway as next-hop, of not set then an interface is used."
switch,ML540M-IP-MIB,ml540mIpStatusRoutesIpv6OwnerConf,1.3.6.1.4.1.5468.100.102.1.3.3.2.1.68,column,boolean,TruthValue,,,read-only,no,no,ipStatusRoutesIpv6OwnerConf,The route is installed as part of the user configuration.
switch,ML540M-IP-MIB,ml540mIpStatusRoutesIpv6OwnerDhcp,1.3.6.1.4.1.5468.100.102.1.3.3.2.1.69,column,boolean,TruthValue,,,read-only,no,no,ipStatusRoutesIpv6OwnerDhcp,The route is installed by a DHCP client.
switch,ML540M-IP-MIB,ml540mIpStatusRoutesIpv6OwnerDynamic,1.3.6.1.4.1.5468.100.102.1.3.3.2.1.70,column,boolean,TruthValue,,,read-only,no,no,ipStatusRoutesIpv6OwnerDynamic,The route is installed by a routing protocol.
switch,ML540M-IP-MIB,ml540mIpControlGlobalsIpv4NeighbourTableClear,1.3.6.1.4.1.5468.100.102.1.4.1.1,scalar,boolean,TruthValue,,,read-write,yes,no,ipControlGlobalsIpv4NeighbourTableClear,Flush the entries in IPv4 ARP cache except for the permanent ones.
switch,ML540M-IP-MIB,ml540mIpControlGlobalsIpv6NeighbourTableClear,1.3.6.1.4.1.5468.100.102.1.4.1.2,scalar,boolean,TruthValue,,,read-write,yes,no,ipControlGlobalsIpv6NeighbourTableClear,Erase all the NDP (Neighbor Discovery Protocol) entries registered in IPv6 neighbour cache.
switch,ML540M-IP-MIB,ml540mIpControlGlobalsIpv4SystemStatisticsClear,1.3.6.1.4.1.5468.100.102.1.4.1.3,scalar,textual-convention,VTSSUnsigned8,,,read-write,yes,no,ipControlGlobalsIpv4SystemStatisticsClear,Clear the system-wide IPv4 traffic statistics.
switch,ML540M-IP-MIB,ml540mIpControlGlobalsIpv6SystemStatisticsClear,1.3.6.1.4.1.5468.100.102.1.4.1.4,scalar,textual-convention,VTSSUnsigned8,,,read-write,yes,no,ipControlGlobalsIpv6SystemStatisticsClear,Clear the system-wide IPv6 traffic statistics.
switch,ML540M-IP-MIB,ml540mIpControlInterfaceDhcpClientIfIndex,1.3.6.1.4.1.5468.100.102.1.4.2.1.1.1,column,textual-convention,VTSSInterfaceIndex,,,not-accessible,no,yes,ipControlInterfaceDhcpClientIfIndex,Interface index number.
switch,ML540M-IP-MIB,ml540mIpControlInterfaceDhcpClientRestart,1.3.6.1.4.1.5468.100.102.1.4.2.1.1.2,column,boolean,TruthValue,,,read-write,yes,no,ipControlInterfaceDhcpClientRestart,Restart the DHCP client.
switch,ML540M-IP-MIB,ml540mIpStatisticsGlobalsIpv4InReceives,1.3.6.1.4.1.5468.100.102.1.5.1.1.1,scalar,unsigned32,,,,read-only,no,no,ipStatisticsGlobalsIpv4InReceives,"Number of input IP datagrams received, including those received in error. Discontinuities in the value of this counter may occur at re-initialization"
switch,ML540M-IP-MIB,ml540mIpStatisticsGlobalsIpv4HCInReceives,1.3.6.1.4.1.5468.100.102.1.5.1.1.2,scalar,counter64,,count,SMI type counter64,read-only,no,no,ipStatisticsGlobalsIpv4HCInReceives,"Number of input IP datagrams received, including those received in error. This object counts the same datagrams as InReceives, but allows for larger v"
switch,ML540M-IP-MIB,ml540mIpStatisticsGlobalsIpv4InOctets,1.3.6.1.4.1.5468.100.102.1.5.1.1.3,scalar,unsigned32,,octets,description text,read-only,no,no,ipStatisticsGlobalsIpv4InOctets,"Number of octets received in input IP datagrams, including those received in error. Octets from datagrams counted in InReceives must be counted here."
switch,ML540M-IP-MIB,ml540mIpStatisticsGlobalsIpv4HCInOctets,1.3.6.1.4.1.5468.100.102.1.5.1.1.4,scalar,counter64,,count,SMI type counter64,read-only,no,no,ipStatisticsGlobalsIpv4HCInOctets,"Number of octets received in input IP datagrams, including those received in error. This object counts the same octets as InOctets, but allows for a l"
switch,ML540M-IP-MIB,ml540mIpStatisticsGlobalsIpv4InHdrErrors,1.3.6.1.4.1.5468.100.102.1.5.1.1.5,scalar,unsigned32,,,,read-only,no,no,ipStatisticsGlobalsIpv4InHdrErrors,"Number of input IP datagrams discarded due to errors in their IP headers, including version number mismatch, other format errors, hop count exceeded,"
switch,ML540M-IP-MIB,ml540mIpStatisticsGlobalsIpv4InNoRoutes,1.3.6.1.4.1.5468.100.102.1.5.1.1.6,scalar,unsigned32,,,,read-only,no,no,ipStatisticsGlobalsIpv4InNoRoutes,Number of input IP datagrams discarded because no route could be found to transmit them to their destination. Discontinuities in the value of this cou
switch,ML540M-IP-MIB,ml540mIpStatisticsGlobalsIpv4InAddrErrors,1.3.6.1.4.1.5468.100.102.1.5.1.1.7,scalar,unsigned32,,,,read-only,no,no,ipStatisticsGlobalsIpv4InAddrErrors,Number of input IP datagrams discarded because the IP address in their IP header's destination field was not a valid address to be received at this en
switch,ML540M-IP-MIB,ml540mIpStatisticsGlobalsIpv4InUnknownProtos,1.3.6.1.4.1.5468.100.102.1.5.1.1.8,scalar,unsigned32,,,,read-only,no,no,ipStatisticsGlobalsIpv4InUnknownProtos,Number of locally-addressed IP datagrams received successfully but discarded because of an unknown or unsupported protocol. When tracking interface st
switch,ML540M-IP-MIB,ml540mIpStatisticsGlobalsIpv4InTruncatedPkts,1.3.6.1.4.1.5468.100.102.1.5.1.1.9,scalar,unsigned32,,frames,description text,read-only,no,no,ipStatisticsGlobalsIpv4InTruncatedPkts,Number of input IP datagrams discarded because the datagram frame didn't carry enough data. Discontinuities in the value of this counter may occur at
switch,ML540M-IP-MIB,ml540mIpStatisticsGlobalsIpv4InForwDatagrams,1.3.6.1.4.1.5468.100.102.1.5.1.1.10,scalar,unsigned32,,,,read-only,no,no,ipStatisticsGlobalsIpv4InForwDatagrams,Number of input datagrams for which this entity was not their final IP destination and for which this entity attempted to find a route to forward them
switch,ML540M-IP-MIB,ml540mIpStatisticsGlobalsIpv4HCInForwDatagrams,1.3.6.1.4.1.5468.100.102.1.5.1.1.11,scalar,counter64,,count,SMI type counter64,read-only,no,no,ipStatisticsGlobalsIpv4HCInForwDatagrams,Number of input datagrams for which this entity was not their final IP destination and for which this entity attempted to find a route to forward them
switch,ML540M-IP-MIB,ml540mIpStatisticsGlobalsIpv4ReasmReqds,1.3.6.1.4.1.5468.100.102.1.5.1.1.12,scalar,unsigned32,,,,read-only,no,no,ipStatisticsGlobalsIpv4ReasmReqds,"Number of IP fragments received that needed to be reassembled at this interface. When tracking interface statistics, the counter of the interface to w"
switch,ML540M-IP-MIB,ml540mIpStatisticsGlobalsIpv4ReasmOKs,1.3.6.1.4.1.5468.100.102.1.5.1.1.13,scalar,unsigned32,,,,read-only,no,no,ipStatisticsGlobalsIpv4ReasmOKs,"Number of IP datagrams successfully reassembled. When tracking interface statistics, the counter of the interface to which these datagrams were addres"
switch,ML540M-IP-MIB,ml540mIpStatisticsGlobalsIpv4ReasmFails,1.3.6.1.4.1.5468.100.102.1.5.1.1.14,scalar,unsigned32,,,,read-only,no,no,ipStatisticsGlobalsIpv4ReasmFails,Number of failures detected by the IP re-assembly algorithm. Note: this is not necessarily a count of discarded IP fragments because some algorithms (
switch,ML540M-IP-MIB,ml540mIpStatisticsGlobalsIpv4InDiscards,1.3.6.1.4.1.5468.100.102.1.5.1.1.15,scalar,unsigned32,,,,read-only,no,no,ipStatisticsGlobalsIpv4InDiscards,"Number of input IP datagrams for which no problems were encountered to prevent their continued processing, but were discarded. Note: this counter does"
switch,ML540M-IP-MIB,ml540mIpStatisticsGlobalsIpv4InDelivers,1.3.6.1.4.1.5468.100.102.1.5.1.1.16,scalar,unsigned32,,,,read-only,no,no,ipStatisticsGlobalsIpv4InDelivers,"Number of datagrams successfully delivered to IP user-protocols (including ICMP). When tracking interface statistics, the counter of the interface to"
switch,ML540M-IP-MIB,ml540mIpStatisticsGlobalsIpv4HCInDelivers,1.3.6.1.4.1.5468.100.102.1.5.1.1.17,scalar,counter64,,count,SMI type counter64,read-only,no,no,ipStatisticsGlobalsIpv4HCInDelivers,"Number of datagrams successfully delivered to IP user-protocols (including ICMP). This object counts the same packets as ipSystemStatsInDelivers, but"
switch,ML540M-IP-MIB,ml540mIpStatisticsGlobalsIpv4OutRequests,1.3.6.1.4.1.5468.100.102.1.5.1.1.18,scalar,unsigned32,,,,read-only,no,no,ipStatisticsGlobalsIpv4OutRequests,Number of IP datagrams that local IP user-protocols (including ICMP) supplied to IP in requests for transmission. Note: this counter does not include
switch,ML540M-IP-MIB,ml540mIpStatisticsGlobalsIpv4HCOutRequests,1.3.6.1.4.1.5468.100.102.1.5.1.1.19,scalar,counter64,,count,SMI type counter64,read-only,no,no,ipStatisticsGlobalsIpv4HCOutRequests,Number of IP datagrams that local IP user-protocols (including ICMP) supplied to IP in requests for transmission. This object counts the same packets
switch,ML540M-IP-MIB,ml540mIpStatisticsGlobalsIpv4OutNoRoutes,1.3.6.1.4.1.5468.100.102.1.5.1.1.20,scalar,unsigned32,,,,read-only,no,no,ipStatisticsGlobalsIpv4OutNoRoutes,Number of locally generated IP datagrams discarded because no route could be found to transmit them to their destination. Discontinuities in the value
switch,ML540M-IP-MIB,ml540mIpStatisticsGlobalsIpv4OutForwDatagrams,1.3.6.1.4.1.5468.100.102.1.5.1.1.21,scalar,unsigned32,,,,read-only,no,no,ipStatisticsGlobalsIpv4OutForwDatagrams,Number of datagrams for which this entity was not their final IP destination and for which it was successful in finding a path to their final destinat
switch,ML540M-IP-MIB,ml540mIpStatisticsGlobalsIpv4HCOutForwDatagrams,1.3.6.1.4.1.5468.100.102.1.5.1.1.22,scalar,counter64,,count,SMI type counter64,read-only,no,no,ipStatisticsGlobalsIpv4HCOutForwDatagrams,Number of datagrams for which this entity was not their final IP destination and for which it was successful in finding a path to their final destinat
switch,ML540M-IP-MIB,ml540mIpStatisticsGlobalsIpv4OutDiscards,1.3.6.1.4.1.5468.100.102.1.5.1.1.23,scalar,unsigned32,,,,read-only,no,no,ipStatisticsGlobalsIpv4OutDiscards,"Number of output IP datagrams for which no problem was encountered to prevent their transmission to their destination, but were discarded. Note: this"
switch,ML540M-IP-MIB,ml540mIpStatisticsGlobalsIpv4OutFragReqds,1.3.6.1.4.1.5468.100.102.1.5.1.1.24,scalar,unsigned32,,,,read-only,no,no,ipStatisticsGlobalsIpv4OutFragReqds,"Number of IP datagrams that require fragmentation in order to be transmitted. When tracking interface statistics, the counter of the outgoing interfac"
switch,ML540M-IP-MIB,ml540mIpStatisticsGlobalsIpv4OutFragOKs,1.3.6.1.4.1.5468.100.102.1.5.1.1.25,scalar,unsigned32,,,,read-only,no,no,ipStatisticsGlobalsIpv4OutFragOKs,"Number of IP datagrams that have been successfully fragmented. When tracking interface statistics, the counter of the outgoing interface is incremente"
switch,ML540M-IP-MIB,ml540mIpStatisticsGlobalsIpv4OutFragFails,1.3.6.1.4.1.5468.100.102.1.5.1.1.26,scalar,unsigned32,,packets,description text,read-only,no,no,ipStatisticsGlobalsIpv4OutFragFails,Number of IP datagrams that have been discarded because they needed to be fragmented but could not be. This includes IPv4 packets that have the DF bit
switch,ML540M-IP-MIB,ml540mIpStatisticsGlobalsIpv4OutFragCreates,1.3.6.1.4.1.5468.100.102.1.5.1.1.27,scalar,unsigned32,,,,read-only,no,no,ipStatisticsGlobalsIpv4OutFragCreates,"Number of output datagram fragments that have been generated as a result of IP fragmentation. When tracking interface statistics, the counter of the o"
switch,ML540M-IP-MIB,ml540mIpStatisticsGlobalsIpv4OutTransmits,1.3.6.1.4.1.5468.100.102.1.5.1.1.28,scalar,unsigned32,,,,read-only,no,no,ipStatisticsGlobalsIpv4OutTransmits,Number of IP datagrams that this entity supplied to the lower layers for transmission. This includes datagrams generated locally and those forwarded b
switch,ML540M-IP-MIB,ml540mIpStatisticsGlobalsIpv4HCOutTransmits,1.3.6.1.4.1.5468.100.102.1.5.1.1.29,scalar,counter64,,count,SMI type counter64,read-only,no,no,ipStatisticsGlobalsIpv4HCOutTransmits,"Number of IP datagrams that this entity supplied to the lower layers for transmission. This object counts the same datagrams as OutTransmits, but allo"
switch,ML540M-IP-MIB,ml540mIpStatisticsGlobalsIpv4OutOctets,1.3.6.1.4.1.5468.100.102.1.5.1.1.30,scalar,unsigned32,,octets,description text,read-only,no,no,ipStatisticsGlobalsIpv4OutOctets,Number of octets in IP datagrams delivered to the lower layers for transmission. Octets from datagrams counted in OutTransmits must be counted here. D
switch,ML540M-IP-MIB,ml540mIpStatisticsGlobalsIpv4HCOutOctets,1.3.6.1.4.1.5468.100.102.1.5.1.1.31,scalar,counter64,,count,SMI type counter64,read-only,no,no,ipStatisticsGlobalsIpv4HCOutOctets,"Number of octets in IP datagrams delivered to the lower layers for transmission. This objects counts the same octets as OutOctets, but allows for larg"
switch,ML540M-IP-MIB,ml540mIpStatisticsGlobalsIpv4InMcastPkts,1.3.6.1.4.1.5468.100.102.1.5.1.1.32,scalar,unsigned32,,,,read-only,no,no,ipStatisticsGlobalsIpv4InMcastPkts,"Number of IP multicast datagrams received. Discontinuities in the value of this counter may occur at re-initialization of the system, and at other tim"
switch,ML540M-IP-MIB,ml540mIpStatisticsGlobalsIpv4HCInMcastPkts,1.3.6.1.4.1.5468.100.102.1.5.1.1.33,scalar,counter64,,count,SMI type counter64,read-only,no,no,ipStatisticsGlobalsIpv4HCInMcastPkts,Number of IP multicast datagrams received. This object counts the same datagrams as InMcastPkts but allows for larger values. Discontinuities in the v
switch,ML540M-IP-MIB,ml540mIpStatisticsGlobalsIpv4InMcastOctets,1.3.6.1.4.1.5468.100.102.1.5.1.1.34,scalar,unsigned32,,octets,description text,read-only,no,no,ipStatisticsGlobalsIpv4InMcastOctets,Number of octets received in IP multicast datagrams. Octets from datagrams counted in InMcastPkts MUST be counted here. Discontinuities in the value o
switch,ML540M-IP-MIB,ml540mIpStatisticsGlobalsIpv4HCInMcastOctets,1.3.6.1.4.1.5468.100.102.1.5.1.1.35,scalar,counter64,,count,SMI type counter64,read-only,no,no,ipStatisticsGlobalsIpv4HCInMcastOctets,"Number of octets received in IP multicast datagrams. This object counts the same octets as InMcastOctets, but allows for larger values. Discontinuitie"
switch,ML540M-IP-MIB,ml540mIpStatisticsGlobalsIpv4OutMcastPkts,1.3.6.1.4.1.5468.100.102.1.5.1.1.36,scalar,unsigned32,,,,read-only,no,no,ipStatisticsGlobalsIpv4OutMcastPkts,"Number of IP multicast datagrams transmitted. Discontinuities in the value of this counter may occur at re-initialization of the system, and at other"
switch,ML540M-IP-MIB,ml540mIpStatisticsGlobalsIpv4HCOutMcastPkts,1.3.6.1.4.1.5468.100.102.1.5.1.1.37,scalar,counter64,,count,SMI type counter64,read-only,no,no,ipStatisticsGlobalsIpv4HCOutMcastPkts,"Number of IP multicast datagrams transmitted. This object counts the same datagrams as OutMcastPkts, but allows for larger values. Discontinuities in"
switch,ML540M-IP-MIB,ml540mIpStatisticsGlobalsIpv4OutMcastOctets,1.3.6.1.4.1.5468.100.102.1.5.1.1.38,scalar,unsigned32,,octets,description text,read-only,no,no,ipStatisticsGlobalsIpv4OutMcastOctets,Number of octets transmitted in IP multicast datagrams. Octets from datagrams counted in OutMcastPkts must be counted here. Discontinuities in the val
switch,ML540M-IP-MIB,ml540mIpStatisticsGlobalsIpv4HCOutMcastOctets,1.3.6.1.4.1.5468.100.102.1.5.1.1.39,scalar,counter64,,count,SMI type counter64,read-only,no,no,ipStatisticsGlobalsIpv4HCOutMcastOctets,"Number of octets transmitted in IP multicast datagrams. This object counts the same octets as OutMcastOctets, but allows for larger values. Discontinu"
switch,ML540M-IP-MIB,ml540mIpStatisticsGlobalsIpv4InBcastPkts,1.3.6.1.4.1.5468.100.102.1.5.1.1.40,scalar,unsigned32,,,,read-only,no,no,ipStatisticsGlobalsIpv4InBcastPkts,"Number of IP broadcast datagrams received. Discontinuities in the value of this counter may occur at re-initialization of the system, and at other tim"
switch,ML540M-IP-MIB,ml540mIpStatisticsGlobalsIpv4HCInBcastPkts,1.3.6.1.4.1.5468.100.102.1.5.1.1.41,scalar,counter64,,count,SMI type counter64,read-only,no,no,ipStatisticsGlobalsIpv4HCInBcastPkts,Number of IP broadcast datagrams received. This object counts the same datagrams as InBcastPkts but allows for larger values. Discontinuities in the v
switch,ML540M-IP-MIB,ml540mIpStatisticsGlobalsIpv4OutBcastPkts,1.3.6.1.4.1.5468.100.102.1.5.1.1.42,scalar,unsigned32,,,,read-only,no,no,ipStatisticsGlobalsIpv4OutBcastPkts,"Number of IP broadcast datagrams transmitted. Discontinuities in the value of this counter may occur at re-initialization of the system, and at other"
switch,ML540M-IP-MIB,ml540mIpStatisticsGlobalsIpv4HCOutBcastPkts,1.3.6.1.4.1.5468.100.102.1.5.1.1.43,scalar,counter64,,count,SMI type counter64,read-only,no,no,ipStatisticsGlobalsIpv4HCOutBcastPkts,"Number of IP broadcast datagrams transmitted. This object counts the same datagrams as OutBcastPkts, but allows for larger values. Discontinuities in"
switch,ML540M-IP-MIB,ml540mIpStatisticsGlobalsIpv4DiscontinuityTime,1.3.6.1.4.1.5468.100.102.1.5.1.1.44,scalar,counter64,,count,SMI type counter64,read-only,no,no,ipStatisticsGlobalsIpv4DiscontinuityTime,Value of sysUpTime on the most recent occasion when any one or more of this entry's counters suffered a discontinuity. If no such discontinuities have
switch,ML540M-IP-MIB,ml540mIpStatisticsGlobalsIpv4RefreshRate,1.3.6.1.4.1.5468.100.102.1.5.1.1.45,scalar,unsigned32,,,,read-only,no,no,ipStatisticsGlobalsIpv4RefreshRate,The minimum reasonable polling interval for this entry. This object provides an indication of the minimum amount of time required to update the counte
switch,ML540M-IP-MIB,ml540mIpStatisticsGlobalsIpv6InReceives,1.3.6.1.4.1.5468.100.102.1.5.1.2.1,scalar,unsigned32,,,,read-only,no,no,ipStatisticsGlobalsIpv6InReceives,"Number of input IP datagrams received, including those received in error. Discontinuities in the value of this counter may occur at re-initialization"
switch,ML540M-IP-MIB,ml540mIpStatisticsGlobalsIpv6HCInReceives,1.3.6.1.4.1.5468.100.102.1.5.1.2.2,scalar,counter64,,count,SMI type counter64,read-only,no,no,ipStatisticsGlobalsIpv6HCInReceives,"Number of input IP datagrams received, including those received in error. This object counts the same datagrams as InReceives, but allows for larger v"
switch,ML540M-IP-MIB,ml540mIpStatisticsGlobalsIpv6InOctets,1.3.6.1.4.1.5468.100.102.1.5.1.2.3,scalar,unsigned32,,octets,description text,read-only,no,no,ipStatisticsGlobalsIpv6InOctets,"Number of octets received in input IP datagrams, including those received in error. Octets from datagrams counted in InReceives must be counted here."
switch,ML540M-IP-MIB,ml540mIpStatisticsGlobalsIpv6HCInOctets,1.3.6.1.4.1.5468.100.102.1.5.1.2.4,scalar,counter64,,count,SMI type counter64,read-only,no,no,ipStatisticsGlobalsIpv6HCInOctets,"Number of octets received in input IP datagrams, including those received in error. This object counts the same octets as InOctets, but allows for a l"
switch,ML540M-IP-MIB,ml540mIpStatisticsGlobalsIpv6InHdrErrors,1.3.6.1.4.1.5468.100.102.1.5.1.2.5,scalar,unsigned32,,,,read-only,no,no,ipStatisticsGlobalsIpv6InHdrErrors,"Number of input IP datagrams discarded due to errors in their IP headers, including version number mismatch, other format errors, hop count exceeded,"
switch,ML540M-IP-MIB,ml540mIpStatisticsGlobalsIpv6InNoRoutes,1.3.6.1.4.1.5468.100.102.1.5.1.2.6,scalar,unsigned32,,,,read-only,no,no,ipStatisticsGlobalsIpv6InNoRoutes,Number of input IP datagrams discarded because no route could be found to transmit them to their destination. Discontinuities in the value of this cou
switch,ML540M-IP-MIB,ml540mIpStatisticsGlobalsIpv6InAddrErrors,1.3.6.1.4.1.5468.100.102.1.5.1.2.7,scalar,unsigned32,,,,read-only,no,no,ipStatisticsGlobalsIpv6InAddrErrors,Number of input IP datagrams discarded because the IP address in their IP header's destination field was not a valid address to be received at this en
switch,ML540M-IP-MIB,ml540mIpStatisticsGlobalsIpv6InUnknownProtos,1.3.6.1.4.1.5468.100.102.1.5.1.2.8,scalar,unsigned32,,,,read-only,no,no,ipStatisticsGlobalsIpv6InUnknownProtos,Number of locally-addressed IP datagrams received successfully but discarded because of an unknown or unsupported protocol. When tracking interface st
switch,ML540M-IP-MIB,ml540mIpStatisticsGlobalsIpv6InTruncatedPkts,1.3.6.1.4.1.5468.100.102.1.5.1.2.9,scalar,unsigned32,,frames,description text,read-only,no,no,ipStatisticsGlobalsIpv6InTruncatedPkts,Number of input IP datagrams discarded because the datagram frame didn't carry enough data. Discontinuities in the value of this counter may occur at
switch,ML540M-IP-MIB,ml540mIpStatisticsGlobalsIpv6InForwDatagrams,1.3.6.1.4.1.5468.100.102.1.5.1.2.10,scalar,unsigned32,,,,read-only,no,no,ipStatisticsGlobalsIpv6InForwDatagrams,Number of input datagrams for which this entity was not their final IP destination and for which this entity attempted to find a route to forward them
switch,ML540M-IP-MIB,ml540mIpStatisticsGlobalsIpv6HCInForwDatagrams,1.3.6.1.4.1.5468.100.102.1.5.1.2.11,scalar,counter64,,count,SMI type counter64,read-only,no,no,ipStatisticsGlobalsIpv6HCInForwDatagrams,Number of input datagrams for which this entity was not their final IP destination and for which this entity attempted to find a route to forward them
switch,ML540M-IP-MIB,ml540mIpStatisticsGlobalsIpv6ReasmReqds,1.3.6.1.4.1.5468.100.102.1.5.1.2.12,scalar,unsigned32,,,,read-only,no,no,ipStatisticsGlobalsIpv6ReasmReqds,"Number of IP fragments received that needed to be reassembled at this interface. When tracking interface statistics, the counter of the interface to w"
switch,ML540M-IP-MIB,ml540mIpStatisticsGlobalsIpv6ReasmOKs,1.3.6.1.4.1.5468.100.102.1.5.1.2.13,scalar,unsigned32,,,,read-only,no,no,ipStatisticsGlobalsIpv6ReasmOKs,"Number of IP datagrams successfully reassembled. When tracking interface statistics, the counter of the interface to which these datagrams were addres"
switch,ML540M-IP-MIB,ml540mIpStatisticsGlobalsIpv6ReasmFails,1.3.6.1.4.1.5468.100.102.1.5.1.2.14,scalar,unsigned32,,,,read-only,no,no,ipStatisticsGlobalsIpv6ReasmFails,Number of failures detected by the IP re-assembly algorithm. Note: this is not necessarily a count of discarded IP fragments because some algorithms (
switch,ML540M-IP-MIB,ml540mIpStatisticsGlobalsIpv6InDiscards,1.3.6.1.4.1.5468.100.102.1.5.1.2.15,scalar,unsigned32,,,,read-only,no,no,ipStatisticsGlobalsIpv6InDiscards,"Number of input IP datagrams for which no problems were encountered to prevent their continued processing, but were discarded. Note: this counter does"
switch,ML540M-IP-MIB,ml540mIpStatisticsGlobalsIpv6InDelivers,1.3.6.1.4.1.5468.100.102.1.5.1.2.16,scalar,unsigned32,,,,read-only,no,no,ipStatisticsGlobalsIpv6InDelivers,"Number of datagrams successfully delivered to IP user-protocols (including ICMP). When tracking interface statistics, the counter of the interface to"
switch,ML540M-IP-MIB,ml540mIpStatisticsGlobalsIpv6HCInDelivers,1.3.6.1.4.1.5468.100.102.1.5.1.2.17,scalar,counter64,,count,SMI type counter64,read-only,no,no,ipStatisticsGlobalsIpv6HCInDelivers,"Number of datagrams successfully delivered to IP user-protocols (including ICMP). This object counts the same packets as ipSystemStatsInDelivers, but"
switch,ML540M-IP-MIB,ml540mIpStatisticsGlobalsIpv6OutRequests,1.3.6.1.4.1.5468.100.102.1.5.1.2.18,scalar,unsigned32,,,,read-only,no,no,ipStatisticsGlobalsIpv6OutRequests,Number of IP datagrams that local IP user-protocols (including ICMP) supplied to IP in requests for transmission. Note: this counter does not include
switch,ML540M-IP-MIB,ml540mIpStatisticsGlobalsIpv6HCOutRequests,1.3.6.1.4.1.5468.100.102.1.5.1.2.19,scalar,counter64,,count,SMI type counter64,read-only,no,no,ipStatisticsGlobalsIpv6HCOutRequests,Number of IP datagrams that local IP user-protocols (including ICMP) supplied to IP in requests for transmission. This object counts the same packets
switch,ML540M-IP-MIB,ml540mIpStatisticsGlobalsIpv6OutNoRoutes,1.3.6.1.4.1.5468.100.102.1.5.1.2.20,scalar,unsigned32,,,,read-only,no,no,ipStatisticsGlobalsIpv6OutNoRoutes,Number of locally generated IP datagrams discarded because no route could be found to transmit them to their destination. Discontinuities in the value
switch,ML540M-IP-MIB,ml540mIpStatisticsGlobalsIpv6OutForwDatagrams,1.3.6.1.4.1.5468.100.102.1.5.1.2.21,scalar,unsigned32,,,,read-only,no,no,ipStatisticsGlobalsIpv6OutForwDatagrams,Number of datagrams for which this entity was not their final IP destination and for which it was successful in finding a path to their final destinat
switch,ML540M-IP-MIB,ml540mIpStatisticsGlobalsIpv6HCOutForwDatagrams,1.3.6.1.4.1.5468.100.102.1.5.1.2.22,scalar,counter64,,count,SMI type counter64,read-only,no,no,ipStatisticsGlobalsIpv6HCOutForwDatagrams,Number of datagrams for which this entity was not their final IP destination and for which it was successful in finding a path to their final destinat
switch,ML540M-IP-MIB,ml540mIpStatisticsGlobalsIpv6OutDiscards,1.3.6.1.4.1.5468.100.102.1.5.1.2.23,scalar,unsigned32,,,,read-only,no,no,ipStatisticsGlobalsIpv6OutDiscards,"Number of output IP datagrams for which no problem was encountered to prevent their transmission to their destination, but were discarded. Note: this"
switch,ML540M-IP-MIB,ml540mIpStatisticsGlobalsIpv6OutFragReqds,1.3.6.1.4.1.5468.100.102.1.5.1.2.24,scalar,unsigned32,,,,read-only,no,no,ipStatisticsGlobalsIpv6OutFragReqds,"Number of IP datagrams that require fragmentation in order to be transmitted. When tracking interface statistics, the counter of the outgoing interfac"
switch,ML540M-IP-MIB,ml540mIpStatisticsGlobalsIpv6OutFragOKs,1.3.6.1.4.1.5468.100.102.1.5.1.2.25,scalar,unsigned32,,,,read-only,no,no,ipStatisticsGlobalsIpv6OutFragOKs,"Number of IP datagrams that have been successfully fragmented. When tracking interface statistics, the counter of the outgoing interface is incremente"
switch,ML540M-IP-MIB,ml540mIpStatisticsGlobalsIpv6OutFragFails,1.3.6.1.4.1.5468.100.102.1.5.1.2.26,scalar,unsigned32,,packets,description text,read-only,no,no,ipStatisticsGlobalsIpv6OutFragFails,Number of IP datagrams that have been discarded because they needed to be fragmented but could not be. This includes IPv4 packets that have the DF bit
switch,ML540M-IP-MIB,ml540mIpStatisticsGlobalsIpv6OutFragCreates,1.3.6.1.4.1.5468.100.102.1.5.1.2.27,scalar,unsigned32,,,,read-only,no,no,ipStatisticsGlobalsIpv6OutFragCreates,"Number of output datagram fragments that have been generated as a result of IP fragmentation. When tracking interface statistics, the counter of the o"
switch,ML540M-IP-MIB,ml540mIpStatisticsGlobalsIpv6OutTransmits,1.3.6.1.4.1.5468.100.102.1.5.1.2.28,scalar,unsigned32,,,,read-only,no,no,ipStatisticsGlobalsIpv6OutTransmits,Number of IP datagrams that this entity supplied to the lower layers for transmission. This includes datagrams generated locally and those forwarded b
switch,ML540M-IP-MIB,ml540mIpStatisticsGlobalsIpv6HCOutTransmits,1.3.6.1.4.1.5468.100.102.1.5.1.2.29,scalar,counter64,,count,SMI type counter64,read-only,no,no,ipStatisticsGlobalsIpv6HCOutTransmits,"Number of IP datagrams that this entity supplied to the lower layers for transmission. This object counts the same datagrams as OutTransmits, but allo"
switch,ML540M-IP-MIB,ml540mIpStatisticsGlobalsIpv6OutOctets,1.3.6.1.4.1.5468.100.102.1.5.1.2.30,scalar,unsigned32,,octets,description text,read-only,no,no,ipStatisticsGlobalsIpv6OutOctets,Number of octets in IP datagrams delivered to the lower layers for transmission. Octets from datagrams counted in OutTransmits must be counted here. D
switch,ML540M-IP-MIB,ml540mIpStatisticsGlobalsIpv6HCOutOctets,1.3.6.1.4.1.5468.100.102.1.5.1.2.31,scalar,counter64,,count,SMI type counter64,read-only,no,no,ipStatisticsGlobalsIpv6HCOutOctets,"Number of octets in IP datagrams delivered to the lower layers for transmission. This objects counts the same octets as OutOctets, but allows for larg"
switch,ML540M-IP-MIB,ml540mIpStatisticsGlobalsIpv6InMcastPkts,1.3.6.1.4.1.5468.100.102.1.5.1.2.32,scalar,unsigned32,,,,read-only,no,no,ipStatisticsGlobalsIpv6InMcastPkts,"Number of IP multicast datagrams received. Discontinuities in the value of this counter may occur at re-initialization of the system, and at other tim"
switch,ML540M-IP-MIB,ml540mIpStatisticsGlobalsIpv6HCInMcastPkts,1.3.6.1.4.1.5468.100.102.1.5.1.2.33,scalar,counter64,,count,SMI type counter64,read-only,no,no,ipStatisticsGlobalsIpv6HCInMcastPkts,Number of IP multicast datagrams received. This object counts the same datagrams as InMcastPkts but allows for larger values. Discontinuities in the v
switch,ML540M-IP-MIB,ml540mIpStatisticsGlobalsIpv6InMcastOctets,1.3.6.1.4.1.5468.100.102.1.5.1.2.34,scalar,unsigned32,,octets,description text,read-only,no,no,ipStatisticsGlobalsIpv6InMcastOctets,Number of octets received in IP multicast datagrams. Octets from datagrams counted in InMcastPkts MUST be counted here. Discontinuities in the value o
switch,ML540M-IP-MIB,ml540mIpStatisticsGlobalsIpv6HCInMcastOctets,1.3.6.1.4.1.5468.100.102.1.5.1.2.35,scalar,counter64,,count,SMI type counter64,read-only,no,no,ipStatisticsGlobalsIpv6HCInMcastOctets,"Number of octets received in IP multicast datagrams. This object counts the same octets as InMcastOctets, but allows for larger values. Discontinuitie"
switch,ML540M-IP-MIB,ml540mIpStatisticsGlobalsIpv6OutMcastPkts,1.3.6.1.4.1.5468.100.102.1.5.1.2.36,scalar,unsigned32,,,,read-only,no,no,ipStatisticsGlobalsIpv6OutMcastPkts,"Number of IP multicast datagrams transmitted. Discontinuities in the value of this counter may occur at re-initialization of the system, and at other"
switch,ML540M-IP-MIB,ml540mIpStatisticsGlobalsIpv6HCOutMcastPkts,1.3.6.1.4.1.5468.100.102.1.5.1.2.37,scalar,counter64,,count,SMI type counter64,read-only,no,no,ipStatisticsGlobalsIpv6HCOutMcastPkts,"Number of IP multicast datagrams transmitted. This object counts the same datagrams as OutMcastPkts, but allows for larger values. Discontinuities in"
switch,ML540M-IP-MIB,ml540mIpStatisticsGlobalsIpv6OutMcastOctets,1.3.6.1.4.1.5468.100.102.1.5.1.2.38,scalar,unsigned32,,octets,description text,read-only,no,no,ipStatisticsGlobalsIpv6OutMcastOctets,Number of octets transmitted in IP multicast datagrams. Octets from datagrams counted in OutMcastPkts must be counted here. Discontinuities in the val
switch,ML540M-IP-MIB,ml540mIpStatisticsGlobalsIpv6HCOutMcastOctets,1.3.6.1.4.1.5468.100.102.1.5.1.2.39,scalar,counter64,,count,SMI type counter64,read-only,no,no,ipStatisticsGlobalsIpv6HCOutMcastOctets,"Number of octets transmitted in IP multicast datagrams. This object counts the same octets as OutMcastOctets, but allows for larger values. Discontinu"
switch,ML540M-IP-MIB,ml540mIpStatisticsGlobalsIpv6InBcastPkts,1.3.6.1.4.1.5468.100.102.1.5.1.2.40,scalar,unsigned32,,,,read-only,no,no,ipStatisticsGlobalsIpv6InBcastPkts,"Number of IP broadcast datagrams received. Discontinuities in the value of this counter may occur at re-initialization of the system, and at other tim"
switch,ML540M-IP-MIB,ml540mIpStatisticsGlobalsIpv6HCInBcastPkts,1.3.6.1.4.1.5468.100.102.1.5.1.2.41,scalar,counter64,,count,SMI type counter64,read-only,no,no,ipStatisticsGlobalsIpv6HCInBcastPkts,Number of IP broadcast datagrams received. This object counts the same datagrams as InBcastPkts but allows for larger values. Discontinuities in the v
switch,ML540M-IP-MIB,ml540mIpStatisticsGlobalsIpv6OutBcastPkts,1.3.6.1.4.1.5468.100.102.1.5.1.2.42,scalar,unsigned32,,,,read-only,no,no,ipStatisticsGlobalsIpv6OutBcastPkts,"Number of IP broadcast datagrams transmitted. Discontinuities in the value of this counter may occur at re-initialization of the system, and at other"
switch,ML540M-IP-MIB,ml540mIpStatisticsGlobalsIpv6HCOutBcastPkts,1.3.6.1.4.1.5468.100.102.1.5.1.2.43,scalar,counter64,,count,SMI type counter64,read-only,no,no,ipStatisticsGlobalsIpv6HCOutBcastPkts,"Number of IP broadcast datagrams transmitted. This object counts the same datagrams as OutBcastPkts, but allows for larger values. Discontinuities in"
switch,ML540M-IP-MIB,ml540mIpStatisticsGlobalsIpv6DiscontinuityTime,1.3.6.1.4.1.5468.100.102.1.5.1.2.44,scalar,counter64,,count,SMI type counter64,read-only,no,no,ipStatisticsGlobalsIpv6DiscontinuityTime,Value of sysUpTime on the most recent occasion when any one or more of this entry's counters suffered a discontinuity. If no such discontinuities have
switch,ML540M-IP-MIB,ml540mIpStatisticsGlobalsIpv6RefreshRate,1.3.6.1.4.1.5468.100.102.1.5.1.2.45,scalar,unsigned32,,,,read-only,no,no,ipStatisticsGlobalsIpv6RefreshRate,The minimum reasonable polling interval for this entry. This object provides an indication of the minimum amount of time required to update the counte
switch,ML540M-IP-MIB,ml540mIpStatisticsInterfacesLinkIfIndex,1.3.6.1.4.1.5468.100.102.1.5.2.1.1.1,column,textual-convention,VTSSInterfaceIndex,,,not-accessible,no,yes,ipStatisticsInterfacesLinkIfIndex,Interface index number.
switch,ML540M-IP-MIB,ml540mIpStatisticsInterfacesLinkInPackets,1.3.6.1.4.1.5468.100.102.1.5.2.1.1.2,column,counter64,,count,SMI type counter64,read-only,no,no,ipStatisticsInterfacesLinkInPackets,Number of packets delivered by MAC layer to IP layer.
switch,ML540M-IP-MIB,ml540mIpStatisticsInterfacesLinkOutPackets,1.3.6.1.4.1.5468.100.102.1.5.2.1.1.3,column,counter64,,count,SMI type counter64,read-only,no,no,ipStatisticsInterfacesLinkOutPackets,"Number of packets IP protocols requested be transmitted, including those that were discarded or not sent."
switch,ML540M-IP-MIB,ml540mIpStatisticsInterfacesLinkInBytes,1.3.6.1.4.1.5468.100.102.1.5.2.1.1.4,column,counter64,,count,SMI type counter64,read-only,no,no,ipStatisticsInterfacesLinkInBytes,"Number of octets received on the interface, including framing characters."
switch,ML540M-IP-MIB,ml540mIpStatisticsInterfacesLinkOutBytes,1.3.6.1.4.1.5468.100.102.1.5.2.1.1.5,column,counter64,,count,SMI type counter64,read-only,no,no,ipStatisticsInterfacesLinkOutBytes,"Number of octets transmitted out of the interface, including framing characters."
switch,ML540M-IP-MIB,ml540mIpStatisticsInterfacesLinkInMulticasts,1.3.6.1.4.1.5468.100.102.1.5.2.1.1.6,column,counter64,,count,SMI type counter64,read-only,no,no,ipStatisticsInterfacesLinkInMulticasts,"Number of packets delivered by MAC layer to IP layer that were addressed to a MAC multicast address. For a MAC layer protocol, this includes both Grou"
switch,ML540M-IP-MIB,ml540mIpStatisticsInterfacesLinkOutMulticasts,1.3.6.1.4.1.5468.100.102.1.5.2.1.1.7,column,counter64,,count,SMI type counter64,read-only,no,no,ipStatisticsInterfacesLinkOutMulticasts,"Number of packets addressed to a multicast MAC address that IP protocols requested be transmitted, including those that were discarded or not sent. Fo"
switch,ML540M-IP-MIB,ml540mIpStatisticsInterfacesLinkInBroadcasts,1.3.6.1.4.1.5468.100.102.1.5.2.1.1.8,column,counter64,,count,SMI type counter64,read-only,no,no,ipStatisticsInterfacesLinkInBroadcasts,Number of packets delivered by MAC layer to IP layer that were addressed to a MAC broadcast address.
switch,ML540M-IP-MIB,ml540mIpStatisticsInterfacesLinkOutBroadcasts,1.3.6.1.4.1.5468.100.102.1.5.2.1.1.9,column,counter64,,count,SMI type counter64,read-only,no,no,ipStatisticsInterfacesLinkOutBroadcasts,"Number of packets addressed to a broadcast MAC address that IP protocols requested be transmitted, including those that were discarded or not sent."
switch,ML540M-IP-MIB,ml540mIpStatisticsInterfacesIpv4IfIndex,1.3.6.1.4.1.5468.100.102.1.5.2.2.1.1,column,textual-convention,VTSSInterfaceIndex,,,not-accessible,no,yes,ipStatisticsInterfacesIpv4IfIndex,Interface index number.
switch,ML540M-IP-MIB,ml540mIpStatisticsInterfacesIpv4InReceives,1.3.6.1.4.1.5468.100.102.1.5.2.2.1.2,column,unsigned32,,,,read-only,no,no,ipStatisticsInterfacesIpv4InReceives,"Number of input IP datagrams received, including those received in error. Discontinuities in the value of this counter may occur at re-initialization"
switch,ML540M-IP-MIB,ml540mIpStatisticsInterfacesIpv4HCInReceives,1.3.6.1.4.1.5468.100.102.1.5.2.2.1.3,column,counter64,,count,SMI type counter64,read-only,no,no,ipStatisticsInterfacesIpv4HCInReceives,"Number of input IP datagrams received, including those received in error. This object counts the same datagrams as InReceives, but allows for larger v"
switch,ML540M-IP-MIB,ml540mIpStatisticsInterfacesIpv4InOctets,1.3.6.1.4.1.5468.100.102.1.5.2.2.1.4,column,unsigned32,,octets,description text,read-only,no,no,ipStatisticsInterfacesIpv4InOctets,"Number of octets received in input IP datagrams, including those received in error. Octets from datagrams counted in InReceives must be counted here."
switch,ML540M-IP-MIB,ml540mIpStatisticsInterfacesIpv4HCInOctets,1.3.6.1.4.1.5468.100.102.1.5.2.2.1.5,column,counter64,,count,SMI type counter64,read-only,no,no,ipStatisticsInterfacesIpv4HCInOctets,"Number of octets received in input IP datagrams, including those received in error. This object counts the same octets as InOctets, but allows for a l"
switch,ML540M-IP-MIB,ml540mIpStatisticsInterfacesIpv4InHdrErrors,1.3.6.1.4.1.5468.100.102.1.5.2.2.1.6,column,unsigned32,,,,read-only,no,no,ipStatisticsInterfacesIpv4InHdrErrors,"Number of input IP datagrams discarded due to errors in their IP headers, including version number mismatch, other format errors, hop count exceeded,"
switch,ML540M-IP-MIB,ml540mIpStatisticsInterfacesIpv4InNoRoutes,1.3.6.1.4.1.5468.100.102.1.5.2.2.1.7,column,unsigned32,,,,read-only,no,no,ipStatisticsInterfacesIpv4InNoRoutes,Number of input IP datagrams discarded because no route could be found to transmit them to their destination. Discontinuities in the value of this cou
switch,ML540M-IP-MIB,ml540mIpStatisticsInterfacesIpv4InAddrErrors,1.3.6.1.4.1.5468.100.102.1.5.2.2.1.8,column,unsigned32,,,,read-only,no,no,ipStatisticsInterfacesIpv4InAddrErrors,Number of input IP datagrams discarded because the IP address in their IP header's destination field was not a valid address to be received at this en
switch,ML540M-IP-MIB,ml540mIpStatisticsInterfacesIpv4InUnknownProtos,1.3.6.1.4.1.5468.100.102.1.5.2.2.1.9,column,unsigned32,,,,read-only,no,no,ipStatisticsInterfacesIpv4InUnknownProtos,Number of locally-addressed IP datagrams received successfully but discarded because of an unknown or unsupported protocol. When tracking interface st
switch,ML540M-IP-MIB,ml540mIpStatisticsInterfacesIpv4InTruncatedPkts,1.3.6.1.4.1.5468.100.102.1.5.2.2.1.10,column,unsigned32,,frames,description text,read-only,no,no,ipStatisticsInterfacesIpv4InTruncatedPkts,Number of input IP datagrams discarded because the datagram frame didn't carry enough data. Discontinuities in the value of this counter may occur at
switch,ML540M-IP-MIB,ml540mIpStatisticsInterfacesIpv4InForwDatagrams,1.3.6.1.4.1.5468.100.102.1.5.2.2.1.11,column,unsigned32,,,,read-only,no,no,ipStatisticsInterfacesIpv4InForwDatagrams,Number of input datagrams for which this entity was not their final IP destination and for which this entity attempted to find a route to forward them
switch,ML540M-IP-MIB,ml540mIpStatisticsInterfacesIpv4HCInForwDatagrams,1.3.6.1.4.1.5468.100.102.1.5.2.2.1.12,column,counter64,,count,SMI type counter64,read-only,no,no,ipStatisticsInterfacesIpv4HCInForwDatagrams,Number of input datagrams for which this entity was not their final IP destination and for which this entity attempted to find a route to forward them
switch,ML540M-IP-MIB,ml540mIpStatisticsInterfacesIpv4ReasmReqds,1.3.6.1.4.1.5468.100.102.1.5.2.2.1.13,column,unsigned32,,,,read-only,no,no,ipStatisticsInterfacesIpv4ReasmReqds,"Number of IP fragments received that needed to be reassembled at this interface. When tracking interface statistics, the counter of the interface to w"
switch,ML540M-IP-MIB,ml540mIpStatisticsInterfacesIpv4ReasmOKs,1.3.6.1.4.1.5468.100.102.1.5.2.2.1.14,column,unsigned32,,,,read-only,no,no,ipStatisticsInterfacesIpv4ReasmOKs,"Number of IP datagrams successfully reassembled. When tracking interface statistics, the counter of the interface to which these datagrams were addres"
switch,ML540M-IP-MIB,ml540mIpStatisticsInterfacesIpv4ReasmFails,1.3.6.1.4.1.5468.100.102.1.5.2.2.1.15,column,unsigned32,,,,read-only,no,no,ipStatisticsInterfacesIpv4ReasmFails,Number of failures detected by the IP re-assembly algorithm. Note: this is not necessarily a count of discarded IP fragments because some algorithms (
switch,ML540M-IP-MIB,ml540mIpStatisticsInterfacesIpv4InDiscards,1.3.6.1.4.1.5468.100.102.1.5.2.2.1.16,column,unsigned32,,,,read-only,no,no,ipStatisticsInterfacesIpv4InDiscards,"Number of input IP datagrams for which no problems were encountered to prevent their continued processing, but were discarded. Note: this counter does"
switch,ML540M-IP-MIB,ml540mIpStatisticsInterfacesIpv4InDelivers,1.3.6.1.4.1.5468.100.102.1.5.2.2.1.17,column,unsigned32,,,,read-only,no,no,ipStatisticsInterfacesIpv4InDelivers,"Number of datagrams successfully delivered to IP user-protocols (including ICMP). When tracking interface statistics, the counter of the interface to"
switch,ML540M-IP-MIB,ml540mIpStatisticsInterfacesIpv4HCInDelivers,1.3.6.1.4.1.5468.100.102.1.5.2.2.1.18,column,counter64,,count,SMI type counter64,read-only,no,no,ipStatisticsInterfacesIpv4HCInDelivers,"Number of datagrams successfully delivered to IP user-protocols (including ICMP). This object counts the same packets as ipSystemStatsInDelivers, but"
switch,ML540M-IP-MIB,ml540mIpStatisticsInterfacesIpv4OutRequests,1.3.6.1.4.1.5468.100.102.1.5.2.2.1.19,column,unsigned32,,,,read-only,no,no,ipStatisticsInterfacesIpv4OutRequests,Number of IP datagrams that local IP user-protocols (including ICMP) supplied to IP in requests for transmission. Note: this counter does not include
switch,ML540M-IP-MIB,ml540mIpStatisticsInterfacesIpv4HCOutRequests,1.3.6.1.4.1.5468.100.102.1.5.2.2.1.20,column,counter64,,count,SMI type counter64,read-only,no,no,ipStatisticsInterfacesIpv4HCOutRequests,Number of IP datagrams that local IP user-protocols (including ICMP) supplied to IP in requests for transmission. This object counts the same packets
switch,ML540M-IP-MIB,ml540mIpStatisticsInterfacesIpv4OutNoRoutes,1.3.6.1.4.1.5468.100.102.1.5.2.2.1.21,column,unsigned32,,,,read-only,no,no,ipStatisticsInterfacesIpv4OutNoRoutes,Number of locally generated IP datagrams discarded because no route could be found to transmit them to their destination. Discontinuities in the value
switch,ML540M-IP-MIB,ml540mIpStatisticsInterfacesIpv4OutForwDatagrams,1.3.6.1.4.1.5468.100.102.1.5.2.2.1.22,column,unsigned32,,,,read-only,no,no,ipStatisticsInterfacesIpv4OutForwDatagrams,Number of datagrams for which this entity was not their final IP destination and for which it was successful in finding a path to their final destinat
switch,ML540M-IP-MIB,ml540mIpStatisticsInterfacesIpv4HCOutForwDatagrams,1.3.6.1.4.1.5468.100.102.1.5.2.2.1.23,column,counter64,,count,SMI type counter64,read-only,no,no,ipStatisticsInterfacesIpv4HCOutForwDatagrams,Number of datagrams for which this entity was not their final IP destination and for which it was successful in finding a path to their final destinat
switch,ML540M-IP-MIB,ml540mIpStatisticsInterfacesIpv4OutDiscards,1.3.6.1.4.1.5468.100.102.1.5.2.2.1.24,column,unsigned32,,,,read-only,no,no,ipStatisticsInterfacesIpv4OutDiscards,"Number of output IP datagrams for which no problem was encountered to prevent their transmission to their destination, but were discarded. Note: this"
switch,ML540M-IP-MIB,ml540mIpStatisticsInterfacesIpv4OutFragReqds,1.3.6.1.4.1.5468.100.102.1.5.2.2.1.25,column,unsigned32,,,,read-only,no,no,ipStatisticsInterfacesIpv4OutFragReqds,"Number of IP datagrams that require fragmentation in order to be transmitted. When tracking interface statistics, the counter of the outgoing interfac"
switch,ML540M-IP-MIB,ml540mIpStatisticsInterfacesIpv4OutFragOKs,1.3.6.1.4.1.5468.100.102.1.5.2.2.1.26,column,unsigned32,,,,read-only,no,no,ipStatisticsInterfacesIpv4OutFragOKs,"Number of IP datagrams that have been successfully fragmented. When tracking interface statistics, the counter of the outgoing interface is incremente"
switch,ML540M-IP-MIB,ml540mIpStatisticsInterfacesIpv4OutFragFails,1.3.6.1.4.1.5468.100.102.1.5.2.2.1.27,column,unsigned32,,packets,description text,read-only,no,no,ipStatisticsInterfacesIpv4OutFragFails,Number of IP datagrams that have been discarded because they needed to be fragmented but could not be. This includes IPv4 packets that have the DF bit
switch,ML540M-IP-MIB,ml540mIpStatisticsInterfacesIpv4OutFragCreates,1.3.6.1.4.1.5468.100.102.1.5.2.2.1.28,column,unsigned32,,,,read-only,no,no,ipStatisticsInterfacesIpv4OutFragCreates,"Number of output datagram fragments that have been generated as a result of IP fragmentation. When tracking interface statistics, the counter of the o"
switch,ML540M-IP-MIB,ml540mIpStatisticsInterfacesIpv4OutTransmits,1.3.6.1.4.1.5468.100.102.1.5.2.2.1.29,column,unsigned32,,,,read-only,no,no,ipStatisticsInterfacesIpv4OutTransmits,Number of IP datagrams that this entity supplied to the lower layers for transmission. This includes datagrams generated locally and those forwarded b
switch,ML540M-IP-MIB,ml540mIpStatisticsInterfacesIpv4HCOutTransmits,1.3.6.1.4.1.5468.100.102.1.5.2.2.1.30,column,counter64,,count,SMI type counter64,read-only,no,no,ipStatisticsInterfacesIpv4HCOutTransmits,"Number of IP datagrams that this entity supplied to the lower layers for transmission. This object counts the same datagrams as OutTransmits, but allo"
switch,ML540M-IP-MIB,ml540mIpStatisticsInterfacesIpv4OutOctets,1.3.6.1.4.1.5468.100.102.1.5.2.2.1.31,column,unsigned32,,octets,description text,read-only,no,no,ipStatisticsInterfacesIpv4OutOctets,Number of octets in IP datagrams delivered to the lower layers for transmission. Octets from datagrams counted in OutTransmits must be counted here. D
switch,ML540M-IP-MIB,ml540mIpStatisticsInterfacesIpv4HCOutOctets,1.3.6.1.4.1.5468.100.102.1.5.2.2.1.32,column,counter64,,count,SMI type counter64,read-only,no,no,ipStatisticsInterfacesIpv4HCOutOctets,"Number of octets in IP datagrams delivered to the lower layers for transmission. This objects counts the same octets as OutOctets, but allows for larg"
switch,ML540M-IP-MIB,ml540mIpStatisticsInterfacesIpv4InMcastPkts,1.3.6.1.4.1.5468.100.102.1.5.2.2.1.33,column,unsigned32,,,,read-only,no,no,ipStatisticsInterfacesIpv4InMcastPkts,"Number of IP multicast datagrams received. Discontinuities in the value of this counter may occur at re-initialization of the system, and at other tim"
switch,ML540M-IP-MIB,ml540mIpStatisticsInterfacesIpv4HCInMcastPkts,1.3.6.1.4.1.5468.100.102.1.5.2.2.1.34,column,counter64,,count,SMI type counter64,read-only,no,no,ipStatisticsInterfacesIpv4HCInMcastPkts,Number of IP multicast datagrams received. This object counts the same datagrams as InMcastPkts but allows for larger values. Discontinuities in the v
switch,ML540M-IP-MIB,ml540mIpStatisticsInterfacesIpv4InMcastOctets,1.3.6.1.4.1.5468.100.102.1.5.2.2.1.35,column,unsigned32,,octets,description text,read-only,no,no,ipStatisticsInterfacesIpv4InMcastOctets,Number of octets received in IP multicast datagrams. Octets from datagrams counted in InMcastPkts MUST be counted here. Discontinuities in the value o
switch,ML540M-IP-MIB,ml540mIpStatisticsInterfacesIpv4HCInMcastOctets,1.3.6.1.4.1.5468.100.102.1.5.2.2.1.36,column,counter64,,count,SMI type counter64,read-only,no,no,ipStatisticsInterfacesIpv4HCInMcastOctets,"Number of octets received in IP multicast datagrams. This object counts the same octets as InMcastOctets, but allows for larger values. Discontinuitie"
switch,ML540M-IP-MIB,ml540mIpStatisticsInterfacesIpv4OutMcastPkts,1.3.6.1.4.1.5468.100.102.1.5.2.2.1.37,column,unsigned32,,,,read-only,no,no,ipStatisticsInterfacesIpv4OutMcastPkts,"Number of IP multicast datagrams transmitted. Discontinuities in the value of this counter may occur at re-initialization of the system, and at other"
switch,ML540M-IP-MIB,ml540mIpStatisticsInterfacesIpv4HCOutMcastPkts,1.3.6.1.4.1.5468.100.102.1.5.2.2.1.38,column,counter64,,count,SMI type counter64,read-only,no,no,ipStatisticsInterfacesIpv4HCOutMcastPkts,"Number of IP multicast datagrams transmitted. This object counts the same datagrams as OutMcastPkts, but allows for larger values. Discontinuities in"
switch,ML540M-IP-MIB,ml540mIpStatisticsInterfacesIpv4OutMcastOctets,1.3.6.1.4.1.5468.100.102.1.5.2.2.1.39,column,unsigned32,,octets,description text,read-only,no,no,ipStatisticsInterfacesIpv4OutMcastOctets,Number of octets transmitted in IP multicast datagrams. Octets from datagrams counted in OutMcastPkts must be counted here. Discontinuities in the val
switch,ML540M-IP-MIB,ml540mIpStatisticsInterfacesIpv4HCOutMcastOctets,1.3.6.1.4.1.5468.100.102.1.5.2.2.1.40,column,counter64,,count,SMI type counter64,read-only,no,no,ipStatisticsInterfacesIpv4HCOutMcastOctets,"Number of octets transmitted in IP multicast datagrams. This object counts the same octets as OutMcastOctets, but allows for larger values. Discontinu"
switch,ML540M-IP-MIB,ml540mIpStatisticsInterfacesIpv4InBcastPkts,1.3.6.1.4.1.5468.100.102.1.5.2.2.1.41,column,unsigned32,,,,read-only,no,no,ipStatisticsInterfacesIpv4InBcastPkts,"Number of IP broadcast datagrams received. Discontinuities in the value of this counter may occur at re-initialization of the system, and at other tim"
switch,ML540M-IP-MIB,ml540mIpStatisticsInterfacesIpv4HCInBcastPkts,1.3.6.1.4.1.5468.100.102.1.5.2.2.1.42,column,counter64,,count,SMI type counter64,read-only,no,no,ipStatisticsInterfacesIpv4HCInBcastPkts,Number of IP broadcast datagrams received. This object counts the same datagrams as InBcastPkts but allows for larger values. Discontinuities in the v
switch,ML540M-IP-MIB,ml540mIpStatisticsInterfacesIpv4OutBcastPkts,1.3.6.1.4.1.5468.100.102.1.5.2.2.1.43,column,unsigned32,,,,read-only,no,no,ipStatisticsInterfacesIpv4OutBcastPkts,"Number of IP broadcast datagrams transmitted. Discontinuities in the value of this counter may occur at re-initialization of the system, and at other"
switch,ML540M-IP-MIB,ml540mIpStatisticsInterfacesIpv4HCOutBcastPkts,1.3.6.1.4.1.5468.100.102.1.5.2.2.1.44,column,counter64,,count,SMI type counter64,read-only,no,no,ipStatisticsInterfacesIpv4HCOutBcastPkts,"Number of IP broadcast datagrams transmitted. This object counts the same datagrams as OutBcastPkts, but allows for larger values. Discontinuities in"
switch,ML540M-IP-MIB,ml540mIpStatisticsInterfacesIpv4DiscontinuityTime,1.3.6.1.4.1.5468.100.102.1.5.2.2.1.45,column,counter64,,count,SMI type counter64,read-only,no,no,ipStatisticsInterfacesIpv4DiscontinuityTime,Value of sysUpTime on the most recent occasion when any one or more of this entry's counters suffered a discontinuity. If no such discontinuities have
switch,ML540M-IP-MIB,ml540mIpStatisticsInterfacesIpv4RefreshRate,1.3.6.1.4.1.5468.100.102.1.5.2.2.1.46,column,unsigned32,,,,read-only,no,no,ipStatisticsInterfacesIpv4RefreshRate,The minimum reasonable polling interval for this entry. This object provides an indication of the minimum amount of time required to update the counte
switch,ML540M-IP-MIB,ml540mIpStatisticsInterfacesIpv6IfIndex,1.3.6.1.4.1.5468.100.102.1.5.2.3.1.1,column,textual-convention,VTSSInterfaceIndex,,,not-accessible,no,yes,ipStatisticsInterfacesIpv6IfIndex,Interface index number.
switch,ML540M-IP-MIB,ml540mIpStatisticsInterfacesIpv6InReceives,1.3.6.1.4.1.5468.100.102.1.5.2.3.1.2,column,unsigned32,,,,read-only,no,no,ipStatisticsInterfacesIpv6InReceives,"Number of input IP datagrams received, including those received in error. Discontinuities in the value of this counter may occur at re-initialization"
switch,ML540M-IP-MIB,ml540mIpStatisticsInterfacesIpv6HCInReceives,1.3.6.1.4.1.5468.100.102.1.5.2.3.1.3,column,counter64,,count,SMI type counter64,read-only,no,no,ipStatisticsInterfacesIpv6HCInReceives,"Number of input IP datagrams received, including those received in error. This object counts the same datagrams as InReceives, but allows for larger v"
switch,ML540M-IP-MIB,ml540mIpStatisticsInterfacesIpv6InOctets,1.3.6.1.4.1.5468.100.102.1.5.2.3.1.4,column,unsigned32,,octets,description text,read-only,no,no,ipStatisticsInterfacesIpv6InOctets,"Number of octets received in input IP datagrams, including those received in error. Octets from datagrams counted in InReceives must be counted here."
switch,ML540M-IP-MIB,ml540mIpStatisticsInterfacesIpv6HCInOctets,1.3.6.1.4.1.5468.100.102.1.5.2.3.1.5,column,counter64,,count,SMI type counter64,read-only,no,no,ipStatisticsInterfacesIpv6HCInOctets,"Number of octets received in input IP datagrams, including those received in error. This object counts the same octets as InOctets, but allows for a l"
switch,ML540M-IP-MIB,ml540mIpStatisticsInterfacesIpv6InHdrErrors,1.3.6.1.4.1.5468.100.102.1.5.2.3.1.6,column,unsigned32,,,,read-only,no,no,ipStatisticsInterfacesIpv6InHdrErrors,"Number of input IP datagrams discarded due to errors in their IP headers, including version number mismatch, other format errors, hop count exceeded,"
switch,ML540M-IP-MIB,ml540mIpStatisticsInterfacesIpv6InNoRoutes,1.3.6.1.4.1.5468.100.102.1.5.2.3.1.7,column,unsigned32,,,,read-only,no,no,ipStatisticsInterfacesIpv6InNoRoutes,Number of input IP datagrams discarded because no route could be found to transmit them to their destination. Discontinuities in the value of this cou
switch,ML540M-IP-MIB,ml540mIpStatisticsInterfacesIpv6InAddrErrors,1.3.6.1.4.1.5468.100.102.1.5.2.3.1.8,column,unsigned32,,,,read-only,no,no,ipStatisticsInterfacesIpv6InAddrErrors,Number of input IP datagrams discarded because the IP address in their IP header's destination field was not a valid address to be received at this en
switch,ML540M-IP-MIB,ml540mIpStatisticsInterfacesIpv6InUnknownProtos,1.3.6.1.4.1.5468.100.102.1.5.2.3.1.9,column,unsigned32,,,,read-only,no,no,ipStatisticsInterfacesIpv6InUnknownProtos,Number of locally-addressed IP datagrams received successfully but discarded because of an unknown or unsupported protocol. When tracking interface st
switch,ML540M-IP-MIB,ml540mIpStatisticsInterfacesIpv6InTruncatedPkts,1.3.6.1.4.1.5468.100.102.1.5.2.3.1.10,column,unsigned32,,frames,description text,read-only,no,no,ipStatisticsInterfacesIpv6InTruncatedPkts,Number of input IP datagrams discarded because the datagram frame didn't carry enough data. Discontinuities in the value of this counter may occur at
switch,ML540M-IP-MIB,ml540mIpStatisticsInterfacesIpv6InForwDatagrams,1.3.6.1.4.1.5468.100.102.1.5.2.3.1.11,column,unsigned32,,,,read-only,no,no,ipStatisticsInterfacesIpv6InForwDatagrams,Number of input datagrams for which this entity was not their final IP destination and for which this entity attempted to find a route to forward them
switch,ML540M-IP-MIB,ml540mIpStatisticsInterfacesIpv6HCInForwDatagrams,1.3.6.1.4.1.5468.100.102.1.5.2.3.1.12,column,counter64,,count,SMI type counter64,read-only,no,no,ipStatisticsInterfacesIpv6HCInForwDatagrams,Number of input datagrams for which this entity was not their final IP destination and for which this entity attempted to find a route to forward them
switch,ML540M-IP-MIB,ml540mIpStatisticsInterfacesIpv6ReasmReqds,1.3.6.1.4.1.5468.100.102.1.5.2.3.1.13,column,unsigned32,,,,read-only,no,no,ipStatisticsInterfacesIpv6ReasmReqds,"Number of IP fragments received that needed to be reassembled at this interface. When tracking interface statistics, the counter of the interface to w"
switch,ML540M-IP-MIB,ml540mIpStatisticsInterfacesIpv6ReasmOKs,1.3.6.1.4.1.5468.100.102.1.5.2.3.1.14,column,unsigned32,,,,read-only,no,no,ipStatisticsInterfacesIpv6ReasmOKs,"Number of IP datagrams successfully reassembled. When tracking interface statistics, the counter of the interface to which these datagrams were addres"
switch,ML540M-IP-MIB,ml540mIpStatisticsInterfacesIpv6ReasmFails,1.3.6.1.4.1.5468.100.102.1.5.2.3.1.15,column,unsigned32,,,,read-only,no,no,ipStatisticsInterfacesIpv6ReasmFails,Number of failures detected by the IP re-assembly algorithm. Note: this is not necessarily a count of discarded IP fragments because some algorithms (
switch,ML540M-IP-MIB,ml540mIpStatisticsInterfacesIpv6InDiscards,1.3.6.1.4.1.5468.100.102.1.5.2.3.1.16,column,unsigned32,,,,read-only,no,no,ipStatisticsInterfacesIpv6InDiscards,"Number of input IP datagrams for which no problems were encountered to prevent their continued processing, but were discarded. Note: this counter does"
switch,ML540M-IP-MIB,ml540mIpStatisticsInterfacesIpv6InDelivers,1.3.6.1.4.1.5468.100.102.1.5.2.3.1.17,column,unsigned32,,,,read-only,no,no,ipStatisticsInterfacesIpv6InDelivers,"Number of datagrams successfully delivered to IP user-protocols (including ICMP). When tracking interface statistics, the counter of the interface to"
switch,ML540M-IP-MIB,ml540mIpStatisticsInterfacesIpv6HCInDelivers,1.3.6.1.4.1.5468.100.102.1.5.2.3.1.18,column,counter64,,count,SMI type counter64,read-only,no,no,ipStatisticsInterfacesIpv6HCInDelivers,"Number of datagrams successfully delivered to IP user-protocols (including ICMP). This object counts the same packets as ipSystemStatsInDelivers, but"
switch,ML540M-IP-MIB,ml540mIpStatisticsInterfacesIpv6OutRequests,1.3.6.1.4.1.5468.100.102.1.5.2.3.1.19,column,unsigned32,,,,read-only,no,no,ipStatisticsInterfacesIpv6OutRequests,Number of IP datagrams that local IP user-protocols (including ICMP) supplied to IP in requests for transmission. Note: this counter does not include
switch,ML540M-IP-MIB,ml540mIpStatisticsInterfacesIpv6HCOutRequests,1.3.6.1.4.1.5468.100.102.1.5.2.3.1.20,column,counter64,,count,SMI type counter64,read-only,no,no,ipStatisticsInterfacesIpv6HCOutRequests,Number of IP datagrams that local IP user-protocols (including ICMP) supplied to IP in requests for transmission. This object counts the same packets
switch,ML540M-IP-MIB,ml540mIpStatisticsInterfacesIpv6OutNoRoutes,1.3.6.1.4.1.5468.100.102.1.5.2.3.1.21,column,unsigned32,,,,read-only,no,no,ipStatisticsInterfacesIpv6OutNoRoutes,Number of locally generated IP datagrams discarded because no route could be found to transmit them to their destination. Discontinuities in the value
switch,ML540M-IP-MIB,ml540mIpStatisticsInterfacesIpv6OutForwDatagrams,1.3.6.1.4.1.5468.100.102.1.5.2.3.1.22,column,unsigned32,,,,read-only,no,no,ipStatisticsInterfacesIpv6OutForwDatagrams,Number of datagrams for which this entity was not their final IP destination and for which it was successful in finding a path to their final destinat
switch,ML540M-IP-MIB,ml540mIpStatisticsInterfacesIpv6HCOutForwDatagrams,1.3.6.1.4.1.5468.100.102.1.5.2.3.1.23,column,counter64,,count,SMI type counter64,read-only,no,no,ipStatisticsInterfacesIpv6HCOutForwDatagrams,Number of datagrams for which this entity was not their final IP destination and for which it was successful in finding a path to their final destinat
switch,ML540M-IP-MIB,ml540mIpStatisticsInterfacesIpv6OutDiscards,1.3.6.1.4.1.5468.100.102.1.5.2.3.1.24,column,unsigned32,,,,read-only,no,no,ipStatisticsInterfacesIpv6OutDiscards,"Number of output IP datagrams for which no problem was encountered to prevent their transmission to their destination, but were discarded. Note: this"
switch,ML540M-IP-MIB,ml540mIpStatisticsInterfacesIpv6OutFragReqds,1.3.6.1.4.1.5468.100.102.1.5.2.3.1.25,column,unsigned32,,,,read-only,no,no,ipStatisticsInterfacesIpv6OutFragReqds,"Number of IP datagrams that require fragmentation in order to be transmitted. When tracking interface statistics, the counter of the outgoing interfac"
switch,ML540M-IP-MIB,ml540mIpStatisticsInterfacesIpv6OutFragOKs,1.3.6.1.4.1.5468.100.102.1.5.2.3.1.26,column,unsigned32,,,,read-only,no,no,ipStatisticsInterfacesIpv6OutFragOKs,"Number of IP datagrams that have been successfully fragmented. When tracking interface statistics, the counter of the outgoing interface is incremente"
switch,ML540M-IP-MIB,ml540mIpStatisticsInterfacesIpv6OutFragFails,1.3.6.1.4.1.5468.100.102.1.5.2.3.1.27,column,unsigned32,,packets,description text,read-only,no,no,ipStatisticsInterfacesIpv6OutFragFails,Number of IP datagrams that have been discarded because they needed to be fragmented but could not be. This includes IPv4 packets that have the DF bit
switch,ML540M-IP-MIB,ml540mIpStatisticsInterfacesIpv6OutFragCreates,1.3.6.1.4.1.5468.100.102.1.5.2.3.1.28,column,unsigned32,,,,read-only,no,no,ipStatisticsInterfacesIpv6OutFragCreates,"Number of output datagram fragments that have been generated as a result of IP fragmentation. When tracking interface statistics, the counter of the o"
switch,ML540M-IP-MIB,ml540mIpStatisticsInterfacesIpv6OutTransmits,1.3.6.1.4.1.5468.100.102.1.5.2.3.1.29,column,unsigned32,,,,read-only,no,no,ipStatisticsInterfacesIpv6OutTransmits,Number of IP datagrams that this entity supplied to the lower layers for transmission. This includes datagrams generated locally and those forwarded b
switch,ML540M-IP-MIB,ml540mIpStatisticsInterfacesIpv6HCOutTransmits,1.3.6.1.4.1.5468.100.102.1.5.2.3.1.30,column,counter64,,count,SMI type counter64,read-only,no,no,ipStatisticsInterfacesIpv6HCOutTransmits,"Number of IP datagrams that this entity supplied to the lower layers for transmission. This object counts the same datagrams as OutTransmits, but allo"
switch,ML540M-IP-MIB,ml540mIpStatisticsInterfacesIpv6OutOctets,1.3.6.1.4.1.5468.100.102.1.5.2.3.1.31,column,unsigned32,,octets,description text,read-only,no,no,ipStatisticsInterfacesIpv6OutOctets,Number of octets in IP datagrams delivered to the lower layers for transmission. Octets from datagrams counted in OutTransmits must be counted here. D
switch,ML540M-IP-MIB,ml540mIpStatisticsInterfacesIpv6HCOutOctets,1.3.6.1.4.1.5468.100.102.1.5.2.3.1.32,column,counter64,,count,SMI type counter64,read-only,no,no,ipStatisticsInterfacesIpv6HCOutOctets,"Number of octets in IP datagrams delivered to the lower layers for transmission. This objects counts the same octets as OutOctets, but allows for larg"
switch,ML540M-IP-MIB,ml540mIpStatisticsInterfacesIpv6InMcastPkts,1.3.6.1.4.1.5468.100.102.1.5.2.3.1.33,column,unsigned32,,,,read-only,no,no,ipStatisticsInterfacesIpv6InMcastPkts,"Number of IP multicast datagrams received. Discontinuities in the value of this counter may occur at re-initialization of the system, and at other tim"
switch,ML540M-IP-MIB,ml540mIpStatisticsInterfacesIpv6HCInMcastPkts,1.3.6.1.4.1.5468.100.102.1.5.2.3.1.34,column,counter64,,count,SMI type counter64,read-only,no,no,ipStatisticsInterfacesIpv6HCInMcastPkts,Number of IP multicast datagrams received. This object counts the same datagrams as InMcastPkts but allows for larger values. Discontinuities in the v
switch,ML540M-IP-MIB,ml540mIpStatisticsInterfacesIpv6InMcastOctets,1.3.6.1.4.1.5468.100.102.1.5.2.3.1.35,column,unsigned32,,octets,description text,read-only,no,no,ipStatisticsInterfacesIpv6InMcastOctets,Number of octets received in IP multicast datagrams. Octets from datagrams counted in InMcastPkts MUST be counted here. Discontinuities in the value o
switch,ML540M-IP-MIB,ml540mIpStatisticsInterfacesIpv6HCInMcastOctets,1.3.6.1.4.1.5468.100.102.1.5.2.3.1.36,column,counter64,,count,SMI type counter64,read-only,no,no,ipStatisticsInterfacesIpv6HCInMcastOctets,"Number of octets received in IP multicast datagrams. This object counts the same octets as InMcastOctets, but allows for larger values. Discontinuitie"
switch,ML540M-IP-MIB,ml540mIpStatisticsInterfacesIpv6OutMcastPkts,1.3.6.1.4.1.5468.100.102.1.5.2.3.1.37,column,unsigned32,,,,read-only,no,no,ipStatisticsInterfacesIpv6OutMcastPkts,"Number of IP multicast datagrams transmitted. Discontinuities in the value of this counter may occur at re-initialization of the system, and at other"
switch,ML540M-IP-MIB,ml540mIpStatisticsInterfacesIpv6HCOutMcastPkts,1.3.6.1.4.1.5468.100.102.1.5.2.3.1.38,column,counter64,,count,SMI type counter64,read-only,no,no,ipStatisticsInterfacesIpv6HCOutMcastPkts,"Number of IP multicast datagrams transmitted. This object counts the same datagrams as OutMcastPkts, but allows for larger values. Discontinuities in"
switch,ML540M-IP-MIB,ml540mIpStatisticsInterfacesIpv6OutMcastOctets,1.3.6.1.4.1.5468.100.102.1.5.2.3.1.39,column,unsigned32,,octets,description text,read-only,no,no,ipStatisticsInterfacesIpv6OutMcastOctets,Number of octets transmitted in IP multicast datagrams. Octets from datagrams counted in OutMcastPkts must be counted here. Discontinuities in the val
switch,ML540M-IP-MIB,ml540mIpStatisticsInterfacesIpv6HCOutMcastOctets,1.3.6.1.4.1.5468.100.102.1.5.2.3.1.40,column,counter64,,count,SMI type counter64,read-only,no,no,ipStatisticsInterfacesIpv6HCOutMcastOctets,"Number of octets transmitted in IP multicast datagrams. This object counts the same octets as OutMcastOctets, but allows for larger values. Discontinu"
switch,ML540M-IP-MIB,ml540mIpStatisticsInterfacesIpv6InBcastPkts,1.3.6.1.4.1.5468.100.102.1.5.2.3.1.41,column,unsigned32,,,,read-only,no,no,ipStatisticsInterfacesIpv6InBcastPkts,"Number of IP broadcast datagrams received. Discontinuities in the value of this counter may occur at re-initialization of the system, and at other tim"
switch,ML540M-IP-MIB,ml540mIpStatisticsInterfacesIpv6HCInBcastPkts,1.3.6.1.4.1.5468.100.102.1.5.2.3.1.42,column,counter64,,count,SMI type counter64,read-only,no,no,ipStatisticsInterfacesIpv6HCInBcastPkts,Number of IP broadcast datagrams received. This object counts the same datagrams as InBcastPkts but allows for larger values. Discontinuities in the v
switch,ML540M-IP-MIB,ml540mIpStatisticsInterfacesIpv6OutBcastPkts,1.3.6.1.4.1.5468.100.102.1.5.2.3.1.43,column,unsigned32,,,,read-only,no,no,ipStatisticsInterfacesIpv6OutBcastPkts,"Number of IP broadcast datagrams transmitted. Discontinuities in the value of this counter may occur at re-initialization of the system, and at other"
switch,ML540M-IP-MIB,ml540mIpStatisticsInterfacesIpv6HCOutBcastPkts,1.3.6.1.4.1.5468.100.102.1.5.2.3.1.44,column,counter64,,count,SMI type counter64,read-only,no,no,ipStatisticsInterfacesIpv6HCOutBcastPkts,"Number of IP broadcast datagrams transmitted. This object counts the same datagrams as OutBcastPkts, but allows for larger values. Discontinuities in"
switch,ML540M-IP-MIB,ml540mIpStatisticsInterfacesIpv6DiscontinuityTime,1.3.6.1.4.1.5468.100.102.1.5.2.3.1.45,column,counter64,,count,SMI type counter64,read-only,no,no,ipStatisticsInterfacesIpv6DiscontinuityTime,Value of sysUpTime on the most recent occasion when any one or more of this entry's counters suffered a discontinuity. If no such discontinuities have
switch,ML540M-IP-MIB,ml540mIpStatisticsInterfacesIpv6RefreshRate,1.3.6.1.4.1.5468.100.102.1.5.2.3.1.46,column,unsigned32,,,,read-only,no,no,ipStatisticsInterfacesIpv6RefreshRate,The minimum reasonable polling interval for this entry. This object provides an indication of the minimum amount of time required to update the counte
switch,ML540M-GVRP-MIB,ml540mGvrpConfigGlobalGlobalEnable,1.3.6.1.4.1.5468.100.89.1.2.1.1,scalar,boolean,TruthValue,,,read-write,yes,no,gvrpConfigGlobalGlobalEnable,Global enabling of GVRP protocol.
switch,ML540M-GVRP-MIB,ml540mGvrpConfigGlobalJoinTimer,1.3.6.1.4.1.5468.100.89.1.2.1.2,scalar,integer,,seconds,description text,read-write,yes,no,gvrpConfigGlobalJoinTimer,"Join-time protocol parameter. Range [1,20] centi seconds."
switch,ML540M-GVRP-MIB,ml540mGvrpConfigGlobalLeaveTimer,1.3.6.1.4.1.5468.100.89.1.2.1.3,scalar,integer,,seconds,description text,read-write,yes,no,gvrpConfigGlobalLeaveTimer,"Leave-time protocol parameter. Range [60,300] centi seconds."
switch,ML540M-GVRP-MIB,ml540mGvrpConfigGlobalLeaveAllTimer,1.3.6.1.4.1.5468.100.89.1.2.1.4,scalar,integer,,seconds,description text,read-write,yes,no,gvrpConfigGlobalLeaveAllTimer,"Leave-all-time protocol parameter. Range [1000,5000] centi seconds."
switch,ML540M-GVRP-MIB,ml540mGvrpConfigGlobalMaxVlans,1.3.6.1.4.1.5468.100.89.1.2.1.5,scalar,integer,,,,read-write,yes,no,gvrpConfigGlobalMaxVlans,"Maximum of VLANs simultaniously supported by GVRP. Range [1,4094]. Setting this attribute will fail, if GVRP is globally enabled *and* the new value i"
switch,ML540M-GVRP-MIB,ml540mGvrpConfigPortPortId,1.3.6.1.4.1.5468.100.89.1.2.2.1.1,column,integer,,,,not-accessible,no,yes,gvrpConfigPortPortId,-
switch,ML540M-GVRP-MIB,ml540mGvrpConfigPortPortEnable,1.3.6.1.4.1.5468.100.89.1.2.2.1.2,column,boolean,TruthValue,,,read-write,yes,no,gvrpConfigPortPortEnable,The GVRP enable state of port.
switch,ML540M-QOS-MIB,ml540mQosCapabilitiesClassMin,1.3.6.1.4.1.5468.100.14.1.1.1,scalar,unsigned32,,,,read-only,no,no,qosCapabilitiesClassMin,Minimum allowed QoS class.
switch,ML540M-QOS-MIB,ml540mQosCapabilitiesClassMax,1.3.6.1.4.1.5468.100.14.1.1.2,scalar,unsigned32,,,,read-only,no,no,qosCapabilitiesClassMax,Maximum allowed QoS class.
switch,ML540M-QOS-MIB,ml540mQosCapabilitiesDplMin,1.3.6.1.4.1.5468.100.14.1.1.3,scalar,textual-convention,VTSSUnsigned8,,,read-only,no,no,qosCapabilitiesDplMin,Minimum allowed drop precedence level.
switch,ML540M-QOS-MIB,ml540mQosCapabilitiesDplMax,1.3.6.1.4.1.5468.100.14.1.1.4,scalar,textual-convention,VTSSUnsigned8,,,read-only,no,no,qosCapabilitiesDplMax,Maximum allowed drop precedence level.
switch,ML540M-QOS-MIB,ml540mQosCapabilitiesWredGroupMin,1.3.6.1.4.1.5468.100.14.1.1.5,scalar,unsigned32,,,,read-only,no,no,qosCapabilitiesWredGroupMin,Minimum allowed WRED group number.
switch,ML540M-QOS-MIB,ml540mQosCapabilitiesWredGroupMax,1.3.6.1.4.1.5468.100.14.1.1.6,scalar,unsigned32,,,,read-only,no,no,qosCapabilitiesWredGroupMax,Maximum allowed WRED group number.
switch,ML540M-QOS-MIB,ml540mQosCapabilitiesWredDplMin,1.3.6.1.4.1.5468.100.14.1.1.7,scalar,textual-convention,VTSSUnsigned8,,,read-only,no,no,qosCapabilitiesWredDplMin,Minimum allowed WRED drop precedence level.
switch,ML540M-QOS-MIB,ml540mQosCapabilitiesWredDplMax,1.3.6.1.4.1.5468.100.14.1.1.8,scalar,textual-convention,VTSSUnsigned8,,,read-only,no,no,qosCapabilitiesWredDplMax,Maximum allowed WRED drop precedence level.
switch,ML540M-QOS-MIB,ml540mQosCapabilitiesQceIdMin,1.3.6.1.4.1.5468.100.14.1.1.9,scalar,unsigned32,,,,read-only,no,no,qosCapabilitiesQceIdMin,Minimum allowed QCE Id.
switch,ML540M-QOS-MIB,ml540mQosCapabilitiesQceIdMax,1.3.6.1.4.1.5468.100.14.1.1.10,scalar,unsigned32,,,,read-only,no,no,qosCapabilitiesQceIdMax,Maximum allowed QCE Id.
switch,ML540M-QOS-MIB,ml540mQosCapabilitiesPortPolicerBitRateMin,1.3.6.1.4.1.5468.100.14.1.1.11,scalar,unsigned32,,kbps,description text,read-only,no,no,qosCapabilitiesPortPolicerBitRateMin,Minimum supported bit rate in kbps for port policers using bit rate mode.
switch,ML540M-QOS-MIB,ml540mQosCapabilitiesPortPolicerBitRateMax,1.3.6.1.4.1.5468.100.14.1.1.12,scalar,unsigned32,,kbps,description text,read-only,no,no,qosCapabilitiesPortPolicerBitRateMax,"Maximum supported bit rate in kbps for port policers using bit rate mode. If zero, the port policers does not support bit rate mode."
switch,ML540M-QOS-MIB,ml540mQosCapabilitiesPortPolicerBitBurstMin,1.3.6.1.4.1.5468.100.14.1.1.13,scalar,unsigned32,,bytes,description text,read-only,no,no,qosCapabilitiesPortPolicerBitBurstMin,Minimum supported burst size in bytes for port policers using bit rate mode.
switch,ML540M-QOS-MIB,ml540mQosCapabilitiesPortPolicerBitBurstMax,1.3.6.1.4.1.5468.100.14.1.1.14,scalar,unsigned32,,bytes,description text,read-only,no,no,qosCapabilitiesPortPolicerBitBurstMax,Maximum supported burst size in bytes for port policers using bit rate mode.
switch,ML540M-QOS-MIB,ml540mQosCapabilitiesPortPolicerFrameRateMin,1.3.6.1.4.1.5468.100.14.1.1.15,scalar,unsigned32,,frames,description text,read-only,no,no,qosCapabilitiesPortPolicerFrameRateMin,Minimum supported frame rate in fps for port policers using frame rate mode.
switch,ML540M-QOS-MIB,ml540mQosCapabilitiesPortPolicerFrameRateMax,1.3.6.1.4.1.5468.100.14.1.1.16,scalar,unsigned32,,frames,description text,read-only,no,no,qosCapabilitiesPortPolicerFrameRateMax,"Maximum supported frame rate in fps for port policers using frame rate mode. If zero, the port policers does not support frame rate mode."
switch,ML540M-QOS-MIB,ml540mQosCapabilitiesPortPolicerFrameBurstMin,1.3.6.1.4.1.5468.100.14.1.1.17,scalar,unsigned32,,frames,description text,read-only,no,no,qosCapabilitiesPortPolicerFrameBurstMin,Minimum supported burst size in frames for port policers using frame rate mode.
switch,ML540M-QOS-MIB,ml540mQosCapabilitiesPortPolicerFrameBurstMax,1.3.6.1.4.1.5468.100.14.1.1.18,scalar,unsigned32,,frames,description text,read-only,no,no,qosCapabilitiesPortPolicerFrameBurstMax,Maximum supported burst size in frames for port policers using frame rate mode.
switch,ML540M-QOS-MIB,ml540mQosCapabilitiesQueuePolicerBitRateMin,1.3.6.1.4.1.5468.100.14.1.1.19,scalar,unsigned32,,kbps,description text,read-only,no,no,qosCapabilitiesQueuePolicerBitRateMin,Minimum supported bit rate in kbps for queue policers using bit rate mode.
switch,ML540M-QOS-MIB,ml540mQosCapabilitiesQueuePolicerBitRateMax,1.3.6.1.4.1.5468.100.14.1.1.20,scalar,unsigned32,,kbps,description text,read-only,no,no,qosCapabilitiesQueuePolicerBitRateMax,"Maximum supported bit rate in kbps for queue policers using bit rate mode. If zero, the queue policers does not support bit rate mode."
switch,ML540M-QOS-MIB,ml540mQosCapabilitiesQueuePolicerBitBurstMin,1.3.6.1.4.1.5468.100.14.1.1.21,scalar,unsigned32,,bytes,description text,read-only,no,no,qosCapabilitiesQueuePolicerBitBurstMin,Minimum supported burst size in bytes for queue policers using bit rate mode.
switch,ML540M-QOS-MIB,ml540mQosCapabilitiesQueuePolicerBitBurstMax,1.3.6.1.4.1.5468.100.14.1.1.22,scalar,unsigned32,,bytes,description text,read-only,no,no,qosCapabilitiesQueuePolicerBitBurstMax,Maximum supported burst size in bytes for queue policers using bit rate mode.
switch,ML540M-QOS-MIB,ml540mQosCapabilitiesQueuePolicerFrameRateMin,1.3.6.1.4.1.5468.100.14.1.1.23,scalar,unsigned32,,frames,description text,read-only,no,no,qosCapabilitiesQueuePolicerFrameRateMin,Minimum supported frame rate in fps for queue policers using frame rate mode.
switch,ML540M-QOS-MIB,ml540mQosCapabilitiesQueuePolicerFrameRateMax,1.3.6.1.4.1.5468.100.14.1.1.24,scalar,unsigned32,,frames,description text,read-only,no,no,qosCapabilitiesQueuePolicerFrameRateMax,"Maximum supported frame rate in fps for queue policers using frame rate mode. If zero, the port policers does not support frame rate mode."
switch,ML540M-QOS-MIB,ml540mQosCapabilitiesQueuePolicerFrameBurstMin,1.3.6.1.4.1.5468.100.14.1.1.25,scalar,unsigned32,,frames,description text,read-only,no,no,qosCapabilitiesQueuePolicerFrameBurstMin,Minimum supported burst size in frames for queue policers using frame rate mode.
switch,ML540M-QOS-MIB,ml540mQosCapabilitiesQueuePolicerFrameBurstMax,1.3.6.1.4.1.5468.100.14.1.1.26,scalar,unsigned32,,frames,description text,read-only,no,no,qosCapabilitiesQueuePolicerFrameBurstMax,Maximum supported burst size in frames for queue policers using frame rate mode.
switch,ML540M-QOS-MIB,ml540mQosCapabilitiesPortShaperBitRateMin,1.3.6.1.4.1.5468.100.14.1.1.27,scalar,unsigned32,,kbps,description text,read-only,no,no,qosCapabilitiesPortShaperBitRateMin,Minimum supported bit rate in kbps for port shapers using bit rate mode.
switch,ML540M-QOS-MIB,ml540mQosCapabilitiesPortShaperBitRateMax,1.3.6.1.4.1.5468.100.14.1.1.28,scalar,unsigned32,,kbps,description text,read-only,no,no,qosCapabilitiesPortShaperBitRateMax,"Maximum supported bit rate in kbps for port shapers using bit rate mode. If zero, the port shapers does not support bit rate mode."
switch,ML540M-QOS-MIB,ml540mQosCapabilitiesPortShaperBitBurstMin,1.3.6.1.4.1.5468.100.14.1.1.29,scalar,unsigned32,,bytes,description text,read-only,no,no,qosCapabilitiesPortShaperBitBurstMin,Minimum supported burst size in bytes for port shapers using bit rate mode.
switch,ML540M-QOS-MIB,ml540mQosCapabilitiesPortShaperBitBurstMax,1.3.6.1.4.1.5468.100.14.1.1.30,scalar,unsigned32,,bytes,description text,read-only,no,no,qosCapabilitiesPortShaperBitBurstMax,Maximum supported burst size in bytes for port shapers using bit rate mode.
switch,ML540M-QOS-MIB,ml540mQosCapabilitiesPortShaperFrameRateMin,1.3.6.1.4.1.5468.100.14.1.1.31,scalar,unsigned32,,frames,description text,read-only,no,no,qosCapabilitiesPortShaperFrameRateMin,Minimum supported frame rate in fps for port shapers using frame rate mode.
switch,ML540M-QOS-MIB,ml540mQosCapabilitiesPortShaperFrameRateMax,1.3.6.1.4.1.5468.100.14.1.1.32,scalar,unsigned32,,frames,description text,read-only,no,no,qosCapabilitiesPortShaperFrameRateMax,"Maximum supported frame rate in fps for port shapers using frame rate mode. If zero, the port shapers does not support frame rate mode."
switch,ML540M-QOS-MIB,ml540mQosCapabilitiesPortShaperFrameBurstMin,1.3.6.1.4.1.5468.100.14.1.1.33,scalar,unsigned32,,frames,description text,read-only,no,no,qosCapabilitiesPortShaperFrameBurstMin,Minimum supported burst size in frames for port shapers using frame rate mode.
switch,ML540M-QOS-MIB,ml540mQosCapabilitiesPortShaperFrameBurstMax,1.3.6.1.4.1.5468.100.14.1.1.34,scalar,unsigned32,,frames,description text,read-only,no,no,qosCapabilitiesPortShaperFrameBurstMax,Maximum supported burst size in frames for port shapers using frame rate mode.
switch,ML540M-QOS-MIB,ml540mQosCapabilitiesQueueShaperBitRateMin,1.3.6.1.4.1.5468.100.14.1.1.35,scalar,unsigned32,,kbps,description text,read-only,no,no,qosCapabilitiesQueueShaperBitRateMin,Minimum supported bit rate in kbps for queue shapers using bit rate mode.
switch,ML540M-QOS-MIB,ml540mQosCapabilitiesQueueShaperBitRateMax,1.3.6.1.4.1.5468.100.14.1.1.36,scalar,unsigned32,,kbps,description text,read-only,no,no,qosCapabilitiesQueueShaperBitRateMax,"Maximum supported bit rate in kbps for queue shapers using bit rate mode. If zero, the queue shapers does not support bit rate mode."
switch,ML540M-QOS-MIB,ml540mQosCapabilitiesQueueShaperBitBurstMin,1.3.6.1.4.1.5468.100.14.1.1.37,scalar,unsigned32,,bytes,description text,read-only,no,no,qosCapabilitiesQueueShaperBitBurstMin,Minimum supported burst size in bytes for queue shapers using bit rate mode.
switch,ML540M-QOS-MIB,ml540mQosCapabilitiesQueueShaperBitBurstMax,1.3.6.1.4.1.5468.100.14.1.1.38,scalar,unsigned32,,bytes,description text,read-only,no,no,qosCapabilitiesQueueShaperBitBurstMax,Maximum supported burst size in bytes for queue shapers using bit rate mode.
switch,ML540M-QOS-MIB,ml540mQosCapabilitiesQueueShaperFrameRateMin,1.3.6.1.4.1.5468.100.14.1.1.39,scalar,unsigned32,,frames,description text,read-only,no,no,qosCapabilitiesQueueShaperFrameRateMin,Minimum supported frame rate in fps for queue shapers using frame rate mode.
switch,ML540M-QOS-MIB,ml540mQosCapabilitiesQueueShaperFrameRateMax,1.3.6.1.4.1.5468.100.14.1.1.40,scalar,unsigned32,,frames,description text,read-only,no,no,qosCapabilitiesQueueShaperFrameRateMax,"Maximum supported frame rate in fps for queue shapers using frame rate mode. If zero, the port shapers does not support frame rate mode."
switch,ML540M-QOS-MIB,ml540mQosCapabilitiesQueueShaperFrameBurstMin,1.3.6.1.4.1.5468.100.14.1.1.41,scalar,unsigned32,,frames,description text,read-only,no,no,qosCapabilitiesQueueShaperFrameBurstMin,Minimum supported burst size in frames for queue shapers using frame rate mode.
switch,ML540M-QOS-MIB,ml540mQosCapabilitiesQueueShaperFrameBurstMax,1.3.6.1.4.1.5468.100.14.1.1.42,scalar,unsigned32,,frames,description text,read-only,no,no,qosCapabilitiesQueueShaperFrameBurstMax,Maximum supported burst size in frames for queue shapers using frame rate mode.
switch,ML540M-QOS-MIB,ml540mQosCapabilitiesGlobalStormBitRateMin,1.3.6.1.4.1.5468.100.14.1.1.43,scalar,unsigned32,,kbps,description text,read-only,no,no,qosCapabilitiesGlobalStormBitRateMin,Minimum supported bit rate in kbps for global storm policers using bit rate mode.
switch,ML540M-QOS-MIB,ml540mQosCapabilitiesGlobalStormBitRateMax,1.3.6.1.4.1.5468.100.14.1.1.44,scalar,unsigned32,,kbps,description text,read-only,no,no,qosCapabilitiesGlobalStormBitRateMax,"Maximum supported bit rate in kbps for global storm policers using bit rate mode. If zero, the global storm policers does not support bit rate mode."
switch,ML540M-QOS-MIB,ml540mQosCapabilitiesGlobalStormBitBurstMin,1.3.6.1.4.1.5468.100.14.1.1.45,scalar,unsigned32,,bytes,description text,read-only,no,no,qosCapabilitiesGlobalStormBitBurstMin,Minimum supported burst size in bytes for global storm policers using bit rate mode.
switch,ML540M-QOS-MIB,ml540mQosCapabilitiesGlobalStormBitBurstMax,1.3.6.1.4.1.5468.100.14.1.1.46,scalar,unsigned32,,bytes,description text,read-only,no,no,qosCapabilitiesGlobalStormBitBurstMax,Maximum supported burst size in bytes for global storm policers using bit rate mode.
switch,ML540M-QOS-MIB,ml540mQosCapabilitiesGlobalStormFrameRateMin,1.3.6.1.4.1.5468.100.14.1.1.47,scalar,unsigned32,,frames,description text,read-only,no,no,qosCapabilitiesGlobalStormFrameRateMin,Minimum supported frame rate in fps for global storm policers using frame rate mode.
switch,ML540M-QOS-MIB,ml540mQosCapabilitiesGlobalStormFrameRateMax,1.3.6.1.4.1.5468.100.14.1.1.48,scalar,unsigned32,,frames,description text,read-only,no,no,qosCapabilitiesGlobalStormFrameRateMax,"Maximum supported frame rate in fps for global storm policers using frame rate mode. If zero, the global storm policers does not support frame rate mo"
switch,ML540M-QOS-MIB,ml540mQosCapabilitiesGlobalStormFrameBurstMin,1.3.6.1.4.1.5468.100.14.1.1.49,scalar,unsigned32,,frames,description text,read-only,no,no,qosCapabilitiesGlobalStormFrameBurstMin,Minimum supported burst size in frames for global storm policers using frame rate mode.
switch,ML540M-QOS-MIB,ml540mQosCapabilitiesGlobalStormFrameBurstMax,1.3.6.1.4.1.5468.100.14.1.1.50,scalar,unsigned32,,frames,description text,read-only,no,no,qosCapabilitiesGlobalStormFrameBurstMax,Maximum supported burst size in frames for global storm policers using frame rate mode.
switch,ML540M-QOS-MIB,ml540mQosCapabilitiesPortStormBitRateMin,1.3.6.1.4.1.5468.100.14.1.1.51,scalar,unsigned32,,kbps,description text,read-only,no,no,qosCapabilitiesPortStormBitRateMin,Minimum supported bit rate in kbps for port storm policers using bit rate mode.
switch,ML540M-QOS-MIB,ml540mQosCapabilitiesPortStormBitRateMax,1.3.6.1.4.1.5468.100.14.1.1.52,scalar,unsigned32,,kbps,description text,read-only,no,no,qosCapabilitiesPortStormBitRateMax,"Maximum supported bit rate in kbps for port storm policers using bit rate mode. If zero, the port storm policers does not support bit rate mode."
switch,ML540M-QOS-MIB,ml540mQosCapabilitiesPortStormBitBurstMin,1.3.6.1.4.1.5468.100.14.1.1.53,scalar,unsigned32,,bytes,description text,read-only,no,no,qosCapabilitiesPortStormBitBurstMin,Minimum supported burst size in bytes for port storm policers using bit rate mode.
switch,ML540M-QOS-MIB,ml540mQosCapabilitiesPortStormBitBurstMax,1.3.6.1.4.1.5468.100.14.1.1.54,scalar,unsigned32,,bytes,description text,read-only,no,no,qosCapabilitiesPortStormBitBurstMax,Maximum supported burst size in bytes for port storm policers using bit rate mode.
switch,ML540M-QOS-MIB,ml540mQosCapabilitiesPortStormFrameRateMin,1.3.6.1.4.1.5468.100.14.1.1.55,scalar,unsigned32,,frames,description text,read-only,no,no,qosCapabilitiesPortStormFrameRateMin,Minimum supported frame rate in fps for port storm policers using frame rate mode.
switch,ML540M-QOS-MIB,ml540mQosCapabilitiesPortStormFrameRateMax,1.3.6.1.4.1.5468.100.14.1.1.56,scalar,unsigned32,,frames,description text,read-only,no,no,qosCapabilitiesPortStormFrameRateMax,"Maximum supported frame rate in fps for port storm policers using frame rate mode. If zero, the port storm policers does not support frame rate mode."
switch,ML540M-QOS-MIB,ml540mQosCapabilitiesPortStormFrameBurstMin,1.3.6.1.4.1.5468.100.14.1.1.57,scalar,unsigned32,,frames,description text,read-only,no,no,qosCapabilitiesPortStormFrameBurstMin,Minimum supported burst size in frames for port storm policers using frame rate mode.
switch,ML540M-QOS-MIB,ml540mQosCapabilitiesPortStormFrameBurstMax,1.3.6.1.4.1.5468.100.14.1.1.58,scalar,unsigned32,,frames,description text,read-only,no,no,qosCapabilitiesPortStormFrameBurstMax,Maximum supported burst size in frames for port storm policers using frame rate mode.
switch,ML540M-QOS-MIB,ml540mQosCapabilitiesDwrrCountMask,1.3.6.1.4.1.5468.100.14.1.1.101,scalar,unsigned32,,,,read-only,no,no,qosCapabilitiesDwrrCountMask,A bitmask used to show allowed values of DwrrCount (zero is always allowed). Example: 00100000 (0x20): Allowed values are 0 and 6 11111110 (0xFE): All
switch,ML540M-QOS-MIB,ml540mQosCapabilitiesHasGlobalStormPolicers,1.3.6.1.4.1.5468.100.14.1.1.201,scalar,boolean,TruthValue,,,read-only,no,no,qosCapabilitiesHasGlobalStormPolicers,"If true, the platform supports global storm policers."
switch,ML540M-QOS-MIB,ml540mQosCapabilitiesHasPortStormPolicers,1.3.6.1.4.1.5468.100.14.1.1.202,scalar,boolean,TruthValue,,,read-only,no,no,qosCapabilitiesHasPortStormPolicers,"If true, the platform supports per port storm policers."
switch,ML540M-QOS-MIB,ml540mQosCapabilitiesHasPortQueuePolicers,1.3.6.1.4.1.5468.100.14.1.1.203,scalar,boolean,TruthValue,,,read-only,no,no,qosCapabilitiesHasPortQueuePolicers,"If true, the platform supports per port queue policers."
switch,ML540M-QOS-MIB,ml540mQosCapabilitiesHasWredV1,1.3.6.1.4.1.5468.100.14.1.1.204,scalar,boolean,TruthValue,,,read-only,no,no,qosCapabilitiesHasWredV1,"If true, the platform supports WRED version 1."
switch,ML540M-QOS-MIB,ml540mQosCapabilitiesHasWredV2,1.3.6.1.4.1.5468.100.14.1.1.205,scalar,boolean,TruthValue,,,read-only,no,no,qosCapabilitiesHasWredV2,"If true, the platform supports WRED version 2."
switch,ML540M-QOS-MIB,ml540mQosCapabilitiesHasFixedTagCosMap,1.3.6.1.4.1.5468.100.14.1.1.206,scalar,boolean,TruthValue,,,read-only,no,no,qosCapabilitiesHasFixedTagCosMap,"If true, the platform supports fixed tag to cos mapping only."
switch,ML540M-QOS-MIB,ml540mQosCapabilitiesHasTagClassification,1.3.6.1.4.1.5468.100.14.1.1.207,scalar,boolean,TruthValue,,,read-only,no,no,qosCapabilitiesHasTagClassification,"If true, the platform supports using VLAN tag for classification."
switch,ML540M-QOS-MIB,ml540mQosCapabilitiesHasTagRemarking,1.3.6.1.4.1.5468.100.14.1.1.208,scalar,boolean,TruthValue,,,read-only,no,no,qosCapabilitiesHasTagRemarking,"If true, the platform supports VLAN tag remarking."
switch,ML540M-QOS-MIB,ml540mQosCapabilitiesHasDscp,1.3.6.1.4.1.5468.100.14.1.1.209,scalar,boolean,TruthValue,,,read-only,no,no,qosCapabilitiesHasDscp,"If true, the platform supports DSCP translation and remarking."
switch,ML540M-QOS-MIB,ml540mQosCapabilitiesHasDscpDplClassification,1.3.6.1.4.1.5468.100.14.1.1.210,scalar,boolean,TruthValue,,,read-only,no,no,qosCapabilitiesHasDscpDplClassification,"If true, the platform supports DPL based DSCP classification."
switch,ML540M-QOS-MIB,ml540mQosCapabilitiesHasDscpDplRemarking,1.3.6.1.4.1.5468.100.14.1.1.211,scalar,boolean,TruthValue,,,read-only,no,no,qosCapabilitiesHasDscpDplRemarking,"If true, the platform supports DPL based DSCP remarking."
switch,ML540M-QOS-MIB,ml540mQosCapabilitiesHasPortPolicersFc,1.3.6.1.4.1.5468.100.14.1.1.212,scalar,boolean,TruthValue,,,read-only,no,no,qosCapabilitiesHasPortPolicersFc,"If true, the platform supports flow control in port policers."
switch,ML540M-QOS-MIB,ml540mQosCapabilitiesHasQueuePolicersFc,1.3.6.1.4.1.5468.100.14.1.1.213,scalar,boolean,TruthValue,,,read-only,no,no,qosCapabilitiesHasQueuePolicersFc,"If true, the platform supports flow control in queue policers."
switch,ML540M-QOS-MIB,ml540mQosCapabilitiesHasPortShapersDlb,1.3.6.1.4.1.5468.100.14.1.1.214,scalar,boolean,TruthValue,,,read-only,no,no,qosCapabilitiesHasPortShapersDlb,"If true, the platform supports dual leaky bucket egress port shapers."
switch,ML540M-QOS-MIB,ml540mQosCapabilitiesHasQueueShapersDlb,1.3.6.1.4.1.5468.100.14.1.1.215,scalar,boolean,TruthValue,,,read-only,no,no,qosCapabilitiesHasQueueShapersDlb,"If true, the platform supports dual leaky bucket egress queue shapers."
switch,ML540M-QOS-MIB,ml540mQosCapabilitiesHasQueueShapersExcess,1.3.6.1.4.1.5468.100.14.1.1.216,scalar,boolean,TruthValue,,,read-only,no,no,qosCapabilitiesHasQueueShapersExcess,"If true, the platform supports excess bandwidth in egress queue shapers."
switch,ML540M-QOS-MIB,ml540mQosCapabilitiesHasWredV3,1.3.6.1.4.1.5468.100.14.1.1.217,scalar,boolean,TruthValue,,,read-only,no,no,qosCapabilitiesHasWredV3,"If true, the platform supports WRED version 3."
switch,ML540M-QOS-MIB,ml540mQosCapabilitiesHasQce,1.3.6.1.4.1.5468.100.14.1.1.301,scalar,boolean,TruthValue,,,read-only,no,no,qosCapabilitiesHasQce,"If true, the platform supports QCEs."
switch,ML540M-QOS-MIB,ml540mQosCapabilitiesHasQceAddressMode,1.3.6.1.4.1.5468.100.14.1.1.302,scalar,boolean,TruthValue,,,read-only,no,no,qosCapabilitiesHasQceAddressMode,"If true, the platform supports QCE address mode."
switch,ML540M-QOS-MIB,ml540mQosCapabilitiesHasQceKeyType,1.3.6.1.4.1.5468.100.14.1.1.303,scalar,boolean,TruthValue,,,read-only,no,no,qosCapabilitiesHasQceKeyType,"If true, the platform supports QCE key type."
switch,ML540M-QOS-MIB,ml540mQosCapabilitiesHasQceMacOui,1.3.6.1.4.1.5468.100.14.1.1.304,scalar,boolean,TruthValue,,,read-only,no,no,qosCapabilitiesHasQceMacOui,"If true, the platform supports QCE MAC OUI part only (24 most significant bits)."
switch,ML540M-QOS-MIB,ml540mQosCapabilitiesHasQceDmac,1.3.6.1.4.1.5468.100.14.1.1.305,scalar,boolean,TruthValue,,,read-only,no,no,qosCapabilitiesHasQceDmac,"If true, the platform supports QCE destination MAC keys."
switch,ML540M-QOS-MIB,ml540mQosCapabilitiesHasQceDip,1.3.6.1.4.1.5468.100.14.1.1.306,scalar,boolean,TruthValue,,,read-only,no,no,qosCapabilitiesHasQceDip,"If true, the platform supports QCE destination IP keys."
switch,ML540M-QOS-MIB,ml540mQosCapabilitiesHasQceCTag,1.3.6.1.4.1.5468.100.14.1.1.307,scalar,boolean,TruthValue,,,read-only,no,no,qosCapabilitiesHasQceCTag,"If true, the platform supports QCE VLAN C-TAG keys."
switch,ML540M-QOS-MIB,ml540mQosCapabilitiesHasQceSTag,1.3.6.1.4.1.5468.100.14.1.1.308,scalar,boolean,TruthValue,,,read-only,no,no,qosCapabilitiesHasQceSTag,"If true, the platform supports QCE VLAN S-TAG keys."
switch,ML540M-QOS-MIB,ml540mQosCapabilitiesHasQceInnerTag,1.3.6.1.4.1.5468.100.14.1.1.309,scalar,boolean,TruthValue,,,read-only,no,no,qosCapabilitiesHasQceInnerTag,"If true, the platform supports QCE inner VLAN tag keys."
switch,ML540M-QOS-MIB,ml540mQosCapabilitiesHasQceActionPcpDei,1.3.6.1.4.1.5468.100.14.1.1.310,scalar,boolean,TruthValue,,,read-only,no,no,qosCapabilitiesHasQceActionPcpDei,"If true, the platform supports QCE PCP and DEI actions."
switch,ML540M-QOS-MIB,ml540mQosCapabilitiesHasQceActionPolicy,1.3.6.1.4.1.5468.100.14.1.1.311,scalar,boolean,TruthValue,,,read-only,no,no,qosCapabilitiesHasQceActionPolicy,"If true, the platform supports QCE policy actions."
switch,ML540M-QOS-MIB,ml540mQosCapabilitiesHasShapersRt,1.3.6.1.4.1.5468.100.14.1.1.312,scalar,boolean,TruthValue,,,read-only,no,no,qosCapabilitiesHasShapersRt,"If true, the platform supports rate-type configurable egress shapers."
switch,ML540M-QOS-MIB,ml540mQosConfigGlobalsStormPolicersUnicastEnable,1.3.6.1.4.1.5468.100.14.1.2.1.1.1.1,scalar,boolean,TruthValue,,,read-write,yes,no,qosConfigGlobalsStormPolicersUnicastEnable,"If true, the storm policer is enabled. This object is only valid if QosCapabilitiesHasGlobalStormPolicers is true."
switch,ML540M-QOS-MIB,ml540mQosConfigGlobalsStormPolicersUnicastRate,1.3.6.1.4.1.5468.100.14.1.2.1.1.1.2,scalar,unsigned32,,,,read-write,yes,no,qosConfigGlobalsStormPolicersUnicastRate,Configure the storm policer rate. Valid range is from the smallest value of QosCapabilitiesGlobalStormBitRateMin and QosCapabilitiesGlobalStormFrameRa
switch,ML540M-QOS-MIB,ml540mQosConfigGlobalsStormPolicersUnicastFrameRate,1.3.6.1.4.1.5468.100.14.1.2.1.1.1.3,scalar,boolean,TruthValue,kbps,description text,read-write,yes,no,qosConfigGlobalsStormPolicersUnicastFrameRate,"If true, the rate is measured in fps instead of kbps. fps (FrameRate == TRUE) is only valid if QosCapabilitiesGlobalStormFrameRateMax is non-zero. kbp"
switch,ML540M-QOS-MIB,ml540mQosConfigGlobalsStormPolicersMulticastEnable,1.3.6.1.4.1.5468.100.14.1.2.1.1.2.1,scalar,boolean,TruthValue,,,read-write,yes,no,qosConfigGlobalsStormPolicersMulticastEnable,"If true, the storm policer is enabled. This object is only valid if QosCapabilitiesHasGlobalStormPolicers is true."
switch,ML540M-QOS-MIB,ml540mQosConfigGlobalsStormPolicersMulticastRate,1.3.6.1.4.1.5468.100.14.1.2.1.1.2.2,scalar,unsigned32,,,,read-write,yes,no,qosConfigGlobalsStormPolicersMulticastRate,Configure the storm policer rate. Valid range is from the smallest value of QosCapabilitiesGlobalStormBitRateMin and QosCapabilitiesGlobalStormFrameRa
switch,ML540M-QOS-MIB,ml540mQosConfigGlobalsStormPolicersMulticastFrameRate,1.3.6.1.4.1.5468.100.14.1.2.1.1.2.3,scalar,boolean,TruthValue,kbps,description text,read-write,yes,no,qosConfigGlobalsStormPolicersMulticastFrameRate,"If true, the rate is measured in fps instead of kbps. fps (FrameRate == TRUE) is only valid if QosCapabilitiesGlobalStormFrameRateMax is non-zero. kbp"
switch,ML540M-QOS-MIB,ml540mQosConfigGlobalsStormPolicersBroadcastEnable,1.3.6.1.4.1.5468.100.14.1.2.1.1.3.1,scalar,boolean,TruthValue,,,read-write,yes,no,qosConfigGlobalsStormPolicersBroadcastEnable,"If true, the storm policer is enabled. This object is only valid if QosCapabilitiesHasGlobalStormPolicers is true."
switch,ML540M-QOS-MIB,ml540mQosConfigGlobalsStormPolicersBroadcastRate,1.3.6.1.4.1.5468.100.14.1.2.1.1.3.2,scalar,unsigned32,,,,read-write,yes,no,qosConfigGlobalsStormPolicersBroadcastRate,Configure the storm policer rate. Valid range is from the smallest value of QosCapabilitiesGlobalStormBitRateMin and QosCapabilitiesGlobalStormFrameRa
switch,ML540M-QOS-MIB,ml540mQosConfigGlobalsStormPolicersBroadcastFrameRate,1.3.6.1.4.1.5468.100.14.1.2.1.1.3.3,scalar,boolean,TruthValue,kbps,description text,read-write,yes,no,qosConfigGlobalsStormPolicersBroadcastFrameRate,"If true, the rate is measured in fps instead of kbps. fps (FrameRate == TRUE) is only valid if QosCapabilitiesGlobalStormFrameRateMax is non-zero. kbp"
switch,ML540M-QOS-MIB,ml540mQosConfigGlobalsWredGroup,1.3.6.1.4.1.5468.100.14.1.2.1.2.1.1,column,integer,,,,not-accessible,no,yes,qosConfigGlobalsWredGroup,WRED group index.
switch,ML540M-QOS-MIB,ml540mQosConfigGlobalsWredQueue,1.3.6.1.4.1.5468.100.14.1.2.1.2.1.2,column,integer,,,,not-accessible,no,yes,qosConfigGlobalsWredQueue,Queue index.
switch,ML540M-QOS-MIB,ml540mQosConfigGlobalsWredDpl,1.3.6.1.4.1.5468.100.14.1.2.1.2.1.3,column,integer,,,,not-accessible,no,yes,qosConfigGlobalsWredDpl,DPL index.
switch,ML540M-QOS-MIB,ml540mQosConfigGlobalsWredEnable,1.3.6.1.4.1.5468.100.14.1.2.1.2.1.4,column,boolean,TruthValue,,,read-write,yes,no,qosConfigGlobalsWredEnable,"If true, RED is enabled for this queue."
switch,ML540M-QOS-MIB,ml540mQosConfigGlobalsWredMinimumFillLevel,1.3.6.1.4.1.5468.100.14.1.2.1.2.1.5,column,textual-convention,VTSSPercent,percent,textual convention VTSSPercent,read-write,yes,no,qosConfigGlobalsWredMinimumFillLevel,"Controls the lower RED fill level threshold in percent of the whole queue. If the queue filling level is below this threshold, the drop probability is"
switch,ML540M-QOS-MIB,ml540mQosConfigGlobalsWredMaximum,1.3.6.1.4.1.5468.100.14.1.2.1.2.1.6,column,textual-convention,VTSSPercent,percent,textual convention VTSSPercent,read-write,yes,no,qosConfigGlobalsWredMaximum,Controls the upper RED drop probability or fill level threshold for frames marked with Drop Precedence Level 1 (yellow frames). Valid range is 1-100.
switch,ML540M-QOS-MIB,ml540mQosConfigGlobalsWredMaxSelector,1.3.6.1.4.1.5468.100.14.1.2.1.2.1.7,column,textual-convention,VTSSQosWredMaxSelector,,,read-write,yes,no,qosConfigGlobalsWredMaxSelector,Selects whether 'Maximum' controls 'Maximum Drop Probability' or 'Maximum Fill Level'. This object is only valid if QosCapabilitiesHasWredV2 or QosCap
switch,ML540M-QOS-MIB,ml540mQosConfigGlobalsWredMaximumDp1,1.3.6.1.4.1.5468.100.14.1.2.1.2.1.8,column,textual-convention,VTSSPercent,percent,textual convention VTSSPercent,read-write,yes,no,qosConfigGlobalsWredMaximumDp1,Controls the upper RED drop probability for frames marked with Drop Precedence Level 1 (yellow frames). Valid range is 0-100. This object is only vali
switch,ML540M-QOS-MIB,ml540mQosConfigGlobalsWredMaximumDp2,1.3.6.1.4.1.5468.100.14.1.2.1.2.1.9,column,textual-convention,VTSSPercent,percent,textual convention VTSSPercent,read-write,yes,no,qosConfigGlobalsWredMaximumDp2,Controls the upper RED drop probability for frames marked with Drop Precedence Level 2 (yellow frames). Valid range is 0-100. This object is only vali
switch,ML540M-QOS-MIB,ml540mQosConfigGlobalsWredMaximumDp3,1.3.6.1.4.1.5468.100.14.1.2.1.2.1.10,column,textual-convention,VTSSPercent,percent,textual convention VTSSPercent,read-write,yes,no,qosConfigGlobalsWredMaximumDp3,Controls the upper RED drop probability for frames marked with Drop Precedence Level 3 (yellow frames). Valid range is 0-100. This object is only vali
switch,ML540M-QOS-MIB,ml540mQosConfigGlobalsDscpDscp,1.3.6.1.4.1.5468.100.14.1.2.1.3.1.1,column,textual-convention,Dscp,,,not-accessible,no,yes,qosConfigGlobalsDscpDscp,DSCP index.
switch,ML540M-QOS-MIB,ml540mQosConfigGlobalsDscpTrust,1.3.6.1.4.1.5468.100.14.1.2.1.3.1.2,column,boolean,TruthValue,packets,description text,read-write,yes,no,qosConfigGlobalsDscpTrust,"If true, this DSCP value is trusted. Packets arriving on interfaces where 'TrustDscp' is enabled will be classified to the corresponding CoS and DPL i"
switch,ML540M-QOS-MIB,ml540mQosConfigGlobalsDscpCos,1.3.6.1.4.1.5468.100.14.1.2.1.3.1.3,column,unsigned32,,,,read-write,yes,no,qosConfigGlobalsDscpCos,The CoS value which the DSCP value maps to. Valid range is qosCapabilitiesClassMin-qosCapabilitiesClassMax.
switch,ML540M-QOS-MIB,ml540mQosConfigGlobalsDscpDpl,1.3.6.1.4.1.5468.100.14.1.2.1.3.1.4,column,textual-convention,VTSSUnsigned8,,,read-write,yes,no,qosConfigGlobalsDscpDpl,The DPL (Drop Precedence Level) which the DSCP value maps to. Valid range is qosCapabilitiesDplMin-qosCapabilitiesDplMax.
switch,ML540M-QOS-MIB,ml540mQosConfigGlobalsDscpIngressTranslation,1.3.6.1.4.1.5468.100.14.1.2.1.3.1.5,column,textual-convention,Dscp,,,read-write,yes,no,qosConfigGlobalsDscpIngressTranslation,The new classified DSCP value which the original DSCP value is replaced with if 'DscpTranslate' is enabled on the interface
switch,ML540M-QOS-MIB,ml540mQosConfigGlobalsDscpClassify,1.3.6.1.4.1.5468.100.14.1.2.1.3.1.6,column,boolean,TruthValue,packets,description text,read-write,yes,no,qosConfigGlobalsDscpClassify,"If true, then packets received on interfaces where 'DscpClassify' is set to 'selected' will be classified to a new DSCP value based on the values conf"
switch,ML540M-QOS-MIB,ml540mQosConfigGlobalsDscpEgressTranslation,1.3.6.1.4.1.5468.100.14.1.2.1.3.1.7,column,textual-convention,Dscp,packets,description text,read-write,yes,no,qosConfigGlobalsDscpEgressTranslation,The new DSCP value that will be written into the packet at egress if 'DscpRemark' on the interface is set to 'remap' or 'remap-dp'. If 'remap-dp' is s
switch,ML540M-QOS-MIB,ml540mQosConfigGlobalsDscpEgressTranslationDp1,1.3.6.1.4.1.5468.100.14.1.2.1.3.1.8,column,textual-convention,Dscp,packets,description text,read-write,yes,no,qosConfigGlobalsDscpEgressTranslationDp1,The new DSCP value that will be written into the packet at egress if 'DscpRemark' on the interface is set to 'remap-dp'. Only packets classified to Dp
switch,ML540M-QOS-MIB,ml540mQosConfigGlobalsCosToDscpCos,1.3.6.1.4.1.5468.100.14.1.2.1.4.1.1,column,integer,,,,not-accessible,no,yes,qosConfigGlobalsCosToDscpCos,CoS index.
switch,ML540M-QOS-MIB,ml540mQosConfigGlobalsCosToDscpDscp,1.3.6.1.4.1.5468.100.14.1.2.1.4.1.2,column,textual-convention,Dscp,,,read-write,yes,no,qosConfigGlobalsCosToDscpDscp,If qosCapabilitiesHasDscpDplClassification is true: This is the DSCP value which the classified CoS value maps to when the classified DPL is 0. If qos
switch,ML540M-QOS-MIB,ml540mQosConfigGlobalsCosToDscpDscpDp1,1.3.6.1.4.1.5468.100.14.1.2.1.4.1.3,column,textual-convention,Dscp,,,read-write,yes,no,qosConfigGlobalsCosToDscpDscpDp1,The DSCP value which the classified CoS value maps to when the classified DPL is 1. This object is only valid if QosCapabilitiesHasDscpDplClassificati
switch,ML540M-QOS-MIB,ml540mQosConfigGlobalsCosToDscpDscpDp2,1.3.6.1.4.1.5468.100.14.1.2.1.4.1.4,column,textual-convention,Dscp,,,read-write,yes,no,qosConfigGlobalsCosToDscpDscpDp2,The DSCP value which the classified CoS value maps to when the classified DPL is 2. This object is only valid if QosCapabilitiesHasDscpDplClassificati
switch,ML540M-QOS-MIB,ml540mQosConfigGlobalsCosToDscpDscpDp3,1.3.6.1.4.1.5468.100.14.1.2.1.4.1.5,column,textual-convention,Dscp,,,read-write,yes,no,qosConfigGlobalsCosToDscpDscpDp3,The DSCP value which the classified CoS value maps to when the classified DPL is 3. This object is only valid if QosCapabilitiesHasDscpDplClassificati
switch,ML540M-QOS-MIB,ml540mQosConfigInterfaceIfIndex,1.3.6.1.4.1.5468.100.14.1.2.2.1.1.1,column,textual-convention,VTSSInterfaceIndex,,,not-accessible,no,yes,qosConfigInterfaceIfIndex,Logical interface index.
switch,ML540M-QOS-MIB,ml540mQosConfigInterfaceCos,1.3.6.1.4.1.5468.100.14.1.2.2.1.1.2,column,unsigned32,,packets,description text,read-write,yes,no,qosConfigInterfaceCos,The default CoS value a packet is classified to. Valid range is qosCapabilitiesClassMin-qosCapabilitiesClassMax.
switch,ML540M-QOS-MIB,ml540mQosConfigInterfaceDpl,1.3.6.1.4.1.5468.100.14.1.2.2.1.1.3,column,textual-convention,VTSSUnsigned8,packets,description text,read-write,yes,no,qosConfigInterfaceDpl,The default DPL (Drop Precedence Level) a packet is classified to. Valid range is qosCapabilitiesDplMin-qosCapabilitiesDplMax.
switch,ML540M-QOS-MIB,ml540mQosConfigInterfacePcp,1.3.6.1.4.1.5468.100.14.1.2.2.1.1.4,column,unsigned32,,packets,description text,read-write,yes,no,qosConfigInterfacePcp,The default PCP value a packet is classified to. Valid range is 0-7. This object is only valid if QosCapabilitiesHasFixedTagCosMap is false.
switch,ML540M-QOS-MIB,ml540mQosConfigInterfaceDei,1.3.6.1.4.1.5468.100.14.1.2.2.1.1.5,column,textual-convention,VTSSUnsigned8,packets,description text,read-write,yes,no,qosConfigInterfaceDei,The default DEI value a packet is classified to. Valid range is 0-1. This object is only valid if QosCapabilitiesHasFixedTagCosMap is false.
switch,ML540M-QOS-MIB,ml540mQosConfigInterfaceTrustTag,1.3.6.1.4.1.5468.100.14.1.2.2.1.1.6,column,boolean,TruthValue,packets,description text,read-write,yes,no,qosConfigInterfaceTrustTag,"If true and the packet is VLAN tagged, then the CoS and DPL assigned to the packet is the PCP and DEI value in the packet mapped to a CoS and DPL valu"
switch,ML540M-QOS-MIB,ml540mQosConfigInterfaceTrustDscp,1.3.6.1.4.1.5468.100.14.1.2.2.1.1.7,column,boolean,TruthValue,packets,description text,read-write,yes,no,qosConfigInterfaceTrustDscp,"If true and the packet type is IPv4 or IPv6 and the packet DSCP value is trusted in qosConfigGlobalsDscpTable, then the CoS and DPL assigned to the pa"
switch,ML540M-QOS-MIB,ml540mQosConfigInterfaceDwrrCount,1.3.6.1.4.1.5468.100.14.1.2.2.1.1.8,column,textual-convention,VTSSUnsigned8,,,read-write,yes,no,qosConfigInterfaceDwrrCount,The number of queues that are running Deficit Weighted Round Robin scheduling. This value is restricted to 0 or one of the values defined by qosCapabi
switch,ML540M-QOS-MIB,ml540mQosConfigInterfaceTagRemarkingMode,1.3.6.1.4.1.5468.100.14.1.2.2.1.1.9,column,textual-convention,VTSSQosTagRemarkingMode,,,read-write,yes,no,qosConfigInterfaceTagRemarkingMode,Selects the tag remarking mode for egress. Valid values are: 'classified' : Remark the tag with the classified values of PCP and DEI. 'default' : Rema
switch,ML540M-QOS-MIB,ml540mQosConfigInterfaceTagPcp,1.3.6.1.4.1.5468.100.14.1.2.2.1.1.10,column,unsigned32,,packets,description text,read-write,yes,no,qosConfigInterfaceTagPcp,The PCP value to put in the packet if TagRemarkingMode is set to 'default'. Valid range is 0-7. This object is only valid if QosCapabilitiesHasTagRema
switch,ML540M-QOS-MIB,ml540mQosConfigInterfaceTagDei,1.3.6.1.4.1.5468.100.14.1.2.2.1.1.11,column,textual-convention,VTSSUnsigned8,packets,description text,read-write,yes,no,qosConfigInterfaceTagDei,The DEI value to put in the packet if TagRemarkingMode is set to 'default'. Valid range is 0-1. This object is only valid if QosCapabilitiesHasTagRema
switch,ML540M-QOS-MIB,ml540mQosConfigInterfaceDscpTranslate,1.3.6.1.4.1.5468.100.14.1.2.2.1.1.12,column,boolean,TruthValue,,,read-write,yes,no,qosConfigInterfaceDscpTranslate,If true then the classified DSCP value is the DSCP value in the packed mapped to a new DSCP value defined in qosConfigGlobalsDscpTable.IngressTranslat
switch,ML540M-QOS-MIB,ml540mQosConfigInterfaceDscpClassify,1.3.6.1.4.1.5468.100.14.1.2.2.1.1.13,column,textual-convention,VTSSQosDscpClassify,,,read-write,yes,no,qosConfigInterfaceDscpClassify,If qosCapabilitiesHasDscpDplClassification is true: Selects if and how the classified DSCP is based on the classified CoS and DPL for IPv4 and IPv6 pa
switch,ML540M-QOS-MIB,ml540mQosConfigInterfaceDscpRemark,1.3.6.1.4.1.5468.100.14.1.2.2.1.1.14,column,textual-convention,VTSSQosDscpRemark,packets,description text,read-write,yes,no,qosConfigInterfaceDscpRemark,If qosCapabilitiesHasDscpDplRemarking is true: Selects if and how the classified DSCP is written into the packet at egress. Valid values are: 'disable
switch,ML540M-QOS-MIB,ml540mQosConfigInterfaceQceAddressMode,1.3.6.1.4.1.5468.100.14.1.2.2.1.1.15,column,boolean,TruthValue,,,read-write,yes,no,qosConfigInterfaceQceAddressMode,"If false, the QCE classification for this interface is based on source (SMAC/SIP) addresses. If true, the QCE classification for this interface is bas"
switch,ML540M-QOS-MIB,ml540mQosConfigInterfaceQceKeyType,1.3.6.1.4.1.5468.100.14.1.2.2.1.1.16,column,textual-convention,VTSSVcapKeyType,packets,description text,read-write,yes,no,qosConfigInterfaceQceKeyType,"The key type specifying the key generated for packets received on the interface. Valid values are: 'normal' : Half key, match outer tag, SIP and SMAC."
switch,ML540M-QOS-MIB,ml540mQosConfigInterfaceWredGroup,1.3.6.1.4.1.5468.100.14.1.2.2.1.1.17,column,unsigned32,,,,read-write,yes,no,qosConfigInterfaceWredGroup,The WRED group an interface is a member of. This object is only valid if QosCapabilitiesHasWredV3 is true.
switch,ML540M-QOS-MIB,ml540mQosConfigInterfaceTagToCosIfIndex,1.3.6.1.4.1.5468.100.14.1.2.2.2.1.1,column,textual-convention,VTSSInterfaceIndex,,,not-accessible,no,yes,qosConfigInterfaceTagToCosIfIndex,Logical interface index.
switch,ML540M-QOS-MIB,ml540mQosConfigInterfaceTagToCosPcp,1.3.6.1.4.1.5468.100.14.1.2.2.2.1.2,column,integer,,,,not-accessible,no,yes,qosConfigInterfaceTagToCosPcp,PCP index.
switch,ML540M-QOS-MIB,ml540mQosConfigInterfaceTagToCosDei,1.3.6.1.4.1.5468.100.14.1.2.2.2.1.3,column,integer,,,,not-accessible,no,yes,qosConfigInterfaceTagToCosDei,DEI index.
switch,ML540M-QOS-MIB,ml540mQosConfigInterfaceTagToCosCos,1.3.6.1.4.1.5468.100.14.1.2.2.2.1.4,column,unsigned32,,,,read-write,yes,no,qosConfigInterfaceTagToCosCos,The CoS value which this entry maps to. Valid range is qosCapabilitiesClassMin-qosCapabilitiesClassMax.
switch,ML540M-QOS-MIB,ml540mQosConfigInterfaceTagToCosDpl,1.3.6.1.4.1.5468.100.14.1.2.2.2.1.5,column,textual-convention,VTSSUnsigned8,,,read-write,yes,no,qosConfigInterfaceTagToCosDpl,The DPL (Drop Precedence Level) value which this entry maps to. Valid range is qosCapabilitiesDplMin-qosCapabilitiesDplMax.
switch,ML540M-QOS-MIB,ml540mQosConfigInterfaceCosToTagIfIndex,1.3.6.1.4.1.5468.100.14.1.2.2.3.1.1,column,textual-convention,VTSSInterfaceIndex,,,not-accessible,no,yes,qosConfigInterfaceCosToTagIfIndex,Logical interface index.
switch,ML540M-QOS-MIB,ml540mQosConfigInterfaceCosToTagCos,1.3.6.1.4.1.5468.100.14.1.2.2.3.1.2,column,integer,,,,not-accessible,no,yes,qosConfigInterfaceCosToTagCos,CoS index.
switch,ML540M-QOS-MIB,ml540mQosConfigInterfaceCosToTagDpl,1.3.6.1.4.1.5468.100.14.1.2.2.3.1.3,column,integer,,,,not-accessible,no,yes,qosConfigInterfaceCosToTagDpl,DPL index.
switch,ML540M-QOS-MIB,ml540mQosConfigInterfaceCosToTagPcp,1.3.6.1.4.1.5468.100.14.1.2.2.3.1.4,column,unsigned32,,,,read-write,yes,no,qosConfigInterfaceCosToTagPcp,The PCP value which this entry maps to. Valid range is 0-7.
switch,ML540M-QOS-MIB,ml540mQosConfigInterfaceCosToTagDei,1.3.6.1.4.1.5468.100.14.1.2.2.3.1.5,column,textual-convention,VTSSUnsigned8,,,read-write,yes,no,qosConfigInterfaceCosToTagDei,The DEI value which this entry maps to. Valid range is 0-1.
switch,ML540M-QOS-MIB,ml540mQosConfigInterfacePolicerIfIndex,1.3.6.1.4.1.5468.100.14.1.2.2.4.1.1,column,textual-convention,VTSSInterfaceIndex,,,not-accessible,no,yes,qosConfigInterfacePolicerIfIndex,Logical interface index.
switch,ML540M-QOS-MIB,ml540mQosConfigInterfacePolicerEnable,1.3.6.1.4.1.5468.100.14.1.2.2.4.1.2,column,boolean,TruthValue,,,read-write,yes,no,qosConfigInterfacePolicerEnable,"If true, the port policer is enabled."
switch,ML540M-QOS-MIB,ml540mQosConfigInterfacePolicerFrameRate,1.3.6.1.4.1.5468.100.14.1.2.2.4.1.3,column,boolean,TruthValue,kbps,description text,read-write,yes,no,qosConfigInterfacePolicerFrameRate,"If true, the rate is measured in fps instead of kbps."
switch,ML540M-QOS-MIB,ml540mQosConfigInterfacePolicerFlowControl,1.3.6.1.4.1.5468.100.14.1.2.2.4.1.4,column,boolean,TruthValue,frames,description text,read-write,yes,no,qosConfigInterfacePolicerFlowControl,"If true, and flow control is enabled on the interface, then issue flow control pause frames instead of discarding frames. This object is only valid if"
switch,ML540M-QOS-MIB,ml540mQosConfigInterfacePolicerCir,1.3.6.1.4.1.5468.100.14.1.2.2.4.1.5,column,unsigned32,,kbps,description text,read-write,yes,no,qosConfigInterfacePolicerCir,Committed Information Rate. Measured in kbps if FrameRate is false and fps if FrameRate is true. Valid range is qosCapabilitiesBitrateMin-qosCapabilit
switch,ML540M-QOS-MIB,ml540mQosConfigInterfaceQueuePolicerIfIndex,1.3.6.1.4.1.5468.100.14.1.2.2.5.1.1,column,textual-convention,VTSSInterfaceIndex,,,not-accessible,no,yes,qosConfigInterfaceQueuePolicerIfIndex,Logical interface index.
switch,ML540M-QOS-MIB,ml540mQosConfigInterfaceQueuePolicerQueue,1.3.6.1.4.1.5468.100.14.1.2.2.5.1.2,column,integer,,,,not-accessible,no,yes,qosConfigInterfaceQueuePolicerQueue,Queue index.
switch,ML540M-QOS-MIB,ml540mQosConfigInterfaceQueuePolicerEnable,1.3.6.1.4.1.5468.100.14.1.2.2.5.1.3,column,boolean,TruthValue,,,read-write,yes,no,qosConfigInterfaceQueuePolicerEnable,"If true, the queue policer is enabled."
switch,ML540M-QOS-MIB,ml540mQosConfigInterfaceQueuePolicerCir,1.3.6.1.4.1.5468.100.14.1.2.2.5.1.6,column,unsigned32,,kbps,description text,read-write,yes,no,qosConfigInterfaceQueuePolicerCir,Committed Information Rate. Measured in kbps. Valid range is qosCapabilitiesBitrateMin-qosCapabilitiesBitrateMax
switch,ML540M-QOS-MIB,ml540mQosConfigInterfaceShaperIfIndex,1.3.6.1.4.1.5468.100.14.1.2.2.6.1.1,column,textual-convention,VTSSInterfaceIndex,,,not-accessible,no,yes,qosConfigInterfaceShaperIfIndex,Logical interface index.
switch,ML540M-QOS-MIB,ml540mQosConfigInterfaceShaperEnable,1.3.6.1.4.1.5468.100.14.1.2.2.6.1.2,column,boolean,TruthValue,,,read-write,yes,no,qosConfigInterfaceShaperEnable,"If true, the port shaper is enabled."
switch,ML540M-QOS-MIB,ml540mQosConfigInterfaceShaperCir,1.3.6.1.4.1.5468.100.14.1.2.2.6.1.3,column,unsigned32,,kbps,description text,read-write,yes,no,qosConfigInterfaceShaperCir,Committed Information Rate. Measured in kbps. Valid range is qosCapabilitiesBitrateMin-qosCapabilitiesBitrateMax
switch,ML540M-QOS-MIB,ml540mQosConfigInterfaceShaperRateType,1.3.6.1.4.1.5468.100.14.1.2.2.6.1.4,column,textual-convention,VTSSQosShaperRateType,,,read-write,yes,no,qosConfigInterfaceShaperRateType,Indicates the shaper's rate type. Valid selections are line-rate (0) and data-rate (1). This object is only valid if QosCapabilitiesHasShapersRt is tr
switch,ML540M-QOS-MIB,ml540mQosConfigInterfaceQueueShaperIfIndex,1.3.6.1.4.1.5468.100.14.1.2.2.7.1.1,column,textual-convention,VTSSInterfaceIndex,,,not-accessible,no,yes,qosConfigInterfaceQueueShaperIfIndex,Logical interface index.
switch,ML540M-QOS-MIB,ml540mQosConfigInterfaceQueueShaperQueue,1.3.6.1.4.1.5468.100.14.1.2.2.7.1.2,column,integer,,,,not-accessible,no,yes,qosConfigInterfaceQueueShaperQueue,Queue index.
switch,ML540M-QOS-MIB,ml540mQosConfigInterfaceQueueShaperEnable,1.3.6.1.4.1.5468.100.14.1.2.2.7.1.3,column,boolean,TruthValue,,,read-write,yes,no,qosConfigInterfaceQueueShaperEnable,"If true, the queue shaper is enabled."
switch,ML540M-QOS-MIB,ml540mQosConfigInterfaceQueueShaperExcess,1.3.6.1.4.1.5468.100.14.1.2.2.7.1.4,column,boolean,TruthValue,,,read-write,yes,no,qosConfigInterfaceQueueShaperExcess,"If true, then allow this queue to get a share of the excess bandwidth. Excess bandwidth is allowed if this shaper is closed and no other queues with o"
switch,ML540M-QOS-MIB,ml540mQosConfigInterfaceQueueShaperCir,1.3.6.1.4.1.5468.100.14.1.2.2.7.1.5,column,unsigned32,,kbps,description text,read-write,yes,no,qosConfigInterfaceQueueShaperCir,Committed Information Rate. Measured in kbps. Valid range is qosCapabilitiesBitrateMin-qosCapabilitiesBitrateMax
switch,ML540M-QOS-MIB,ml540mQosConfigInterfaceQueueShaperRateType,1.3.6.1.4.1.5468.100.14.1.2.2.7.1.6,column,textual-convention,VTSSQosShaperRateType,,,read-write,yes,no,qosConfigInterfaceQueueShaperRateType,Indicates the shaper's rate type. Valid selections are line-rate (0) and data-rate (1). NOTE: This configuration is valid only for Normal port mode. I
switch,ML540M-QOS-MIB,ml540mQosConfigInterfaceSchedulerIfIndex,1.3.6.1.4.1.5468.100.14.1.2.2.8.1.1,column,textual-convention,VTSSInterfaceIndex,,,not-accessible,no,yes,qosConfigInterfaceSchedulerIfIndex,Logical interface index.
switch,ML540M-QOS-MIB,ml540mQosConfigInterfaceSchedulerQueue,1.3.6.1.4.1.5468.100.14.1.2.2.8.1.2,column,integer,,,,not-accessible,no,yes,qosConfigInterfaceSchedulerQueue,Queue index.
switch,ML540M-QOS-MIB,ml540mQosConfigInterfaceSchedulerWeight,1.3.6.1.4.1.5468.100.14.1.2.2.8.1.3,column,textual-convention,VTSSPercent,percent,textual convention VTSSPercent,read-write,yes,no,qosConfigInterfaceSchedulerWeight,The weight for this queue. Valid range is 1-100.
switch,ML540M-QOS-MIB,ml540mQosConfigInterfaceStormPolicerUnicastIfIndex,1.3.6.1.4.1.5468.100.14.1.2.2.9.1.1,column,textual-convention,VTSSInterfaceIndex,,,not-accessible,no,yes,qosConfigInterfaceStormPolicerUnicastIfIndex,Logical interface index.
switch,ML540M-QOS-MIB,ml540mQosConfigInterfaceStormPolicerUnicastEnable,1.3.6.1.4.1.5468.100.14.1.2.2.9.1.2,column,boolean,TruthValue,,,read-write,yes,no,qosConfigInterfaceStormPolicerUnicastEnable,"If true, the storm policer is enabled. This object is only valid if QosCapabilitiesHasPortStormPolicers is true."
switch,ML540M-QOS-MIB,ml540mQosConfigInterfaceStormPolicerUnicastFrameRate,1.3.6.1.4.1.5468.100.14.1.2.2.9.1.3,column,boolean,TruthValue,kbps,description text,read-write,yes,no,qosConfigInterfaceStormPolicerUnicastFrameRate,"If true, the rate is measured in fps instead of kbps. This object is only valid if QosCapabilitiesHasPortStormPolicers is true."
switch,ML540M-QOS-MIB,ml540mQosConfigInterfaceStormPolicerUnicastCir,1.3.6.1.4.1.5468.100.14.1.2.2.9.1.4,column,unsigned32,,kbps,description text,read-write,yes,no,qosConfigInterfaceStormPolicerUnicastCir,Committed Information Rate. Measured in kbps if FrameRate is false and fps if FrameRate is true. Valid range is qosCapabilitiesBitrateMin-qosCapabilit
switch,ML540M-QOS-MIB,ml540mQosConfigInterfaceStormPolicerBroadcastIfIndex,1.3.6.1.4.1.5468.100.14.1.2.2.10.1.1,column,textual-convention,VTSSInterfaceIndex,,,not-accessible,no,yes,qosConfigInterfaceStormPolicerBroadcastIfIndex,Logical interface index.
switch,ML540M-QOS-MIB,ml540mQosConfigInterfaceStormPolicerBroadcastEnable,1.3.6.1.4.1.5468.100.14.1.2.2.10.1.2,column,boolean,TruthValue,,,read-write,yes,no,qosConfigInterfaceStormPolicerBroadcastEnable,"If true, the storm policer is enabled. This object is only valid if QosCapabilitiesHasPortStormPolicers is true."
switch,ML540M-QOS-MIB,ml540mQosConfigInterfaceStormPolicerBroadcastFrameRate,1.3.6.1.4.1.5468.100.14.1.2.2.10.1.3,column,boolean,TruthValue,kbps,description text,read-write,yes,no,qosConfigInterfaceStormPolicerBroadcastFrameRate,"If true, the rate is measured in fps instead of kbps. This object is only valid if QosCapabilitiesHasPortStormPolicers is true."
switch,ML540M-QOS-MIB,ml540mQosConfigInterfaceStormPolicerBroadcastCir,1.3.6.1.4.1.5468.100.14.1.2.2.10.1.4,column,unsigned32,,kbps,description text,read-write,yes,no,qosConfigInterfaceStormPolicerBroadcastCir,Committed Information Rate. Measured in kbps if FrameRate is false and fps if FrameRate is true. Valid range is qosCapabilitiesBitrateMin-qosCapabilit
switch,ML540M-QOS-MIB,ml540mQosConfigInterfaceStormPolicerUnknownIfIndex,1.3.6.1.4.1.5468.100.14.1.2.2.11.1.1,column,textual-convention,VTSSInterfaceIndex,,,not-accessible,no,yes,qosConfigInterfaceStormPolicerUnknownIfIndex,Logical interface index.
switch,ML540M-QOS-MIB,ml540mQosConfigInterfaceStormPolicerUnknownEnable,1.3.6.1.4.1.5468.100.14.1.2.2.11.1.2,column,boolean,TruthValue,,,read-write,yes,no,qosConfigInterfaceStormPolicerUnknownEnable,"If true, the storm policer is enabled. This object is only valid if QosCapabilitiesHasPortStormPolicers is true."
switch,ML540M-QOS-MIB,ml540mQosConfigInterfaceStormPolicerUnknownFrameRate,1.3.6.1.4.1.5468.100.14.1.2.2.11.1.3,column,boolean,TruthValue,kbps,description text,read-write,yes,no,qosConfigInterfaceStormPolicerUnknownFrameRate,"If true, the rate is measured in fps instead of kbps. This object is only valid if QosCapabilitiesHasPortStormPolicers is true."
switch,ML540M-QOS-MIB,ml540mQosConfigInterfaceStormPolicerUnknownCir,1.3.6.1.4.1.5468.100.14.1.2.2.11.1.4,column,unsigned32,,kbps,description text,read-write,yes,no,qosConfigInterfaceStormPolicerUnknownCir,Committed Information Rate. Measured in kbps if FrameRate is false and fps if FrameRate is true. Valid range is qosCapabilitiesBitrateMin-qosCapabilit
switch,ML540M-QOS-MIB,ml540mQosConfigQceQceId,1.3.6.1.4.1.5468.100.14.1.2.3.1.1.1,column,integer,,,,not-accessible,no,yes,qosConfigQceQceId,"QCE Id. Valid range is qosCapabilitiesQceIdMin-qosCapabilitiesQceIdMax or 0. Using a value of 0 when adding a new QCE, will assign the QCE Id in the n"
switch,ML540M-QOS-MIB,ml540mQosConfigQceNextQceId,1.3.6.1.4.1.5468.100.14.1.2.3.1.1.2,column,unsigned32,,,,read-write,yes,no,qosConfigQceNextQceId,"QCE Id of the next QCE. Valid range is qosCapabilitiesQceIdMin-qosCapabilitiesQceIdMax or 0. The value 0, denotes the end of the list."
switch,ML540M-QOS-MIB,ml540mQosConfigQceSwitchId,1.3.6.1.4.1.5468.100.14.1.2.3.1.1.3,column,unsigned32,,,,read-write,yes,no,qosConfigQceSwitchId,Indicates the switch on which this QCE is active.Valid range is documented in the Stacking MIB. This object is only valid on stacking platforms.
switch,ML540M-QOS-MIB,ml540mQosConfigQcePortList,1.3.6.1.4.1.5468.100.14.1.2.3.1.1.4,column,textual-convention,VTSSPortList,,,read-write,yes,no,qosConfigQcePortList,List of ports that are member of this QCE.
switch,ML540M-QOS-MIB,ml540mQosConfigQceDestMacType,1.3.6.1.4.1.5468.100.14.1.2.3.1.1.5,column,textual-convention,VTSSDestMacType,,,read-write,yes,no,qosConfigQceDestMacType,Indicates the destination MAC type to match.
switch,ML540M-QOS-MIB,ml540mQosConfigQceDestMac,1.3.6.1.4.1.5468.100.14.1.2.3.1.1.6,column,mac-address,MacAddress,packets,description text,read-write,yes,no,qosConfigQceDestMac,Indicates the 48 bits destination MAC address. The packets destination address is AND-ed with the value of DestMacMask and then compared against the v
switch,ML540M-QOS-MIB,ml540mQosConfigQceDestMacMask,1.3.6.1.4.1.5468.100.14.1.2.3.1.1.7,column,mac-address,MacAddress,,,read-write,yes,no,qosConfigQceDestMacMask,Indicates the 48 bits destination MAC address mask. Valid values are 00-00-00-00-00-00 or ff-ff-ff-ff-ff-ff. This object is only valid if QosCapabilit
switch,ML540M-QOS-MIB,ml540mQosConfigQceSrcMac,1.3.6.1.4.1.5468.100.14.1.2.3.1.1.8,column,mac-address,MacAddress,packets,description text,read-write,yes,no,qosConfigQceSrcMac,Indicates the 48 bits source MAC address. The packets source address is AND-ed with the value of SrcMacMask and then compared against the value of thi
switch,ML540M-QOS-MIB,ml540mQosConfigQceSrcMacMask,1.3.6.1.4.1.5468.100.14.1.2.3.1.1.9,column,mac-address,MacAddress,,,read-write,yes,no,qosConfigQceSrcMacMask,Indicates the 48 bits source MAC address mask. Valid values are 00-00-00-00-00-00 or ff-ff-ff-ff-ff-ff.
switch,ML540M-QOS-MIB,ml540mQosConfigQceVlanTagType,1.3.6.1.4.1.5468.100.14.1.2.3.1.1.10,column,textual-convention,VTSSVlanTagType,,,read-write,yes,no,qosConfigQceVlanTagType,Indicates the VLAN tag type to match. The value cTagged(3) is only supported if qosCapabilitiesHasCTag is true. The value sTagged(3) is only supported
switch,ML540M-QOS-MIB,ml540mQosConfigQceVlanIdOp,1.3.6.1.4.1.5468.100.14.1.2.3.1.1.11,column,textual-convention,VTSSASRType,packets,description text,read-write,yes,no,qosConfigQceVlanIdOp,Indicates how a packets's VLAN ID is to be compared.
switch,ML540M-QOS-MIB,ml540mQosConfigQceVlanId,1.3.6.1.4.1.5468.100.14.1.2.3.1.1.12,column,textual-convention,VTSSUnsigned16,,,read-write,yes,no,qosConfigQceVlanId,"The VLAN ID to be compared. If the VlanIdOp object in the same row is range(2), this object will be the starting VLAN ID of the range. Valid range is"
switch,ML540M-QOS-MIB,ml540mQosConfigQceVlanIdRange,1.3.6.1.4.1.5468.100.14.1.2.3.1.1.13,column,textual-convention,VTSSUnsigned16,,,read-write,yes,no,qosConfigQceVlanIdRange,"The VLAN ID to be compared. If the VlanIdOp object in the same row is range(2), this object will be the ending VLAN ID of the range. Valid range is vl"
switch,ML540M-QOS-MIB,ml540mQosConfigQcePcp,1.3.6.1.4.1.5468.100.14.1.2.3.1.1.14,column,textual-convention,VTSSVlanTagPriority,,,read-write,yes,no,qosConfigQcePcp,The PCP value(s) to be compared.
switch,ML540M-QOS-MIB,ml540mQosConfigQceDei,1.3.6.1.4.1.5468.100.14.1.2.3.1.1.15,column,textual-convention,VTSSBitType,,,read-write,yes,no,qosConfigQceDei,The DEI value to be compared. Valid range is 0-1.
switch,ML540M-QOS-MIB,ml540mQosConfigQceInnerVlanTagType,1.3.6.1.4.1.5468.100.14.1.2.3.1.1.16,column,textual-convention,VTSSVlanTagType,,,read-write,yes,no,qosConfigQceInnerVlanTagType,Indicates the inner VLAN tag type to match. This object is only valid if QosCapabilitiesHasQceInnerTag is true.
switch,ML540M-QOS-MIB,ml540mQosConfigQceInnerVlanIdOp,1.3.6.1.4.1.5468.100.14.1.2.3.1.1.17,column,textual-convention,VTSSASRType,packets,description text,read-write,yes,no,qosConfigQceInnerVlanIdOp,Indicates how a packets's inner VLAN ID is to be compared. This object is only valid if QosCapabilitiesHasQceInnerTag is true.
switch,ML540M-QOS-MIB,ml540mQosConfigQceInnerVlanId,1.3.6.1.4.1.5468.100.14.1.2.3.1.1.18,column,textual-convention,VTSSUnsigned16,,,read-write,yes,no,qosConfigQceInnerVlanId,"The inner VLAN ID to be compared. If the InnerVlanIdOp object in the same row is range(2), this object will be the starting VLAN ID of the range. Vali"
switch,ML540M-QOS-MIB,ml540mQosConfigQceInnerVlanIdRange,1.3.6.1.4.1.5468.100.14.1.2.3.1.1.19,column,textual-convention,VTSSUnsigned16,,,read-write,yes,no,qosConfigQceInnerVlanIdRange,"The inner VLAN ID to be compared. If the InnerVlanIdOp object in the same row is range(2), this object will be the ending VLAN ID of the range. Valid"
switch,ML540M-QOS-MIB,ml540mQosConfigQceInnerPcp,1.3.6.1.4.1.5468.100.14.1.2.3.1.1.20,column,textual-convention,VTSSVlanTagPriority,,,read-write,yes,no,qosConfigQceInnerPcp,The inner PCP value(s) to be compared. This object is only valid if QosCapabilitiesHasQceInnerTag is true.
switch,ML540M-QOS-MIB,ml540mQosConfigQceInnerDei,1.3.6.1.4.1.5468.100.14.1.2.3.1.1.21,column,textual-convention,VTSSBitType,,,read-write,yes,no,qosConfigQceInnerDei,The inner DEI value to be compared. Valid range is 0-1. This object is only valid if QosCapabilitiesHasQceInnerTag is true.
switch,ML540M-QOS-MIB,ml540mQosConfigQceFrameType,1.3.6.1.4.1.5468.100.14.1.2.3.1.1.100,column,textual-convention,VTSSQosQceFrameType,packets,description text,read-write,yes,no,qosConfigQceFrameType,Indicates the packet's frame type. Modifying the frame type on an existing QCE will restore the content of all frame type dependent configuration to d
switch,ML540M-QOS-MIB,ml540mQosConfigQceEtype,1.3.6.1.4.1.5468.100.14.1.2.3.1.1.101,column,textual-convention,VTSSEtherType,packets,description text,read-write,yes,no,qosConfigQceEtype,"Indicates the packet's 16 bit Ethernet type field. Valid values are: 0(match any), 0x600-0xFFFF but excluding 0x800(IPv4) and 0x86DD(IPv6). This objec"
switch,ML540M-QOS-MIB,ml540mQosConfigQceLlcDsap,1.3.6.1.4.1.5468.100.14.1.2.3.1.1.200,column,textual-convention,VTSSUnsigned8,packets,description text,read-write,yes,no,qosConfigQceLlcDsap,Indicates the packets's 8 bit LLC DSAP field. The packets LLC DSAP field is AND-ed with the value of LlcDsapMask and then compared against the value o
switch,ML540M-QOS-MIB,ml540mQosConfigQceLlcDsapMask,1.3.6.1.4.1.5468.100.14.1.2.3.1.1.201,column,textual-convention,VTSSUnsigned8,,,read-write,yes,no,qosConfigQceLlcDsapMask,Indicates the 8 bit LLC DSAP mask. Valid values are 0x00 or 0xFF. This object can only be configured if FrameType is llc(2).
switch,ML540M-QOS-MIB,ml540mQosConfigQceLlcSsap,1.3.6.1.4.1.5468.100.14.1.2.3.1.1.202,column,textual-convention,VTSSUnsigned8,packets,description text,read-write,yes,no,qosConfigQceLlcSsap,Indicates the packets's 8 bit LLC SSAP field. The packets LLC SSAP field is AND-ed with the value of LlcSsapMask and then compared against the value o
switch,ML540M-QOS-MIB,ml540mQosConfigQceLlcSsapMask,1.3.6.1.4.1.5468.100.14.1.2.3.1.1.203,column,textual-convention,VTSSUnsigned8,,,read-write,yes,no,qosConfigQceLlcSsapMask,Indicates the 8 bit LLC SSAP mask. Valid values are 0x00 or 0xFF. This object can only be configured if FrameType is llc(2).
switch,ML540M-QOS-MIB,ml540mQosConfigQceLlcControl,1.3.6.1.4.1.5468.100.14.1.2.3.1.1.204,column,textual-convention,VTSSUnsigned8,packets,description text,read-write,yes,no,qosConfigQceLlcControl,Indicates the packets's 8 bit LLC Control field. The packets LLC Control field is AND-ed with the value of LlcControlMask and then compared against th
switch,ML540M-QOS-MIB,ml540mQosConfigQceLlcControlMask,1.3.6.1.4.1.5468.100.14.1.2.3.1.1.205,column,textual-convention,VTSSUnsigned8,,,read-write,yes,no,qosConfigQceLlcControlMask,Indicates the 8 bit LLC Control mask. Valid values are 0x00 or 0xFF. This object can only be configured if FrameType is llc(2).
switch,ML540M-QOS-MIB,ml540mQosConfigQceSnapPid,1.3.6.1.4.1.5468.100.14.1.2.3.1.1.302,column,textual-convention,VTSSUnsigned16,packets,description text,read-write,yes,no,qosConfigQceSnapPid,Indicates the packet's 16 bit SNAP PID field. The packets SNAP PID field is AND-ed with the value of SnapPidMask and then compared against the value o
switch,ML540M-QOS-MIB,ml540mQosConfigQceSnapPidMask,1.3.6.1.4.1.5468.100.14.1.2.3.1.1.303,column,textual-convention,VTSSUnsigned16,,,read-write,yes,no,qosConfigQceSnapPidMask,Indicates the 16 bit SNAP PID mask. Valid values are 0x0000 or 0xFFFF. This object can only be configured if FrameType is snap(3).
switch,ML540M-QOS-MIB,ml540mQosConfigQceIpv4Fragment,1.3.6.1.4.1.5468.100.14.1.2.3.1.1.400,column,textual-convention,VTSSBitType,,,read-write,yes,no,qosConfigQceIpv4Fragment,Indicates how an IPv4 fragment bit is to be compared. This object can only be configured if FrameType is ipv4(4).
switch,ML540M-QOS-MIB,ml540mQosConfigQceIpv4DscpOp,1.3.6.1.4.1.5468.100.14.1.2.3.1.1.401,column,textual-convention,VTSSASRType,,,read-write,yes,no,qosConfigQceIpv4DscpOp,Indicates how an IPv4 DSCP field is to be compared. This object can only be configured if FrameType is ipv4(4).
switch,ML540M-QOS-MIB,ml540mQosConfigQceIpv4Dscp,1.3.6.1.4.1.5468.100.14.1.2.3.1.1.402,column,textual-convention,VTSSUnsigned16,,,read-write,yes,no,qosConfigQceIpv4Dscp,"The DSCP value to be compared. If the Ipv4DscpOp object in the same row is range(2), this object will be the starting DSCP value of the range. Valid r"
switch,ML540M-QOS-MIB,ml540mQosConfigQceIpv4DscpRange,1.3.6.1.4.1.5468.100.14.1.2.3.1.1.403,column,textual-convention,VTSSUnsigned16,,,read-write,yes,no,qosConfigQceIpv4DscpRange,"The DSCP value to be compared. If the Ipv4DscpOp object in the same row is range(2), this object will be the ending DSCP value of the range. Valid ran"
switch,ML540M-QOS-MIB,ml540mQosConfigQceIpv4Protocol,1.3.6.1.4.1.5468.100.14.1.2.3.1.1.404,column,textual-convention,VTSSUnsigned8,packets,description text,read-write,yes,no,qosConfigQceIpv4Protocol,The protocol number field in the IPv4 header used to indicate a higher layer protocol. The packets protocol number field is AND-ed with the value of I
switch,ML540M-QOS-MIB,ml540mQosConfigQceIpv4ProtocolMask,1.3.6.1.4.1.5468.100.14.1.2.3.1.1.405,column,textual-convention,VTSSUnsigned8,,,read-write,yes,no,qosConfigQceIpv4ProtocolMask,The specified IPv4 protocol number mask. Valid values are 0 or 255. This object can only be configured if FrameType is ipv4(4).
switch,ML540M-QOS-MIB,ml540mQosConfigQceIpv4SrcIp,1.3.6.1.4.1.5468.100.14.1.2.3.1.1.406,column,ipv4-address,,packets,description text,read-write,yes,no,qosConfigQceIpv4SrcIp,The specified IPv4 source address. The packets source address is AND-ed with the value of Ipv4SrcIpMask and then compared with the value of this objec
switch,ML540M-QOS-MIB,ml540mQosConfigQceIpv4SrcIpMask,1.3.6.1.4.1.5468.100.14.1.2.3.1.1.407,column,ipv4-address,,,,read-write,yes,no,qosConfigQceIpv4SrcIpMask,The specified IPv4 source address mask. This object can only be configured if FrameType is ipv4(4).
switch,ML540M-QOS-MIB,ml540mQosConfigQceIpv4DestIp,1.3.6.1.4.1.5468.100.14.1.2.3.1.1.408,column,ipv4-address,,packets,description text,read-write,yes,no,qosConfigQceIpv4DestIp,The specified IPv4 destination address. The packets destination address is AND-ed with the value of Ipv4DestIpMask and then compared with the value of
switch,ML540M-QOS-MIB,ml540mQosConfigQceIpv4DestIpMask,1.3.6.1.4.1.5468.100.14.1.2.3.1.1.409,column,ipv4-address,,,,read-write,yes,no,qosConfigQceIpv4DestIpMask,The specified IPv4 destination address mask. This object can only be configured if FrameType is ipv4(4). This object is only valid if QosCapabilitiesH
switch,ML540M-QOS-MIB,ml540mQosConfigQceIpv4SrcPortOp,1.3.6.1.4.1.5468.100.14.1.2.3.1.1.410,column,textual-convention,VTSSASRType,packets,description text,read-write,yes,no,qosConfigQceIpv4SrcPortOp,Indicates how a packet's source TCP/UDP port number is to be compared. This object can only be configured if FrameType is ipv4(4).
switch,ML540M-QOS-MIB,ml540mQosConfigQceIpv4SrcPort,1.3.6.1.4.1.5468.100.14.1.2.3.1.1.411,column,textual-convention,VTSSUnsigned16,,,read-write,yes,no,qosConfigQceIpv4SrcPort,"The source port number of the TCP or UDP protocol. If the Ipv4SrcPortOp object in the same row is range(2), this object will be the starting port numb"
switch,ML540M-QOS-MIB,ml540mQosConfigQceIpv4SrcPortRange,1.3.6.1.4.1.5468.100.14.1.2.3.1.1.412,column,textual-convention,VTSSUnsigned16,,,read-write,yes,no,qosConfigQceIpv4SrcPortRange,"The source port number of the TCP or UDP protocol. If the Ipv4SrcPortOp object in the same row is range(2), this object will be the ending port number"
switch,ML540M-QOS-MIB,ml540mQosConfigQceIpv4DestPortOp,1.3.6.1.4.1.5468.100.14.1.2.3.1.1.413,column,textual-convention,VTSSASRType,packets,description text,read-write,yes,no,qosConfigQceIpv4DestPortOp,Indicates how a packet's destination TCP/UDP port number is to be compared. This object can only be configured if FrameType is ipv4(4).
switch,ML540M-QOS-MIB,ml540mQosConfigQceIpv4DestPort,1.3.6.1.4.1.5468.100.14.1.2.3.1.1.414,column,textual-convention,VTSSUnsigned16,,,read-write,yes,no,qosConfigQceIpv4DestPort,"The destination port number of the TCP or UDP protocol. If the Ipv4DestPortOp object in the same row is range(2), this object will be the starting por"
switch,ML540M-QOS-MIB,ml540mQosConfigQceIpv4DestPortRange,1.3.6.1.4.1.5468.100.14.1.2.3.1.1.415,column,textual-convention,VTSSUnsigned16,,,read-write,yes,no,qosConfigQceIpv4DestPortRange,"The source port number of the TCP or UDP protocol. If the Ipv4DestPortOp object in the same row is range(2), this object will be the ending port numbe"
switch,ML540M-QOS-MIB,ml540mQosConfigQceIpv6DscpOp,1.3.6.1.4.1.5468.100.14.1.2.3.1.1.500,column,textual-convention,VTSSASRType,,,read-write,yes,no,qosConfigQceIpv6DscpOp,Indicates how an IPv6 DSCP field is to be compared. This object can only be configured if FrameType is ipv6(5).
switch,ML540M-QOS-MIB,ml540mQosConfigQceIpv6Dscp,1.3.6.1.4.1.5468.100.14.1.2.3.1.1.501,column,textual-convention,VTSSUnsigned16,,,read-write,yes,no,qosConfigQceIpv6Dscp,"The DSCP value to be compared. If the Ipv6DscpOp object in the same row is range(2), this object will be the starting DSCP value of the range. Valid r"
switch,ML540M-QOS-MIB,ml540mQosConfigQceIpv6DscpRange,1.3.6.1.4.1.5468.100.14.1.2.3.1.1.502,column,textual-convention,VTSSUnsigned16,,,read-write,yes,no,qosConfigQceIpv6DscpRange,"The DSCP value to be compared. If the Ipv6DscpOp object in the same row is range(2), this object will be the ending DSCP value of the range. Valid ran"
switch,ML540M-QOS-MIB,ml540mQosConfigQceIpv6Protocol,1.3.6.1.4.1.5468.100.14.1.2.3.1.1.503,column,textual-convention,VTSSUnsigned8,packets,description text,read-write,yes,no,qosConfigQceIpv6Protocol,The protocol number field in the IPv6 header used to indicate a higher layer protocol. The packets protocol number field is AND-ed with the value of I
switch,ML540M-QOS-MIB,ml540mQosConfigQceIpv6ProtocolMask,1.3.6.1.4.1.5468.100.14.1.2.3.1.1.504,column,textual-convention,VTSSUnsigned8,,,read-write,yes,no,qosConfigQceIpv6ProtocolMask,The specified IPv6 protocol number mask. Valid values are 0 or 255. This object can only be configured if FrameType is ipv6(5).
switch,ML540M-QOS-MIB,ml540mQosConfigQceIpv6SrcIp,1.3.6.1.4.1.5468.100.14.1.2.3.1.1.506,column,textual-convention,InetAddressIPv6,packets,description text,read-write,yes,no,qosConfigQceIpv6SrcIp,The specified IPv6 source address. The packets source address is AND-ed with the value of Ipv6SrcIpMask and then compared with the value of this objec
switch,ML540M-QOS-MIB,ml540mQosConfigQceIpv6SrcIpMask,1.3.6.1.4.1.5468.100.14.1.2.3.1.1.508,column,textual-convention,InetAddressIPv6,,,read-write,yes,no,qosConfigQceIpv6SrcIpMask,The specified IPv6 source address mask. Only the least significant 32 bits of this object are used. This object can only be configured if FrameType is
switch,ML540M-QOS-MIB,ml540mQosConfigQceIpv6DestIp,1.3.6.1.4.1.5468.100.14.1.2.3.1.1.510,column,textual-convention,InetAddressIPv6,packets,description text,read-write,yes,no,qosConfigQceIpv6DestIp,The specified IPv6 destination address. The packets destination address is AND-ed with the value of Ipv6DestIpMask and then compared with the value of
switch,ML540M-QOS-MIB,ml540mQosConfigQceIpv6DestIpMask,1.3.6.1.4.1.5468.100.14.1.2.3.1.1.512,column,textual-convention,InetAddressIPv6,,,read-write,yes,no,qosConfigQceIpv6DestIpMask,The specified IPv6 destination address mask. Only the least significant 32 bits of this object are used. This object can only be configured if FrameTy
switch,ML540M-QOS-MIB,ml540mQosConfigQceIpv6SrcPortOp,1.3.6.1.4.1.5468.100.14.1.2.3.1.1.513,column,textual-convention,VTSSASRType,packets,description text,read-write,yes,no,qosConfigQceIpv6SrcPortOp,Indicates how a packet's source TCP/UDP port number is to be compared. This object can only be configured if FrameType is ipv6(5).
switch,ML540M-QOS-MIB,ml540mQosConfigQceIpv6SrcPort,1.3.6.1.4.1.5468.100.14.1.2.3.1.1.514,column,textual-convention,VTSSUnsigned16,,,read-write,yes,no,qosConfigQceIpv6SrcPort,"The source port number of the TCP or UDP protocol. If the Ipv6SrcPortOp object in the same row is range(2), this object will be the starting port numb"
switch,ML540M-QOS-MIB,ml540mQosConfigQceIpv6SrcPortRange,1.3.6.1.4.1.5468.100.14.1.2.3.1.1.515,column,textual-convention,VTSSUnsigned16,,,read-write,yes,no,qosConfigQceIpv6SrcPortRange,"The source port number of the TCP or UDP protocol. If the Ipv6SrcPortOp object in the same row is range(2), this object will be the ending port number"
switch,ML540M-QOS-MIB,ml540mQosConfigQceIpv6DestPortOp,1.3.6.1.4.1.5468.100.14.1.2.3.1.1.516,column,textual-convention,VTSSASRType,packets,description text,read-write,yes,no,qosConfigQceIpv6DestPortOp,Indicates how a packet's destination TCP/UDP port number is to be compared. This object can only be configured if FrameType is ipv6(5).
switch,ML540M-QOS-MIB,ml540mQosConfigQceIpv6DestPort,1.3.6.1.4.1.5468.100.14.1.2.3.1.1.517,column,textual-convention,VTSSUnsigned16,,,read-write,yes,no,qosConfigQceIpv6DestPort,"The destination port number of the TCP or UDP protocol. If the Ipv6DestPortOp object in the same row is range(2), this object will be the starting por"
switch,ML540M-QOS-MIB,ml540mQosConfigQceIpv6DestPortRange,1.3.6.1.4.1.5468.100.14.1.2.3.1.1.518,column,textual-convention,VTSSUnsigned16,,,read-write,yes,no,qosConfigQceIpv6DestPortRange,"The source port number of the TCP or UDP protocol. If the Ipv6DestPortOp object in the same row is range(2), this object will be the ending port numbe"
switch,ML540M-QOS-MIB,ml540mQosConfigQceActionCosEnable,1.3.6.1.4.1.5468.100.14.1.2.3.1.1.1000,column,boolean,TruthValue,packets,description text,read-write,yes,no,qosConfigQceActionCosEnable,"If true, the packet is classified to the CoS value in ActionCos."
switch,ML540M-QOS-MIB,ml540mQosConfigQceActionCos,1.3.6.1.4.1.5468.100.14.1.2.3.1.1.1001,column,unsigned32,,,,read-write,yes,no,qosConfigQceActionCos,The CoS value used for classification. Valid range is qosCapabilitiesClassMin-qosCapabilitiesClassMax.
switch,ML540M-QOS-MIB,ml540mQosConfigQceActionDplEnable,1.3.6.1.4.1.5468.100.14.1.2.3.1.1.1002,column,boolean,TruthValue,packets,description text,read-write,yes,no,qosConfigQceActionDplEnable,"If true, the packet is classified to the DPL value in ActionDpl."
switch,ML540M-QOS-MIB,ml540mQosConfigQceActionDpl,1.3.6.1.4.1.5468.100.14.1.2.3.1.1.1003,column,textual-convention,VTSSUnsigned8,,,read-write,yes,no,qosConfigQceActionDpl,The DPL value used for classification. Valid range is qosCapabilitiesDplMin-qosCapabilitiesDplMax.
switch,ML540M-QOS-MIB,ml540mQosConfigQceActionDscpEnable,1.3.6.1.4.1.5468.100.14.1.2.3.1.1.1004,column,boolean,TruthValue,packets,description text,read-write,yes,no,qosConfigQceActionDscpEnable,"If true, the packet is classified to the DSCP value in ActionDscp."
switch,ML540M-QOS-MIB,ml540mQosConfigQceActionDscp,1.3.6.1.4.1.5468.100.14.1.2.3.1.1.1005,column,textual-convention,VTSSUnsigned8,,,read-write,yes,no,qosConfigQceActionDscp,The DSCP value used for classification. Valid range is 0-63.
switch,ML540M-QOS-MIB,ml540mQosConfigQceActionPcpDeiEnable,1.3.6.1.4.1.5468.100.14.1.2.3.1.1.1006,column,boolean,TruthValue,packets,description text,read-write,yes,no,qosConfigQceActionPcpDeiEnable,"If true, the packet is classified to the PCP value in ActionPcp and the DEI value in ActionDei. This object is only valid if QosCapabilitiesHasQceActi"
switch,ML540M-QOS-MIB,ml540mQosConfigQceActionPcp,1.3.6.1.4.1.5468.100.14.1.2.3.1.1.1007,column,unsigned32,,,,read-write,yes,no,qosConfigQceActionPcp,The PCP value used for classification. Valid range is 0-7. This object is only valid if QosCapabilitiesHasQceActionPcpDei is true.
switch,ML540M-QOS-MIB,ml540mQosConfigQceActionDei,1.3.6.1.4.1.5468.100.14.1.2.3.1.1.1008,column,textual-convention,VTSSUnsigned8,,,read-write,yes,no,qosConfigQceActionDei,The DEI value used for classification. Valid range is 0-1. This object is only valid if QosCapabilitiesHasQceActionPcpDei is true.
switch,ML540M-QOS-MIB,ml540mQosConfigQceActionPolicyEnable,1.3.6.1.4.1.5468.100.14.1.2.3.1.1.1009,column,boolean,TruthValue,packets,description text,read-write,yes,no,qosConfigQceActionPolicyEnable,"If true, the packet is classified to the policy number in ActionPolicy. This object is only valid if QosCapabilitiesHasQceActionPolicy is true."
switch,ML540M-QOS-MIB,ml540mQosConfigQceActionPolicy,1.3.6.1.4.1.5468.100.14.1.2.3.1.1.1010,column,unsigned32,,,,read-write,yes,no,qosConfigQceActionPolicy,The policy number used for classification. Valid range is documented in the ACL MIB. This object is only valid if QosCapabilitiesHasQceActionPcpDei is
switch,ML540M-QOS-MIB,ml540mQosConfigQceAction,1.3.6.1.4.1.5468.100.14.1.2.3.1.1.10000,column,textual-convention,VTSSRowEditorState,,,read-write,yes,no,qosConfigQceAction,Action
switch,ML540M-QOS-MIB,ml540mQosConfigQceTableRowEditorQceId,1.3.6.1.4.1.5468.100.14.1.2.3.2.1,scalar,integer,,,,read-write,yes,no,qosConfigQceTableRowEditorQceId,"QCE Id. Valid range is qosCapabilitiesQceIdMin-qosCapabilitiesQceIdMax or 0. Using a value of 0 when adding a new QCE, will assign the QCE Id in the n"
switch,ML540M-QOS-MIB,ml540mQosConfigQceTableRowEditorNextQceId,1.3.6.1.4.1.5468.100.14.1.2.3.2.2,scalar,unsigned32,,,,read-write,yes,no,qosConfigQceTableRowEditorNextQceId,"QCE Id of the next QCE. Valid range is qosCapabilitiesQceIdMin-qosCapabilitiesQceIdMax or 0. The value 0, denotes the end of the list."
switch,ML540M-QOS-MIB,ml540mQosConfigQceTableRowEditorSwitchId,1.3.6.1.4.1.5468.100.14.1.2.3.2.3,scalar,unsigned32,,,,read-write,yes,no,qosConfigQceTableRowEditorSwitchId,Indicates the switch on which this QCE is active.Valid range is documented in the Stacking MIB. This object is only valid on stacking platforms.
switch,ML540M-QOS-MIB,ml540mQosConfigQceTableRowEditorPortList,1.3.6.1.4.1.5468.100.14.1.2.3.2.4,scalar,textual-convention,VTSSPortList,,,read-write,yes,no,qosConfigQceTableRowEditorPortList,List of ports that are member of this QCE.
switch,ML540M-QOS-MIB,ml540mQosConfigQceTableRowEditorDestMacType,1.3.6.1.4.1.5468.100.14.1.2.3.2.5,scalar,textual-convention,VTSSDestMacType,,,read-write,yes,no,qosConfigQceTableRowEditorDestMacType,Indicates the destination MAC type to match.
switch,ML540M-QOS-MIB,ml540mQosConfigQceTableRowEditorDestMac,1.3.6.1.4.1.5468.100.14.1.2.3.2.6,scalar,mac-address,MacAddress,packets,description text,read-write,yes,no,qosConfigQceTableRowEditorDestMac,Indicates the 48 bits destination MAC address. The packets destination address is AND-ed with the value of DestMacMask and then compared against the v
switch,ML540M-QOS-MIB,ml540mQosConfigQceTableRowEditorDestMacMask,1.3.6.1.4.1.5468.100.14.1.2.3.2.7,scalar,mac-address,MacAddress,,,read-write,yes,no,qosConfigQceTableRowEditorDestMacMask,Indicates the 48 bits destination MAC address mask. Valid values are 00-00-00-00-00-00 or ff-ff-ff-ff-ff-ff. This object is only valid if QosCapabilit
switch,ML540M-QOS-MIB,ml540mQosConfigQceTableRowEditorSrcMac,1.3.6.1.4.1.5468.100.14.1.2.3.2.8,scalar,mac-address,MacAddress,packets,description text,read-write,yes,no,qosConfigQceTableRowEditorSrcMac,Indicates the 48 bits source MAC address. The packets source address is AND-ed with the value of SrcMacMask and then compared against the value of thi
switch,ML540M-QOS-MIB,ml540mQosConfigQceTableRowEditorSrcMacMask,1.3.6.1.4.1.5468.100.14.1.2.3.2.9,scalar,mac-address,MacAddress,,,read-write,yes,no,qosConfigQceTableRowEditorSrcMacMask,Indicates the 48 bits source MAC address mask. Valid values are 00-00-00-00-00-00 or ff-ff-ff-ff-ff-ff.
switch,ML540M-QOS-MIB,ml540mQosConfigQceTableRowEditorVlanTagType,1.3.6.1.4.1.5468.100.14.1.2.3.2.10,scalar,textual-convention,VTSSVlanTagType,,,read-write,yes,no,qosConfigQceTableRowEditorVlanTagType,Indicates the VLAN tag type to match. The value cTagged(3) is only supported if qosCapabilitiesHasCTag is true. The value sTagged(3) is only supported
switch,ML540M-QOS-MIB,ml540mQosConfigQceTableRowEditorVlanIdOp,1.3.6.1.4.1.5468.100.14.1.2.3.2.11,scalar,textual-convention,VTSSASRType,packets,description text,read-write,yes,no,qosConfigQceTableRowEditorVlanIdOp,Indicates how a packets's VLAN ID is to be compared.
switch,ML540M-QOS-MIB,ml540mQosConfigQceTableRowEditorVlanId,1.3.6.1.4.1.5468.100.14.1.2.3.2.12,scalar,textual-convention,VTSSUnsigned16,,,read-write,yes,no,qosConfigQceTableRowEditorVlanId,"The VLAN ID to be compared. If the VlanIdOp object in the same row is range(2), this object will be the starting VLAN ID of the range. Valid range is"
switch,ML540M-QOS-MIB,ml540mQosConfigQceTableRowEditorVlanIdRange,1.3.6.1.4.1.5468.100.14.1.2.3.2.13,scalar,textual-convention,VTSSUnsigned16,,,read-write,yes,no,qosConfigQceTableRowEditorVlanIdRange,"The VLAN ID to be compared. If the VlanIdOp object in the same row is range(2), this object will be the ending VLAN ID of the range. Valid range is vl"
switch,ML540M-QOS-MIB,ml540mQosConfigQceTableRowEditorPcp,1.3.6.1.4.1.5468.100.14.1.2.3.2.14,scalar,textual-convention,VTSSVlanTagPriority,,,read-write,yes,no,qosConfigQceTableRowEditorPcp,The PCP value(s) to be compared.
switch,ML540M-QOS-MIB,ml540mQosConfigQceTableRowEditorDei,1.3.6.1.4.1.5468.100.14.1.2.3.2.15,scalar,textual-convention,VTSSBitType,,,read-write,yes,no,qosConfigQceTableRowEditorDei,The DEI value to be compared. Valid range is 0-1.
switch,ML540M-QOS-MIB,ml540mQosConfigQceTableRowEditorInnerVlanTagType,1.3.6.1.4.1.5468.100.14.1.2.3.2.16,scalar,textual-convention,VTSSVlanTagType,,,read-write,yes,no,qosConfigQceTableRowEditorInnerVlanTagType,Indicates the inner VLAN tag type to match. This object is only valid if QosCapabilitiesHasQceInnerTag is true.
switch,ML540M-QOS-MIB,ml540mQosConfigQceTableRowEditorInnerVlanIdOp,1.3.6.1.4.1.5468.100.14.1.2.3.2.17,scalar,textual-convention,VTSSASRType,packets,description text,read-write,yes,no,qosConfigQceTableRowEditorInnerVlanIdOp,Indicates how a packets's inner VLAN ID is to be compared. This object is only valid if QosCapabilitiesHasQceInnerTag is true.
switch,ML540M-QOS-MIB,ml540mQosConfigQceTableRowEditorInnerVlanId,1.3.6.1.4.1.5468.100.14.1.2.3.2.18,scalar,textual-convention,VTSSUnsigned16,,,read-write,yes,no,qosConfigQceTableRowEditorInnerVlanId,"The inner VLAN ID to be compared. If the InnerVlanIdOp object in the same row is range(2), this object will be the starting VLAN ID of the range. Vali"
switch,ML540M-QOS-MIB,ml540mQosConfigQceTableRowEditorInnerVlanIdRange,1.3.6.1.4.1.5468.100.14.1.2.3.2.19,scalar,textual-convention,VTSSUnsigned16,,,read-write,yes,no,qosConfigQceTableRowEditorInnerVlanIdRange,"The inner VLAN ID to be compared. If the InnerVlanIdOp object in the same row is range(2), this object will be the ending VLAN ID of the range. Valid"
switch,ML540M-QOS-MIB,ml540mQosConfigQceTableRowEditorInnerPcp,1.3.6.1.4.1.5468.100.14.1.2.3.2.20,scalar,textual-convention,VTSSVlanTagPriority,,,read-write,yes,no,qosConfigQceTableRowEditorInnerPcp,The inner PCP value(s) to be compared. This object is only valid if QosCapabilitiesHasQceInnerTag is true.
switch,ML540M-QOS-MIB,ml540mQosConfigQceTableRowEditorInnerDei,1.3.6.1.4.1.5468.100.14.1.2.3.2.21,scalar,textual-convention,VTSSBitType,,,read-write,yes,no,qosConfigQceTableRowEditorInnerDei,The inner DEI value to be compared. Valid range is 0-1. This object is only valid if QosCapabilitiesHasQceInnerTag is true.
switch,ML540M-QOS-MIB,ml540mQosConfigQceTableRowEditorFrameType,1.3.6.1.4.1.5468.100.14.1.2.3.2.100,scalar,textual-convention,VTSSQosQceFrameType,packets,description text,read-write,yes,no,qosConfigQceTableRowEditorFrameType,Indicates the packet's frame type. Modifying the frame type on an existing QCE will restore the content of all frame type dependent configuration to d
switch,ML540M-QOS-MIB,ml540mQosConfigQceTableRowEditorEtype,1.3.6.1.4.1.5468.100.14.1.2.3.2.101,scalar,textual-convention,VTSSEtherType,packets,description text,read-write,yes,no,qosConfigQceTableRowEditorEtype,"Indicates the packet's 16 bit Ethernet type field. Valid values are: 0(match any), 0x600-0xFFFF but excluding 0x800(IPv4) and 0x86DD(IPv6). This objec"
switch,ML540M-QOS-MIB,ml540mQosConfigQceTableRowEditorLlcDsap,1.3.6.1.4.1.5468.100.14.1.2.3.2.200,scalar,textual-convention,VTSSUnsigned8,packets,description text,read-write,yes,no,qosConfigQceTableRowEditorLlcDsap,Indicates the packets's 8 bit LLC DSAP field. The packets LLC DSAP field is AND-ed with the value of LlcDsapMask and then compared against the value o
switch,ML540M-QOS-MIB,ml540mQosConfigQceTableRowEditorLlcDsapMask,1.3.6.1.4.1.5468.100.14.1.2.3.2.201,scalar,textual-convention,VTSSUnsigned8,,,read-write,yes,no,qosConfigQceTableRowEditorLlcDsapMask,Indicates the 8 bit LLC DSAP mask. Valid values are 0x00 or 0xFF. This object can only be configured if FrameType is llc(2).
switch,ML540M-QOS-MIB,ml540mQosConfigQceTableRowEditorLlcSsap,1.3.6.1.4.1.5468.100.14.1.2.3.2.202,scalar,textual-convention,VTSSUnsigned8,packets,description text,read-write,yes,no,qosConfigQceTableRowEditorLlcSsap,Indicates the packets's 8 bit LLC SSAP field. The packets LLC SSAP field is AND-ed with the value of LlcSsapMask and then compared against the value o
switch,ML540M-QOS-MIB,ml540mQosConfigQceTableRowEditorLlcSsapMask,1.3.6.1.4.1.5468.100.14.1.2.3.2.203,scalar,textual-convention,VTSSUnsigned8,,,read-write,yes,no,qosConfigQceTableRowEditorLlcSsapMask,Indicates the 8 bit LLC SSAP mask. Valid values are 0x00 or 0xFF. This object can only be configured if FrameType is llc(2).
switch,ML540M-QOS-MIB,ml540mQosConfigQceTableRowEditorLlcControl,1.3.6.1.4.1.5468.100.14.1.2.3.2.204,scalar,textual-convention,VTSSUnsigned8,packets,description text,read-write,yes,no,qosConfigQceTableRowEditorLlcControl,Indicates the packets's 8 bit LLC Control field. The packets LLC Control field is AND-ed with the value of LlcControlMask and then compared against th
switch,ML540M-QOS-MIB,ml540mQosConfigQceTableRowEditorLlcControlMask,1.3.6.1.4.1.5468.100.14.1.2.3.2.205,scalar,textual-convention,VTSSUnsigned8,,,read-write,yes,no,qosConfigQceTableRowEditorLlcControlMask,Indicates the 8 bit LLC Control mask. Valid values are 0x00 or 0xFF. This object can only be configured if FrameType is llc(2).
switch,ML540M-QOS-MIB,ml540mQosConfigQceTableRowEditorSnapPid,1.3.6.1.4.1.5468.100.14.1.2.3.2.302,scalar,textual-convention,VTSSUnsigned16,packets,description text,read-write,yes,no,qosConfigQceTableRowEditorSnapPid,Indicates the packet's 16 bit SNAP PID field. The packets SNAP PID field is AND-ed with the value of SnapPidMask and then compared against the value o
switch,ML540M-QOS-MIB,ml540mQosConfigQceTableRowEditorSnapPidMask,1.3.6.1.4.1.5468.100.14.1.2.3.2.303,scalar,textual-convention,VTSSUnsigned16,,,read-write,yes,no,qosConfigQceTableRowEditorSnapPidMask,Indicates the 16 bit SNAP PID mask. Valid values are 0x0000 or 0xFFFF. This object can only be configured if FrameType is snap(3).
switch,ML540M-QOS-MIB,ml540mQosConfigQceTableRowEditorIpv4Fragment,1.3.6.1.4.1.5468.100.14.1.2.3.2.400,scalar,textual-convention,VTSSBitType,,,read-write,yes,no,qosConfigQceTableRowEditorIpv4Fragment,Indicates how an IPv4 fragment bit is to be compared. This object can only be configured if FrameType is ipv4(4).
switch,ML540M-QOS-MIB,ml540mQosConfigQceTableRowEditorIpv4DscpOp,1.3.6.1.4.1.5468.100.14.1.2.3.2.401,scalar,textual-convention,VTSSASRType,,,read-write,yes,no,qosConfigQceTableRowEditorIpv4DscpOp,Indicates how an IPv4 DSCP field is to be compared. This object can only be configured if FrameType is ipv4(4).
switch,ML540M-QOS-MIB,ml540mQosConfigQceTableRowEditorIpv4Dscp,1.3.6.1.4.1.5468.100.14.1.2.3.2.402,scalar,textual-convention,VTSSUnsigned16,,,read-write,yes,no,qosConfigQceTableRowEditorIpv4Dscp,"The DSCP value to be compared. If the Ipv4DscpOp object in the same row is range(2), this object will be the starting DSCP value of the range. Valid r"
switch,ML540M-QOS-MIB,ml540mQosConfigQceTableRowEditorIpv4DscpRange,1.3.6.1.4.1.5468.100.14.1.2.3.2.403,scalar,textual-convention,VTSSUnsigned16,,,read-write,yes,no,qosConfigQceTableRowEditorIpv4DscpRange,"The DSCP value to be compared. If the Ipv4DscpOp object in the same row is range(2), this object will be the ending DSCP value of the range. Valid ran"
switch,ML540M-QOS-MIB,ml540mQosConfigQceTableRowEditorIpv4Protocol,1.3.6.1.4.1.5468.100.14.1.2.3.2.404,scalar,textual-convention,VTSSUnsigned8,packets,description text,read-write,yes,no,qosConfigQceTableRowEditorIpv4Protocol,The protocol number field in the IPv4 header used to indicate a higher layer protocol. The packets protocol number field is AND-ed with the value of I
switch,ML540M-QOS-MIB,ml540mQosConfigQceTableRowEditorIpv4ProtocolMask,1.3.6.1.4.1.5468.100.14.1.2.3.2.405,scalar,textual-convention,VTSSUnsigned8,,,read-write,yes,no,qosConfigQceTableRowEditorIpv4ProtocolMask,The specified IPv4 protocol number mask. Valid values are 0 or 255. This object can only be configured if FrameType is ipv4(4).
switch,ML540M-QOS-MIB,ml540mQosConfigQceTableRowEditorIpv4SrcIp,1.3.6.1.4.1.5468.100.14.1.2.3.2.406,scalar,ipv4-address,,packets,description text,read-write,yes,no,qosConfigQceTableRowEditorIpv4SrcIp,The specified IPv4 source address. The packets source address is AND-ed with the value of Ipv4SrcIpMask and then compared with the value of this objec
switch,ML540M-QOS-MIB,ml540mQosConfigQceTableRowEditorIpv4SrcIpMask,1.3.6.1.4.1.5468.100.14.1.2.3.2.407,scalar,ipv4-address,,,,read-write,yes,no,qosConfigQceTableRowEditorIpv4SrcIpMask,The specified IPv4 source address mask. This object can only be configured if FrameType is ipv4(4).
switch,ML540M-QOS-MIB,ml540mQosConfigQceTableRowEditorIpv4DestIp,1.3.6.1.4.1.5468.100.14.1.2.3.2.408,scalar,ipv4-address,,packets,description text,read-write,yes,no,qosConfigQceTableRowEditorIpv4DestIp,The specified IPv4 destination address. The packets destination address is AND-ed with the value of Ipv4DestIpMask and then compared with the value of
switch,ML540M-QOS-MIB,ml540mQosConfigQceTableRowEditorIpv4DestIpMask,1.3.6.1.4.1.5468.100.14.1.2.3.2.409,scalar,ipv4-address,,,,read-write,yes,no,qosConfigQceTableRowEditorIpv4DestIpMask,The specified IPv4 destination address mask. This object can only be configured if FrameType is ipv4(4). This object is only valid if QosCapabilitiesH
switch,ML540M-QOS-MIB,ml540mQosConfigQceTableRowEditorIpv4SrcPortOp,1.3.6.1.4.1.5468.100.14.1.2.3.2.410,scalar,textual-convention,VTSSASRType,packets,description text,read-write,yes,no,qosConfigQceTableRowEditorIpv4SrcPortOp,Indicates how a packet's source TCP/UDP port number is to be compared. This object can only be configured if FrameType is ipv4(4).
switch,ML540M-QOS-MIB,ml540mQosConfigQceTableRowEditorIpv4SrcPort,1.3.6.1.4.1.5468.100.14.1.2.3.2.411,scalar,textual-convention,VTSSUnsigned16,,,read-write,yes,no,qosConfigQceTableRowEditorIpv4SrcPort,"The source port number of the TCP or UDP protocol. If the Ipv4SrcPortOp object in the same row is range(2), this object will be the starting port numb"
switch,ML540M-QOS-MIB,ml540mQosConfigQceTableRowEditorIpv4SrcPortRange,1.3.6.1.4.1.5468.100.14.1.2.3.2.412,scalar,textual-convention,VTSSUnsigned16,,,read-write,yes,no,qosConfigQceTableRowEditorIpv4SrcPortRange,"The source port number of the TCP or UDP protocol. If the Ipv4SrcPortOp object in the same row is range(2), this object will be the ending port number"
switch,ML540M-QOS-MIB,ml540mQosConfigQceTableRowEditorIpv4DestPortOp,1.3.6.1.4.1.5468.100.14.1.2.3.2.413,scalar,textual-convention,VTSSASRType,packets,description text,read-write,yes,no,qosConfigQceTableRowEditorIpv4DestPortOp,Indicates how a packet's destination TCP/UDP port number is to be compared. This object can only be configured if FrameType is ipv4(4).
switch,ML540M-QOS-MIB,ml540mQosConfigQceTableRowEditorIpv4DestPort,1.3.6.1.4.1.5468.100.14.1.2.3.2.414,scalar,textual-convention,VTSSUnsigned16,,,read-write,yes,no,qosConfigQceTableRowEditorIpv4DestPort,"The destination port number of the TCP or UDP protocol. If the Ipv4DestPortOp object in the same row is range(2), this object will be the starting por"
switch,ML540M-QOS-MIB,ml540mQosConfigQceTableRowEditorIpv4DestPortRange,1.3.6.1.4.1.5468.100.14.1.2.3.2.415,scalar,textual-convention,VTSSUnsigned16,,,read-write,yes,no,qosConfigQceTableRowEditorIpv4DestPortRange,"The source port number of the TCP or UDP protocol. If the Ipv4DestPortOp object in the same row is range(2), this object will be the ending port numbe"
switch,ML540M-QOS-MIB,ml540mQosConfigQceTableRowEditorIpv6DscpOp,1.3.6.1.4.1.5468.100.14.1.2.3.2.500,scalar,textual-convention,VTSSASRType,,,read-write,yes,no,qosConfigQceTableRowEditorIpv6DscpOp,Indicates how an IPv6 DSCP field is to be compared. This object can only be configured if FrameType is ipv6(5).
switch,ML540M-QOS-MIB,ml540mQosConfigQceTableRowEditorIpv6Dscp,1.3.6.1.4.1.5468.100.14.1.2.3.2.501,scalar,textual-convention,VTSSUnsigned16,,,read-write,yes,no,qosConfigQceTableRowEditorIpv6Dscp,"The DSCP value to be compared. If the Ipv6DscpOp object in the same row is range(2), this object will be the starting DSCP value of the range. Valid r"
switch,ML540M-QOS-MIB,ml540mQosConfigQceTableRowEditorIpv6DscpRange,1.3.6.1.4.1.5468.100.14.1.2.3.2.502,scalar,textual-convention,VTSSUnsigned16,,,read-write,yes,no,qosConfigQceTableRowEditorIpv6DscpRange,"The DSCP value to be compared. If the Ipv6DscpOp object in the same row is range(2), this object will be the ending DSCP value of the range. Valid ran"
switch,ML540M-QOS-MIB,ml540mQosConfigQceTableRowEditorIpv6Protocol,1.3.6.1.4.1.5468.100.14.1.2.3.2.503,scalar,textual-convention,VTSSUnsigned8,packets,description text,read-write,yes,no,qosConfigQceTableRowEditorIpv6Protocol,The protocol number field in the IPv6 header used to indicate a higher layer protocol. The packets protocol number field is AND-ed with the value of I
switch,ML540M-QOS-MIB,ml540mQosConfigQceTableRowEditorIpv6ProtocolMask,1.3.6.1.4.1.5468.100.14.1.2.3.2.504,scalar,textual-convention,VTSSUnsigned8,,,read-write,yes,no,qosConfigQceTableRowEditorIpv6ProtocolMask,The specified IPv6 protocol number mask. Valid values are 0 or 255. This object can only be configured if FrameType is ipv6(5).
switch,ML540M-QOS-MIB,ml540mQosConfigQceTableRowEditorIpv6SrcIp,1.3.6.1.4.1.5468.100.14.1.2.3.2.506,scalar,textual-convention,InetAddressIPv6,packets,description text,read-write,yes,no,qosConfigQceTableRowEditorIpv6SrcIp,The specified IPv6 source address. The packets source address is AND-ed with the value of Ipv6SrcIpMask and then compared with the value of this objec
switch,ML540M-QOS-MIB,ml540mQosConfigQceTableRowEditorIpv6SrcIpMask,1.3.6.1.4.1.5468.100.14.1.2.3.2.508,scalar,textual-convention,InetAddressIPv6,,,read-write,yes,no,qosConfigQceTableRowEditorIpv6SrcIpMask,The specified IPv6 source address mask. Only the least significant 32 bits of this object are used. This object can only be configured if FrameType is
switch,ML540M-QOS-MIB,ml540mQosConfigQceTableRowEditorIpv6DestIp,1.3.6.1.4.1.5468.100.14.1.2.3.2.510,scalar,textual-convention,InetAddressIPv6,packets,description text,read-write,yes,no,qosConfigQceTableRowEditorIpv6DestIp,The specified IPv6 destination address. The packets destination address is AND-ed with the value of Ipv6DestIpMask and then compared with the value of
switch,ML540M-QOS-MIB,ml540mQosConfigQceTableRowEditorIpv6DestIpMask,1.3.6.1.4.1.5468.100.14.1.2.3.2.512,scalar,textual-convention,InetAddressIPv6,,,read-write,yes,no,qosConfigQceTableRowEditorIpv6DestIpMask,The specified IPv6 destination address mask. Only the least significant 32 bits of this object are used. This object can only be configured if FrameTy
switch,ML540M-QOS-MIB,ml540mQosConfigQceTableRowEditorIpv6SrcPortOp,1.3.6.1.4.1.5468.100.14.1.2.3.2.513,scalar,textual-convention,VTSSASRType,packets,description text,read-write,yes,no,qosConfigQceTableRowEditorIpv6SrcPortOp,Indicates how a packet's source TCP/UDP port number is to be compared. This object can only be configured if FrameType is ipv6(5).
switch,ML540M-QOS-MIB,ml540mQosConfigQceTableRowEditorIpv6SrcPort,1.3.6.1.4.1.5468.100.14.1.2.3.2.514,scalar,textual-convention,VTSSUnsigned16,,,read-write,yes,no,qosConfigQceTableRowEditorIpv6SrcPort,"The source port number of the TCP or UDP protocol. If the Ipv6SrcPortOp object in the same row is range(2), this object will be the starting port numb"
switch,ML540M-QOS-MIB,ml540mQosConfigQceTableRowEditorIpv6SrcPortRange,1.3.6.1.4.1.5468.100.14.1.2.3.2.515,scalar,textual-convention,VTSSUnsigned16,,,read-write,yes,no,qosConfigQceTableRowEditorIpv6SrcPortRange,"The source port number of the TCP or UDP protocol. If the Ipv6SrcPortOp object in the same row is range(2), this object will be the ending port number"
switch,ML540M-QOS-MIB,ml540mQosConfigQceTableRowEditorIpv6DestPortOp,1.3.6.1.4.1.5468.100.14.1.2.3.2.516,scalar,textual-convention,VTSSASRType,packets,description text,read-write,yes,no,qosConfigQceTableRowEditorIpv6DestPortOp,Indicates how a packet's destination TCP/UDP port number is to be compared. This object can only be configured if FrameType is ipv6(5).
switch,ML540M-QOS-MIB,ml540mQosConfigQceTableRowEditorIpv6DestPort,1.3.6.1.4.1.5468.100.14.1.2.3.2.517,scalar,textual-convention,VTSSUnsigned16,,,read-write,yes,no,qosConfigQceTableRowEditorIpv6DestPort,"The destination port number of the TCP or UDP protocol. If the Ipv6DestPortOp object in the same row is range(2), this object will be the starting por"
switch,ML540M-QOS-MIB,ml540mQosConfigQceTableRowEditorIpv6DestPortRange,1.3.6.1.4.1.5468.100.14.1.2.3.2.518,scalar,textual-convention,VTSSUnsigned16,,,read-write,yes,no,qosConfigQceTableRowEditorIpv6DestPortRange,"The source port number of the TCP or UDP protocol. If the Ipv6DestPortOp object in the same row is range(2), this object will be the ending port numbe"
switch,ML540M-QOS-MIB,ml540mQosConfigQceTableRowEditorActionCosEnable,1.3.6.1.4.1.5468.100.14.1.2.3.2.1000,scalar,boolean,TruthValue,packets,description text,read-write,yes,no,qosConfigQceTableRowEditorActionCosEnable,"If true, the packet is classified to the CoS value in ActionCos."
switch,ML540M-QOS-MIB,ml540mQosConfigQceTableRowEditorActionCos,1.3.6.1.4.1.5468.100.14.1.2.3.2.1001,scalar,unsigned32,,,,read-write,yes,no,qosConfigQceTableRowEditorActionCos,The CoS value used for classification. Valid range is qosCapabilitiesClassMin-qosCapabilitiesClassMax.
switch,ML540M-QOS-MIB,ml540mQosConfigQceTableRowEditorActionDplEnable,1.3.6.1.4.1.5468.100.14.1.2.3.2.1002,scalar,boolean,TruthValue,packets,description text,read-write,yes,no,qosConfigQceTableRowEditorActionDplEnable,"If true, the packet is classified to the DPL value in ActionDpl."
switch,ML540M-QOS-MIB,ml540mQosConfigQceTableRowEditorActionDpl,1.3.6.1.4.1.5468.100.14.1.2.3.2.1003,scalar,textual-convention,VTSSUnsigned8,,,read-write,yes,no,qosConfigQceTableRowEditorActionDpl,The DPL value used for classification. Valid range is qosCapabilitiesDplMin-qosCapabilitiesDplMax.
switch,ML540M-QOS-MIB,ml540mQosConfigQceTableRowEditorActionDscpEnable,1.3.6.1.4.1.5468.100.14.1.2.3.2.1004,scalar,boolean,TruthValue,packets,description text,read-write,yes,no,qosConfigQceTableRowEditorActionDscpEnable,"If true, the packet is classified to the DSCP value in ActionDscp."
switch,ML540M-QOS-MIB,ml540mQosConfigQceTableRowEditorActionDscp,1.3.6.1.4.1.5468.100.14.1.2.3.2.1005,scalar,textual-convention,VTSSUnsigned8,,,read-write,yes,no,qosConfigQceTableRowEditorActionDscp,The DSCP value used for classification. Valid range is 0-63.
switch,ML540M-QOS-MIB,ml540mQosConfigQceTableRowEditorActionPcpDeiEnable,1.3.6.1.4.1.5468.100.14.1.2.3.2.1006,scalar,boolean,TruthValue,packets,description text,read-write,yes,no,qosConfigQceTableRowEditorActionPcpDeiEnable,"If true, the packet is classified to the PCP value in ActionPcp and the DEI value in ActionDei. This object is only valid if QosCapabilitiesHasQceActi"
switch,ML540M-QOS-MIB,ml540mQosConfigQceTableRowEditorActionPcp,1.3.6.1.4.1.5468.100.14.1.2.3.2.1007,scalar,unsigned32,,,,read-write,yes,no,qosConfigQceTableRowEditorActionPcp,The PCP value used for classification. Valid range is 0-7. This object is only valid if QosCapabilitiesHasQceActionPcpDei is true.
switch,ML540M-QOS-MIB,ml540mQosConfigQceTableRowEditorActionDei,1.3.6.1.4.1.5468.100.14.1.2.3.2.1008,scalar,textual-convention,VTSSUnsigned8,,,read-write,yes,no,qosConfigQceTableRowEditorActionDei,The DEI value used for classification. Valid range is 0-1. This object is only valid if QosCapabilitiesHasQceActionPcpDei is true.
switch,ML540M-QOS-MIB,ml540mQosConfigQceTableRowEditorActionPolicyEnable,1.3.6.1.4.1.5468.100.14.1.2.3.2.1009,scalar,boolean,TruthValue,packets,description text,read-write,yes,no,qosConfigQceTableRowEditorActionPolicyEnable,"If true, the packet is classified to the policy number in ActionPolicy. This object is only valid if QosCapabilitiesHasQceActionPolicy is true."
switch,ML540M-QOS-MIB,ml540mQosConfigQceTableRowEditorActionPolicy,1.3.6.1.4.1.5468.100.14.1.2.3.2.1010,scalar,unsigned32,,,,read-write,yes,no,qosConfigQceTableRowEditorActionPolicy,The policy number used for classification. Valid range is documented in the ACL MIB. This object is only valid if QosCapabilitiesHasQceActionPcpDei is
switch,ML540M-QOS-MIB,ml540mQosConfigQceTableRowEditorAction,1.3.6.1.4.1.5468.100.14.1.2.3.2.10000,scalar,textual-convention,VTSSRowEditorState,,,read-write,yes,no,qosConfigQceTableRowEditorAction,Action
switch,ML540M-QOS-MIB,ml540mQosConfigQcePrecedenceIndex,1.3.6.1.4.1.5468.100.14.1.2.3.3.1.1,column,integer,,,,not-accessible,no,yes,qosConfigQcePrecedenceIndex,QCE precedence index. Indicates the position in QCL.
switch,ML540M-QOS-MIB,ml540mQosConfigQcePrecedenceQceId,1.3.6.1.4.1.5468.100.14.1.2.3.3.1.2,column,unsigned32,,,,read-only,no,no,qosConfigQcePrecedenceQceId,QCE Id.
switch,ML540M-QOS-MIB,ml540mQosStatusInterfaceIfIndex,1.3.6.1.4.1.5468.100.14.1.3.2.1.1.1,column,textual-convention,VTSSInterfaceIndex,,,not-accessible,no,yes,qosStatusInterfaceIfIndex,Logical interface index.
switch,ML540M-QOS-MIB,ml540mQosStatusInterfaceCos,1.3.6.1.4.1.5468.100.14.1.3.2.1.1.2,column,unsigned32,,packets,description text,read-only,no,no,qosStatusInterfaceCos,Some subsystems are allowed to modify the default CoS value for an interface. This object shows the actual default CoS value a packet is classified to
switch,ML540M-QOS-MIB,ml540mQosStatusInterfaceSchedulerIfIndex,1.3.6.1.4.1.5468.100.14.1.3.2.2.1.1,column,textual-convention,VTSSInterfaceIndex,,,not-accessible,no,yes,qosStatusInterfaceSchedulerIfIndex,Logical interface index.
switch,ML540M-QOS-MIB,ml540mQosStatusInterfaceSchedulerQueue,1.3.6.1.4.1.5468.100.14.1.3.2.2.1.2,column,integer,,,,not-accessible,no,yes,qosStatusInterfaceSchedulerQueue,Queue index.
switch,ML540M-QOS-MIB,ml540mQosStatusInterfaceSchedulerWeight,1.3.6.1.4.1.5468.100.14.1.3.2.2.1.3,column,textual-convention,VTSSPercent,percent,textual convention VTSSPercent,read-only,no,no,qosStatusInterfaceSchedulerWeight,The weight for this queue. Valid range is 1-100.
switch,ML540M-QOS-MIB,ml540mQosStatusQceSwitchId,1.3.6.1.4.1.5468.100.14.1.3.3.1.1.1,column,unsigned32,,,,not-accessible,no,yes,qosStatusQceSwitchId,Switch Id index.
switch,ML540M-QOS-MIB,ml540mQosStatusQceIndex,1.3.6.1.4.1.5468.100.14.1.3.3.1.1.2,column,integer,,,,not-accessible,no,yes,qosStatusQceIndex,QCE precedence index. Indicates the position in QCL.
switch,ML540M-QOS-MIB,ml540mQosStatusQceUserId,1.3.6.1.4.1.5468.100.14.1.3.3.1.1.3,column,textual-convention,VTSSQosQceUserType,,,read-only,no,no,qosStatusQceUserId,User Id.
switch,ML540M-QOS-MIB,ml540mQosStatusQceQceId,1.3.6.1.4.1.5468.100.14.1.3.3.1.1.4,column,unsigned32,,,,read-only,no,no,qosStatusQceQceId,QCE Id.
switch,ML540M-QOS-MIB,ml540mQosStatusQceConflict,1.3.6.1.4.1.5468.100.14.1.3.3.1.1.100,column,boolean,TruthValue,,,read-only,no,no,qosStatusQceConflict,"If true, a resource conflict is detected."
switch,ML540M-QOS-MIB,ml540mQosControlQceConflictResolve,1.3.6.1.4.1.5468.100.14.1.4.3.1,scalar,boolean,TruthValue,,,read-write,yes,no,qosControlQceConflictResolve,"Set to true to resolve resource conflicts. If different components competes for the same resources in the switch, it is possible that some of resource"
switch,ML540M-ACL-MIB,ml540mAclCapabilitiesAceIdMax,1.3.6.1.4.1.5468.100.17.1.1.1,scalar,unsigned32,,,,read-only,no,no,aclCapabilitiesAceIdMax,Maximum ID of ACE.
switch,ML540M-ACL-MIB,ml540mAclCapabilitiesPolicyIdMax,1.3.6.1.4.1.5468.100.17.1.1.2,scalar,unsigned32,,,,read-only,no,no,aclCapabilitiesPolicyIdMax,Maximum ID of policy.
switch,ML540M-ACL-MIB,ml540mAclCapabilitiesRateLimiterIdMax,1.3.6.1.4.1.5468.100.17.1.1.3,scalar,unsigned32,,,,read-only,no,no,aclCapabilitiesRateLimiterIdMax,Maximum ID of rate limiter.
switch,ML540M-ACL-MIB,ml540mAclCapabilitiesEvcPolicerIdMax,1.3.6.1.4.1.5468.100.17.1.1.4,scalar,unsigned32,,,,read-only,no,no,aclCapabilitiesEvcPolicerIdMax,Maximum ID of EVC policer.
switch,ML540M-ACL-MIB,ml540mAclCapabilitiesRateLimiterBitRateSupported,1.3.6.1.4.1.5468.100.17.1.1.5,scalar,boolean,TruthValue,,,read-only,no,no,aclCapabilitiesRateLimiterBitRateSupported,"If true, the rate limiter can be configured by bit rate."
switch,ML540M-ACL-MIB,ml540mAclCapabilitiesEvcPolicerSupported,1.3.6.1.4.1.5468.100.17.1.1.6,scalar,boolean,TruthValue,,,read-only,no,no,aclCapabilitiesEvcPolicerSupported,"If true, EVC policer can be configured."
switch,ML540M-ACL-MIB,ml540mAclCapabilitiesMirrorSupported,1.3.6.1.4.1.5468.100.17.1.1.7,scalar,boolean,TruthValue,,,read-only,no,no,aclCapabilitiesMirrorSupported,"If true, mirror action is supported."
switch,ML540M-ACL-MIB,ml540mAclCapabilitiesMultipleRedirectPortsSupported,1.3.6.1.4.1.5468.100.17.1.1.8,scalar,boolean,TruthValue,,,read-only,no,no,aclCapabilitiesMultipleRedirectPortsSupported,"If true, redirect port list can be configured with multiple ports. If false, redirect port list can be configured with only one single port."
switch,ML540M-ACL-MIB,ml540mAclCapabilitiesSecondLookupSupported,1.3.6.1.4.1.5468.100.17.1.1.9,scalar,boolean,TruthValue,seconds,description text,read-only,no,no,aclCapabilitiesSecondLookupSupported,"If true, second lookup can be configured."
switch,ML540M-ACL-MIB,ml540mAclCapabilitiesMultipleIngressPortsSupported,1.3.6.1.4.1.5468.100.17.1.1.10,scalar,boolean,TruthValue,,,read-only,no,no,aclCapabilitiesMultipleIngressPortsSupported,"If true, ingress port list can be configured with multiple ports. If false, ingress port list can be configured with only one single port."
switch,ML540M-ACL-MIB,ml540mAclCapabilitiesEgressPortSupported,1.3.6.1.4.1.5468.100.17.1.1.11,scalar,boolean,TruthValue,,,read-only,no,no,aclCapabilitiesEgressPortSupported,"If true, egress port list can be configured."
switch,ML540M-ACL-MIB,ml540mAclCapabilitiesVlanTaggedSupported,1.3.6.1.4.1.5468.100.17.1.1.12,scalar,boolean,TruthValue,,,read-only,no,no,aclCapabilitiesVlanTaggedSupported,"If true, VLAN tagged can be configured."
switch,ML540M-ACL-MIB,ml540mAclCapabilitiesStackableAceSupported,1.3.6.1.4.1.5468.100.17.1.1.13,scalar,boolean,TruthValue,,,read-only,no,no,aclCapabilitiesStackableAceSupported,"If true, stackable ACE is supported. The 'switch' and 'switchport' ACE ingress type can be configured. Otherwize, only 'any' and 'specific' ACE ingres"
switch,ML540M-ACL-MIB,ml540mAclConfigInterfaceConfigIfIndex,1.3.6.1.4.1.5468.100.17.1.2.2.1.1.1,column,textual-convention,VTSSInterfaceIndex,,,not-accessible,no,yes,aclConfigInterfaceConfigIfIndex,The index of logical interface.
switch,ML540M-ACL-MIB,ml540mAclConfigInterfaceConfigPolicyId,1.3.6.1.4.1.5468.100.17.1.2.2.1.1.2,column,unsigned32,,,,read-write,yes,no,aclConfigInterfaceConfigPolicyId,The policy ID.
switch,ML540M-ACL-MIB,ml540mAclConfigInterfaceConfigHitAction,1.3.6.1.4.1.5468.100.17.1.2.2.1.1.101,column,textual-convention,VTSSAclHitAction,,,read-write,yes,no,aclConfigInterfaceConfigHitAction,The hit action operation for this interface. egress(2) is not supported.
switch,ML540M-ACL-MIB,ml540mAclConfigInterfaceConfigRedirectPortList,1.3.6.1.4.1.5468.100.17.1.2.2.1.1.102,column,textual-convention,VTSSPortList,,,read-write,yes,no,aclConfigInterfaceConfigRedirectPortList,The redirect port list for this interface.
switch,ML540M-ACL-MIB,ml540mAclConfigInterfaceConfigRateLimiterId,1.3.6.1.4.1.5468.100.17.1.2.2.1.1.103,column,unsigned32,,,,read-write,yes,no,aclConfigInterfaceConfigRateLimiterId,The rate limiter ID. 0 means to be disabled.
switch,ML540M-ACL-MIB,ml540mAclConfigInterfaceConfigEvcPolicerId,1.3.6.1.4.1.5468.100.17.1.2.2.1.1.104,column,textual-convention,VTSSUnsigned16,,,read-write,yes,no,aclConfigInterfaceConfigEvcPolicerId,The EVC policer ID. 0 means to be disabled. This object is only available if the capability object 'ml540mAclCapabilitiesEvcPolicerSupported' is True.
switch,ML540M-ACL-MIB,ml540mAclConfigInterfaceConfigMirror,1.3.6.1.4.1.5468.100.17.1.2.2.1.1.105,column,boolean,TruthValue,frames,description text,read-write,yes,no,aclConfigInterfaceConfigMirror,The mirror operation. Frames matching this interface rule are mirrored to the destination mirror port that is configured in the mirror modules. This o
switch,ML540M-ACL-MIB,ml540mAclConfigInterfaceConfigLogging,1.3.6.1.4.1.5468.100.17.1.2.2.1.1.106,column,boolean,TruthValue,bytes,description text,read-write,yes,no,aclConfigInterfaceConfigLogging,Specify the logging operation of the interface. Notice that the logging message doesn't include the 4 bytes CRC information. The allowed values are: T
switch,ML540M-ACL-MIB,ml540mAclConfigInterfaceConfigShutdown,1.3.6.1.4.1.5468.100.17.1.2.2.1.1.107,column,boolean,TruthValue,frames,description text,read-write,yes,no,aclConfigInterfaceConfigShutdown,"Specify the port shut down operation of the interface. The allowed values are: True - If a frame matches the interface rule, the ingress port will be"
switch,ML540M-ACL-MIB,ml540mAclConfigRateLimiterRateLimiterId,1.3.6.1.4.1.5468.100.17.1.2.3.1.1,column,integer,,,,not-accessible,no,yes,aclConfigRateLimiterRateLimiterId,The rate limter ID.
switch,ML540M-ACL-MIB,ml540mAclConfigRateLimiterBitRateEnable,1.3.6.1.4.1.5468.100.17.1.2.3.1.2,column,boolean,TruthValue,packets,description text,read-write,yes,no,aclConfigRateLimiterBitRateEnable,Use bit rate policing instead of packet rate. True means bit rate is used and false means packet rate is used. This object is only available if the ca
switch,ML540M-ACL-MIB,ml540mAclConfigRateLimiterBitRate,1.3.6.1.4.1.5468.100.17.1.2.3.1.3,column,unsigned32,,kbps,description text,read-write,yes,no,aclConfigRateLimiterBitRate,Bit rate in kbps. This object is only available if the capability object 'ml540mAclCapabilitiesRateLimiterBitRateSupported' is True.
switch,ML540M-ACL-MIB,ml540mAclConfigRateLimiterPacketRate,1.3.6.1.4.1.5468.100.17.1.2.3.1.4,column,unsigned32,,packets,description text,read-write,yes,no,aclConfigRateLimiterPacketRate,Packet rate in pps.
switch,ML540M-ACL-MIB,ml540mAclConfigAceAceId,1.3.6.1.4.1.5468.100.17.1.2.4.1.1.1,column,integer,,,,not-accessible,no,yes,aclConfigAceAceId,The ACE ID.
switch,ML540M-ACL-MIB,ml540mAclConfigAceNextAceId,1.3.6.1.4.1.5468.100.17.1.2.4.1.1.2,column,unsigned32,,,,read-write,yes,no,aclConfigAceNextAceId,The ID of ACE next to this ACE.
switch,ML540M-ACL-MIB,ml540mAclConfigAceHitAction,1.3.6.1.4.1.5468.100.17.1.2.4.1.1.101,column,textual-convention,VTSSAclHitAction,,,read-write,yes,no,aclConfigAceHitAction,The hit action operation for this ACE.
switch,ML540M-ACL-MIB,ml540mAclConfigAceRedirectPortList,1.3.6.1.4.1.5468.100.17.1.2.4.1.1.102,column,textual-convention,VTSSPortList,,,read-write,yes,no,aclConfigAceRedirectPortList,The redirect port list for this ACE.
switch,ML540M-ACL-MIB,ml540mAclConfigAceRedirectPortListSwitchPort,1.3.6.1.4.1.5468.100.17.1.2.4.1.1.103,column,unsigned32,,,,read-write,yes,no,aclConfigAceRedirectPortListSwitchPort,The redirect switch port for this ACE. The object is only abaliable if AclAceIngressPortListMode is switchport. And it is used when this ACE is applie
switch,ML540M-ACL-MIB,ml540mAclConfigAceEgressPortList,1.3.6.1.4.1.5468.100.17.1.2.4.1.1.104,column,textual-convention,VTSSPortList,frames,description text,read-write,yes,no,aclConfigAceEgressPortList,The egress port list. The port list is to define what ports are allowed to be egress ports. If the egress port of an incoming frame is in the port lis
switch,ML540M-ACL-MIB,ml540mAclConfigAceRateLimiterId,1.3.6.1.4.1.5468.100.17.1.2.4.1.1.105,column,unsigned32,,,,read-write,yes,no,aclConfigAceRateLimiterId,The rate limiter ID. 0 means to be disabled.
switch,ML540M-ACL-MIB,ml540mAclConfigAceEvcPolicerId,1.3.6.1.4.1.5468.100.17.1.2.4.1.1.106,column,textual-convention,VTSSUnsigned16,,,read-write,yes,no,aclConfigAceEvcPolicerId,The EVC policer ID. 0 means to be disabled. This object is only available if the capability object 'ml540mAclCapabilitiesEvcPolicerSupported' is True.
switch,ML540M-ACL-MIB,ml540mAclConfigAceMirror,1.3.6.1.4.1.5468.100.17.1.2.4.1.1.107,column,boolean,TruthValue,frames,description text,read-write,yes,no,aclConfigAceMirror,The mirror operation. Frames matching this ACE are mirrored to the destination mirror port that is configured in the mirror module. This object is onl
switch,ML540M-ACL-MIB,ml540mAclConfigAceLogging,1.3.6.1.4.1.5468.100.17.1.2.4.1.1.108,column,boolean,TruthValue,bytes,description text,read-write,yes,no,aclConfigAceLogging,Specify the logging operation of the ACE. Notice that the logging message doesn't include the 4 bytes CRC information. The allowed values are: True -
switch,ML540M-ACL-MIB,ml540mAclConfigAceShutdown,1.3.6.1.4.1.5468.100.17.1.2.4.1.1.109,column,boolean,TruthValue,frames,description text,read-write,yes,no,aclConfigAceShutdown,"Specify the port shut down operation of the ACE. The allowed values are: True: If a frame matches the ACE, the ingress port will be shuted down. False"
switch,ML540M-ACL-MIB,ml540mAclConfigAceIngressPortListMode,1.3.6.1.4.1.5468.100.17.1.2.4.1.1.201,column,textual-convention,VTSSAclAceIngressPortListMode,,,read-write,yes,no,aclConfigAceIngressPortListMode,The ingress port list mode for this ACE. The possible mode are: 'any': Indicates this ACE is applied on all switches and all ports. 'specific': Indica
switch,ML540M-ACL-MIB,ml540mAclConfigAceIngressPortList,1.3.6.1.4.1.5468.100.17.1.2.4.1.1.202,column,textual-convention,VTSSPortList,,,read-write,yes,no,aclConfigAceIngressPortList,The ingress port list for this ACE. The object is only abaliable if AclAceIngressPortListMode is specific. And it is used when this ACE is applied on
switch,ML540M-ACL-MIB,ml540mAclConfigAceIngressPortListSwitch,1.3.6.1.4.1.5468.100.17.1.2.4.1.1.203,column,unsigned32,,,,read-write,yes,no,aclConfigAceIngressPortListSwitch,The ingress switch ID for this ACE. The object is only abaliable if AclAceIngressPortListMode is switch. And it is used when this ACE is applied on sp
switch,ML540M-ACL-MIB,ml540mAclConfigAceIngressPortListSwitchPort,1.3.6.1.4.1.5468.100.17.1.2.4.1.1.204,column,unsigned32,,,,read-write,yes,no,aclConfigAceIngressPortListSwitchPort,The ingress switch port for this ACE. The object is only abaliable if AclAceIngressPortListMode is switchport. And it is used when this ACE is applied
switch,ML540M-ACL-MIB,ml540mAclConfigAcePolicyValue,1.3.6.1.4.1.5468.100.17.1.2.4.1.1.205,column,textual-convention,VTSSUnsigned8,,,read-write,yes,no,aclConfigAcePolicyValue,The policy number for this ACE.
switch,ML540M-ACL-MIB,ml540mAclConfigAcePolicyMask,1.3.6.1.4.1.5468.100.17.1.2.4.1.1.206,column,textual-convention,VTSSUnsigned8,,,read-write,yes,no,aclConfigAcePolicyMask,"The policy mask for this ACE. The allowed range is 0x0 to 0xff. If the binary bit value is '0', it means this bit is don't-care. The real matched patt"
switch,ML540M-ACL-MIB,ml540mAclConfigAceSecondLookup,1.3.6.1.4.1.5468.100.17.1.2.4.1.1.207,column,boolean,TruthValue,seconds,description text,read-write,yes,no,aclConfigAceSecondLookup,The second lookup operation for this ACE. This object is only available if the capability object 'ml540mAclCapabilitiesSecondLookupSupported' is True.
switch,ML540M-ACL-MIB,ml540mAclConfigAceVlanId,1.3.6.1.4.1.5468.100.17.1.2.4.1.1.301,column,textual-convention,VTSSUnsigned16,,,read-write,yes,no,aclConfigAceVlanId,"The VLAN ID for this ACE. Possible values are: 0(disabled), 1-4095."
switch,ML540M-ACL-MIB,ml540mAclConfigAceVlanTagPriority,1.3.6.1.4.1.5468.100.17.1.2.4.1.1.302,column,textual-convention,VTSSVlanTagPriority,,,read-write,yes,no,aclConfigAceVlanTagPriority,The VLAN tag priority for this ACE.
switch,ML540M-ACL-MIB,ml540mAclConfigAceVlanTagged,1.3.6.1.4.1.5468.100.17.1.2.4.1.1.303,column,textual-convention,VTSSAclAceVlanTagged,,,read-write,yes,no,aclConfigAceVlanTagged,The 802.1Q VLAN tagged for this ACE. This object is only available if the capability object 'ml540mAclCapabilitiesVlanTaggedSupported' is True.
switch,ML540M-ACL-MIB,ml540mAclConfigAceFrameType,1.3.6.1.4.1.5468.100.17.1.2.4.1.1.401,column,textual-convention,VTSSAclAceFrameType,frames,description text,read-write,yes,no,aclConfigAceFrameType,The frame type for this ACE.
switch,ML540M-ACL-MIB,ml540mAclConfigAceDestMacOp,1.3.6.1.4.1.5468.100.17.1.2.4.1.1.402,column,textual-convention,VTSSAdvDestMacType,packets,description text,read-write,yes,no,aclConfigAceDestMacOp,Indicates how a packet's destination MAC address to be matched.
switch,ML540M-ACL-MIB,ml540mAclConfigAceEtherSrcMacOp,1.3.6.1.4.1.5468.100.17.1.2.4.1.1.501,column,textual-convention,VTSSASType,packets,description text,read-write,yes,no,aclConfigAceEtherSrcMacOp,Indicates how a Ethernet type packet's source MAC address to be matched. This object is only available if FrameType is ether(1).
switch,ML540M-ACL-MIB,ml540mAclConfigAceEtherSrcMac,1.3.6.1.4.1.5468.100.17.1.2.4.1.1.502,column,mac-address,MacAddress,,,read-write,yes,no,aclConfigAceEtherSrcMac,Indicates the 48 bits source MAC address. This object is only available if FrameType is ether(1) and EtherSrcMacOp is specific(1).
switch,ML540M-ACL-MIB,ml540mAclConfigAceEtherDestMac,1.3.6.1.4.1.5468.100.17.1.2.4.1.1.503,column,mac-address,MacAddress,,,read-write,yes,no,aclConfigAceEtherDestMac,Indicates the 48 bits destination MAC address. This object is only available if FrameType is ether(1) and EtherDestMacOp is specific(1).
switch,ML540M-ACL-MIB,ml540mAclConfigAceEtherType,1.3.6.1.4.1.5468.100.17.1.2.4.1.1.504,column,textual-convention,VTSSUnsigned16,packets,description text,read-write,yes,no,aclConfigAceEtherType,"Indicates the packet's 16 bit Ethernet type field. Possible values are: 0(disabled), 0x600-0xFFFF but excluding 0x800(IPv4), 0x806(ARP) and 0x86DD(IPv"
switch,ML540M-ACL-MIB,ml540mAclConfigAceArpSrcMacOp,1.3.6.1.4.1.5468.100.17.1.2.4.1.1.601,column,textual-convention,VTSSASType,packets,description text,read-write,yes,no,aclConfigAceArpSrcMacOp,Indicates how a ARP packet's source MAC address to be matched. This object is only available if FrameType is arp(4).
switch,ML540M-ACL-MIB,ml540mAclConfigAceArpSrcMac,1.3.6.1.4.1.5468.100.17.1.2.4.1.1.602,column,mac-address,MacAddress,,,read-write,yes,no,aclConfigAceArpSrcMac,Indicates the 48 bits source MAC address. This object is only available if FrameType is arp(4) and ArpSrcMacOp is specific(1).
switch,ML540M-ACL-MIB,ml540mAclConfigAceArpSenderIp,1.3.6.1.4.1.5468.100.17.1.2.4.1.1.603,column,ipv4-address,,packets,description text,read-write,yes,no,aclConfigAceArpSenderIp,The specified ARP sender IP address. The packet's sender address is AND-ed with the value of ArpSenderIpMask and then compared with the value of this
switch,ML540M-ACL-MIB,ml540mAclConfigAceArpSenderIpMask,1.3.6.1.4.1.5468.100.17.1.2.4.1.1.604,column,ipv4-address,,,,read-write,yes,no,aclConfigAceArpSenderIpMask,The specified ARP sender IP address mask. This object is only available if FrameType is arp(4).
switch,ML540M-ACL-MIB,ml540mAclConfigAceArpTargetIp,1.3.6.1.4.1.5468.100.17.1.2.4.1.1.605,column,ipv4-address,,packets,description text,read-write,yes,no,aclConfigAceArpTargetIp,The specified ARP target IP address. The packet's target address is AND-ed with the value of ArpTragetIpMask and then compared with the value of this
switch,ML540M-ACL-MIB,ml540mAclConfigAceArpTargetIpMask,1.3.6.1.4.1.5468.100.17.1.2.4.1.1.606,column,ipv4-address,,,,read-write,yes,no,aclConfigAceArpTargetIpMask,The specified ARP target IP address mask. This object is only available if FrameType is arp(4).
switch,ML540M-ACL-MIB,ml540mAclConfigAceArpOpcode,1.3.6.1.4.1.5468.100.17.1.2.4.1.1.607,column,textual-convention,VTSSAclAceArpOp,packets,description text,read-write,yes,no,aclConfigAceArpOpcode,Indicates how a ARP packet's opcode to be matched. This object is only available if FrameType is arp(4).
switch,ML540M-ACL-MIB,ml540mAclConfigAceArpFlagReq,1.3.6.1.4.1.5468.100.17.1.2.4.1.1.608,column,textual-convention,VTSSBitType,packets,description text,read-write,yes,no,aclConfigAceArpFlagReq,Indicates how a ARP packet's request/reply opcode is to be compared. This object is only available if FrameType is arp(4).
switch,ML540M-ACL-MIB,ml540mAclConfigAceArpFlagSha,1.3.6.1.4.1.5468.100.17.1.2.4.1.1.609,column,textual-convention,VTSSBitType,packets,description text,read-write,yes,no,aclConfigAceArpFlagSha,Indicates how a ARP packet's sender hardware address field (SHA) to be compared. This object is only available if FrameType is arp(4).
switch,ML540M-ACL-MIB,ml540mAclConfigAceArpFlagTha,1.3.6.1.4.1.5468.100.17.1.2.4.1.1.610,column,textual-convention,VTSSBitType,packets,description text,read-write,yes,no,aclConfigAceArpFlagTha,Indicates how a ARP packet's target hardware address field (THA) is to be compared. This object is only available if FrameType is arp(4).
switch,ML540M-ACL-MIB,ml540mAclConfigAceArpFlagHln,1.3.6.1.4.1.5468.100.17.1.2.4.1.1.611,column,textual-convention,VTSSBitType,packets,description text,read-write,yes,no,aclConfigAceArpFlagHln,"Indicates how a ARP packet's s hardware address length field (HLN) is to be compared. The value 0 means any HLN value is allowed (don't-care field), v"
switch,ML540M-ACL-MIB,ml540mAclConfigAceArpFlagHrd,1.3.6.1.4.1.5468.100.17.1.2.4.1.1.612,column,textual-convention,VTSSBitType,packets,description text,read-write,yes,no,aclConfigAceArpFlagHrd,"Indicates how a ARP packet's hardware address space field (HRD) is to be compared. The value 0 means any HRD value is allowed (don't-care field), valu"
switch,ML540M-ACL-MIB,ml540mAclConfigAceArpFlagPro,1.3.6.1.4.1.5468.100.17.1.2.4.1.1.613,column,textual-convention,VTSSBitType,packets,description text,read-write,yes,no,aclConfigAceArpFlagPro,"Indicates how a ARP packet's protocol address space field (PRO) is to be compared. The value 0 means any PRO value is allowed (don't-care field), valu"
switch,ML540M-ACL-MIB,ml540mAclConfigAceIpv4ProtocolOp,1.3.6.1.4.1.5468.100.17.1.2.4.1.1.701,column,textual-convention,VTSSASType,packets,description text,read-write,yes,no,aclConfigAceIpv4ProtocolOp,Indicates how a IPv4 packet's protocol field is to be compared. This object is only available if FrameType is ipv4(5).
switch,ML540M-ACL-MIB,ml540mAclConfigAceIpv4Protocol,1.3.6.1.4.1.5468.100.17.1.2.4.1.1.702,column,textual-convention,VTSSUnsigned8,,,read-write,yes,no,aclConfigAceIpv4Protocol,The protocol number field in the IPv4 header used to indicate a higher layer protocol. Possible values are 0-255. This object is only available if Fra
switch,ML540M-ACL-MIB,ml540mAclConfigAceIpv4SrcIp,1.3.6.1.4.1.5468.100.17.1.2.4.1.1.703,column,ipv4-address,,packets,description text,read-write,yes,no,aclConfigAceIpv4SrcIp,The specified source IPv4 address. The packet's sender address is AND-ed with the value of Ipv4SrcIpMask and then compared with the value of this obje
switch,ML540M-ACL-MIB,ml540mAclConfigAceIpv4SrcIpMask,1.3.6.1.4.1.5468.100.17.1.2.4.1.1.704,column,ipv4-address,,,,read-write,yes,no,aclConfigAceIpv4SrcIpMask,The specified source IPv4 address mask. This object is only available if FrameType is ipv4(5).
switch,ML540M-ACL-MIB,ml540mAclConfigAceIpv4DestIp,1.3.6.1.4.1.5468.100.17.1.2.4.1.1.705,column,ipv4-address,,packets,description text,read-write,yes,no,aclConfigAceIpv4DestIp,The specified destination IPv4 address. The packet's sender address is AND-ed with the value of Ipv4DestIpMask and then compared with the value of thi
switch,ML540M-ACL-MIB,ml540mAclConfigAceIpv4DestIpMask,1.3.6.1.4.1.5468.100.17.1.2.4.1.1.706,column,ipv4-address,,,,read-write,yes,no,aclConfigAceIpv4DestIpMask,The specified destination IPv4 address mask. This object is only available if FrameType is ipv4(5).
switch,ML540M-ACL-MIB,ml540mAclConfigAceIpv4IcmpTypeOp,1.3.6.1.4.1.5468.100.17.1.2.4.1.1.707,column,textual-convention,VTSSASType,packets,description text,read-write,yes,no,aclConfigAceIpv4IcmpTypeOp,Indicates how a IPv4 packet's ICMP type field is to be compared. This object is only available if FrameType is ipv4(5) and Ipv4Protocol is icmp(1).
switch,ML540M-ACL-MIB,ml540mAclConfigAceIpv4IcmpType,1.3.6.1.4.1.5468.100.17.1.2.4.1.1.708,column,textual-convention,VTSSUnsigned8,,,read-write,yes,no,aclConfigAceIpv4IcmpType,"The ICMP type field in the IPv4 header. Possible values are 0-255. This object is only available if FrameType is ipv4(5), Ipv4Protocol is icmp(1) and"
switch,ML540M-ACL-MIB,ml540mAclConfigAceIpv4IcmpCodeOp,1.3.6.1.4.1.5468.100.17.1.2.4.1.1.709,column,textual-convention,VTSSASType,packets,description text,read-write,yes,no,aclConfigAceIpv4IcmpCodeOp,Indicates how a IPv4 packet's ICMP code field is to be compared. This object is only available if FrameType is ipv4(5) and Ipv4Protocol is icmp(1).
switch,ML540M-ACL-MIB,ml540mAclConfigAceIpv4IcmpCode,1.3.6.1.4.1.5468.100.17.1.2.4.1.1.710,column,textual-convention,VTSSUnsigned8,,,read-write,yes,no,aclConfigAceIpv4IcmpCode,"The ICMP code field in the IPv4 header. Possible values are 0-255. This object is only available if FrameType is ipv4(5), Ipv4Protocol is icmp(1) and"
switch,ML540M-ACL-MIB,ml540mAclConfigAceIpv4SrcPortOp,1.3.6.1.4.1.5468.100.17.1.2.4.1.1.711,column,textual-convention,VTSSASRType,packets,description text,read-write,yes,no,aclConfigAceIpv4SrcPortOp,Indicates how a packet's source TCP/UDP port number is to be compared. This object is only available if FrameType is ipv4(5).
switch,ML540M-ACL-MIB,ml540mAclConfigAceIpv4SrcPort,1.3.6.1.4.1.5468.100.17.1.2.4.1.1.712,column,textual-convention,VTSSUnsigned16,,,read-write,yes,no,aclConfigAceIpv4SrcPort,"The source port number of the TCP or UDP protocol. If the Ipv4SrcPortOp object is range(2), this object will be the starting port number of the port r"
switch,ML540M-ACL-MIB,ml540mAclConfigAceIpv4SrcPortRange,1.3.6.1.4.1.5468.100.17.1.2.4.1.1.713,column,textual-convention,VTSSUnsigned16,,,read-write,yes,no,aclConfigAceIpv4SrcPortRange,"The source port number of the TCP or UDP protocol. If the Ipv4SrcPortOp object is range(2), this object will be the ending port number of the port ran"
switch,ML540M-ACL-MIB,ml540mAclConfigAceIpv4DestPortOp,1.3.6.1.4.1.5468.100.17.1.2.4.1.1.714,column,textual-convention,VTSSASRType,packets,description text,read-write,yes,no,aclConfigAceIpv4DestPortOp,Indicates how a packet's destination TCP/UDP port number is to be compared. This object is only available if FrameType is ipv4(5).
switch,ML540M-ACL-MIB,ml540mAclConfigAceIpv4DestPort,1.3.6.1.4.1.5468.100.17.1.2.4.1.1.715,column,textual-convention,VTSSUnsigned16,,,read-write,yes,no,aclConfigAceIpv4DestPort,"The destination port number of the TCP or UDP protocol. If the Ipv4DestPortOp object in the same row is range(2), this object will be the starting por"
switch,ML540M-ACL-MIB,ml540mAclConfigAceIpv4DestPortRange,1.3.6.1.4.1.5468.100.17.1.2.4.1.1.716,column,textual-convention,VTSSUnsigned16,,,read-write,yes,no,aclConfigAceIpv4DestPortRange,"The destination port number of the TCP or UDP protocol. If the Ipv4DestPortOp object in the same row is range(2), this object will be the ending port"
switch,ML540M-ACL-MIB,ml540mAclConfigAceIpv4FlagTtl,1.3.6.1.4.1.5468.100.17.1.2.4.1.1.717,column,textual-convention,VTSSBitType,packets,description text,read-write,yes,no,aclConfigAceIpv4FlagTtl,"Indicates how a IPv4 packet's Time-to-Live field (TTL) is to be compared. The value 0 means any TTL value is allowed (don't-care field), value 1 means"
switch,ML540M-ACL-MIB,ml540mAclConfigAceIpv4FlagFragment,1.3.6.1.4.1.5468.100.17.1.2.4.1.1.718,column,textual-convention,VTSSBitType,packets,description text,read-write,yes,no,aclConfigAceIpv4FlagFragment,"Indicates how a IPv4 packet's More-Fragments field (MF) is to be compared. The value 0 means any MF value is allowed (don't-care field), value 1 means"
switch,ML540M-ACL-MIB,ml540mAclConfigAceIpv4FlagIpOption,1.3.6.1.4.1.5468.100.17.1.2.4.1.1.719,column,textual-convention,VTSSBitType,packets,description text,read-write,yes,no,aclConfigAceIpv4FlagIpOption,Indicates how a IPv4 packet's options field is to be compared. This object is only available if FrameType is ipv4(5).
switch,ML540M-ACL-MIB,ml540mAclConfigAceIpv4TcpFlagFin,1.3.6.1.4.1.5468.100.17.1.2.4.1.1.720,column,textual-convention,VTSSBitType,,,read-write,yes,no,aclConfigAceIpv4TcpFlagFin,Indicates how the IPv4 TCP FIN flag is matched. This object is only available if FrameType is ipv4(5) and Ipv4Protocol is tcp(6).
switch,ML540M-ACL-MIB,ml540mAclConfigAceIpv4TcpFlagSyn,1.3.6.1.4.1.5468.100.17.1.2.4.1.1.721,column,textual-convention,VTSSBitType,,,read-write,yes,no,aclConfigAceIpv4TcpFlagSyn,Indicates how the IPv4 TCP SYN flag is matched. This object is only available if FrameType is ipv4(5) and Ipv4Protocol is tcp(6).
switch,ML540M-ACL-MIB,ml540mAclConfigAceIpv4TcpFlagRst,1.3.6.1.4.1.5468.100.17.1.2.4.1.1.722,column,textual-convention,VTSSBitType,,,read-write,yes,no,aclConfigAceIpv4TcpFlagRst,Indicates how the IPv4 TCP RST flag is matched. This object is only available if FrameType is ipv4(5) and Ipv4Protocol is tcp(6).
switch,ML540M-ACL-MIB,ml540mAclConfigAceIpv4TcpFlagPsh,1.3.6.1.4.1.5468.100.17.1.2.4.1.1.723,column,textual-convention,VTSSBitType,,,read-write,yes,no,aclConfigAceIpv4TcpFlagPsh,Indicates how the IPv4 TCP PSH flag is matched. This object is only available if FrameType is ipv4(5) and Ipv4Protocol is tcp(6).
switch,ML540M-ACL-MIB,ml540mAclConfigAceIpv4TcpFlagAck,1.3.6.1.4.1.5468.100.17.1.2.4.1.1.724,column,textual-convention,VTSSBitType,,,read-write,yes,no,aclConfigAceIpv4TcpFlagAck,Indicates how the IPv4 TCP ACK flag is matched. This object is only available if FrameType is ipv4(5) and Ipv4Protocol is tcp(6).
switch,ML540M-ACL-MIB,ml540mAclConfigAceIpv4TcpFlagUrg,1.3.6.1.4.1.5468.100.17.1.2.4.1.1.725,column,textual-convention,VTSSBitType,,,read-write,yes,no,aclConfigAceIpv4TcpFlagUrg,Indicates how the IPv4 TCP URG flag is matched. This object is only available if FrameType is ipv4(5) and Ipv4Protocol is tcp(6).
switch,ML540M-ACL-MIB,ml540mAclConfigAceIpv6NextHeaderOp,1.3.6.1.4.1.5468.100.17.1.2.4.1.1.801,column,textual-convention,VTSSASType,,,read-write,yes,no,aclConfigAceIpv6NextHeaderOp,Specify the IPv6 next header filter for this ACE. This object is only available if FrameType is ipv6(6).
switch,ML540M-ACL-MIB,ml540mAclConfigAceIpv6NextHeader,1.3.6.1.4.1.5468.100.17.1.2.4.1.1.802,column,textual-convention,VTSSUnsigned8,frames,description text,read-write,yes,no,aclConfigAceIpv6NextHeader,"When 'Specific' is selected for the IPv6 next header value, you can enter a specific value. The allowed range is 0 to 255. A frame that hits this ACE"
switch,ML540M-ACL-MIB,ml540mAclConfigAceIpv6Icmpv6TypeOp,1.3.6.1.4.1.5468.100.17.1.2.4.1.1.803,column,textual-convention,VTSSASType,packets,description text,read-write,yes,no,aclConfigAceIpv6Icmpv6TypeOp,Indicates how a IPv6 packet's ICMPv6 type field is to be compared. This object is only available if FrameType is ipv6(6) and Ipv6NextHeader is icmpv6(
switch,ML540M-ACL-MIB,ml540mAclConfigAceIpv6Icmpv6Type,1.3.6.1.4.1.5468.100.17.1.2.4.1.1.804,column,textual-convention,VTSSUnsigned8,,,read-write,yes,no,aclConfigAceIpv6Icmpv6Type,"The ICMPv6 type field in the IPv6 header. Possible values are 0-255. This object is only available if FrameType is ipv6(6), Ipv6NextHeader is icmpv6(5"
switch,ML540M-ACL-MIB,ml540mAclConfigAceIpv6Icmpv6CodeOp,1.3.6.1.4.1.5468.100.17.1.2.4.1.1.805,column,textual-convention,VTSSASType,packets,description text,read-write,yes,no,aclConfigAceIpv6Icmpv6CodeOp,Indicates how a IPv6 packet's ICMPv6 code field is to be compared. This object is only available if FrameType is ipv6(6) and Ipv6NextHeader is icmpv6(
switch,ML540M-ACL-MIB,ml540mAclConfigAceIpv6Icmpv6Code,1.3.6.1.4.1.5468.100.17.1.2.4.1.1.806,column,textual-convention,VTSSUnsigned8,,,read-write,yes,no,aclConfigAceIpv6Icmpv6Code,"The ICMP code field in the IPv6 header. Possible values are 0-255. This object is only available if FrameType is ipv6(6), Ipv6NextHeader is icmpv6(58)"
switch,ML540M-ACL-MIB,ml540mAclConfigAceIpv6SrcIp,1.3.6.1.4.1.5468.100.17.1.2.4.1.1.807,column,textual-convention,InetAddressIPv6,packets,description text,read-write,yes,no,aclConfigAceIpv6SrcIp,The specified source IPv6 address. The packet's sender address is AND-ed with the value of Ipv6SrcIpMask and then compared with the value of this obje
switch,ML540M-ACL-MIB,ml540mAclConfigAceIpv6SrcIpMask,1.3.6.1.4.1.5468.100.17.1.2.4.1.1.808,column,textual-convention,InetAddressIPv6,,,read-write,yes,no,aclConfigAceIpv6SrcIpMask,The specified source IPv6 address mask. This object is only available if FrameType is ipv6(6).
switch,ML540M-ACL-MIB,ml540mAclConfigAceIpv6SrcPortOp,1.3.6.1.4.1.5468.100.17.1.2.4.1.1.809,column,textual-convention,VTSSASRType,packets,description text,read-write,yes,no,aclConfigAceIpv6SrcPortOp,Indicates how a packet's source TCP/UDP port number is to be compared. This object is only available if FrameType is ipv6(6).
switch,ML540M-ACL-MIB,ml540mAclConfigAceIpv6SrcPort,1.3.6.1.4.1.5468.100.17.1.2.4.1.1.810,column,textual-convention,VTSSUnsigned16,,,read-write,yes,no,aclConfigAceIpv6SrcPort,"The source port number of the TCP or UDP protocol. If the Ipv6SrcPortOp object in the same row is range(2), this object will be the starting port numb"
switch,ML540M-ACL-MIB,ml540mAclConfigAceIpv6SrcPortRange,1.3.6.1.4.1.5468.100.17.1.2.4.1.1.811,column,textual-convention,VTSSUnsigned16,,,read-write,yes,no,aclConfigAceIpv6SrcPortRange,"The source port number of the TCP or UDP protocol. If the Ipv6SrcPortOp object in the same row is range(2), this object will be the ending port number"
switch,ML540M-ACL-MIB,ml540mAclConfigAceIpv6DestPortOp,1.3.6.1.4.1.5468.100.17.1.2.4.1.1.812,column,textual-convention,VTSSASRType,packets,description text,read-write,yes,no,aclConfigAceIpv6DestPortOp,Indicates how a packet's destination TCP/UDP port number is to be compared. This object is only available if FrameType is ipv6(6).
switch,ML540M-ACL-MIB,ml540mAclConfigAceIpv6DestPort,1.3.6.1.4.1.5468.100.17.1.2.4.1.1.813,column,textual-convention,VTSSUnsigned16,,,read-write,yes,no,aclConfigAceIpv6DestPort,"The destination port number of the TCP or UDP protocol. If the Ipv6DestPortOp object in the same row is range(2), this object will be the starting por"
switch,ML540M-ACL-MIB,ml540mAclConfigAceIpv6DestPortRange,1.3.6.1.4.1.5468.100.17.1.2.4.1.1.814,column,textual-convention,VTSSUnsigned16,,,read-write,yes,no,aclConfigAceIpv6DestPortRange,"The destination port number of the TCP or UDP protocol. If the Ipv6DestPortOp object in the same row is range(2), this object will be the ending port"
switch,ML540M-ACL-MIB,ml540mAclConfigAceIpv6FlagTtl,1.3.6.1.4.1.5468.100.17.1.2.4.1.1.815,column,textual-convention,VTSSBitType,packets,description text,read-write,yes,no,aclConfigAceIpv6FlagTtl,"Indicates how a IPv6 packet's Time-to-Live field (TTL) is to be compared. The value 0 means any TTL value is allowed (don't-care field), value 1 means"
switch,ML540M-ACL-MIB,ml540mAclConfigAceIpv6TcpFlagFin,1.3.6.1.4.1.5468.100.17.1.2.4.1.1.816,column,textual-convention,VTSSBitType,packets,description text,read-write,yes,no,aclConfigAceIpv6TcpFlagFin,Indicates how a IPv6 TCP packet's 'No more data from sender' field (FIN) is to be compared. The value 0 means any FIN value is allowed (don't-care fie
switch,ML540M-ACL-MIB,ml540mAclConfigAceIpv6TcpFlagSyn,1.3.6.1.4.1.5468.100.17.1.2.4.1.1.817,column,textual-convention,VTSSBitType,packets,description text,read-write,yes,no,aclConfigAceIpv6TcpFlagSyn,Indicates how a IPv6 TCP packet's 'Synchronize sequence numbers' field (SYN) is to be compared. The value 0 means any SYN value is allowed (don't-care
switch,ML540M-ACL-MIB,ml540mAclConfigAceIpv6TcpFlagRst,1.3.6.1.4.1.5468.100.17.1.2.4.1.1.818,column,textual-convention,VTSSBitType,packets,description text,read-write,yes,no,aclConfigAceIpv6TcpFlagRst,"Indicates how a IPv6 TCP packet's 'Reset the connection' field (RST) is to be compared. The value 0 means any RST value is allowed (don't-care field),"
switch,ML540M-ACL-MIB,ml540mAclConfigAceIpv6TcpFlagPsh,1.3.6.1.4.1.5468.100.17.1.2.4.1.1.819,column,textual-convention,VTSSBitType,packets,description text,read-write,yes,no,aclConfigAceIpv6TcpFlagPsh,"Indicates how a IPv6 TCP packet's 'Push Function' field (PSH) is to be compared. The value 0 means any PSH value is allowed (don't-care field), value"
switch,ML540M-ACL-MIB,ml540mAclConfigAceIpv6TcpFlagAck,1.3.6.1.4.1.5468.100.17.1.2.4.1.1.820,column,textual-convention,VTSSBitType,packets,description text,read-write,yes,no,aclConfigAceIpv6TcpFlagAck,Indicates how a IPv6 TCP packet's 'Acknowledgment field significant' field (ACK) is to be compared. The value 0 means any FIN value is allowed (don't-
switch,ML540M-ACL-MIB,ml540mAclConfigAceIpv6TcpFlagUrg,1.3.6.1.4.1.5468.100.17.1.2.4.1.1.821,column,textual-convention,VTSSBitType,packets,description text,read-write,yes,no,aclConfigAceIpv6TcpFlagUrg,Indicates how a IPv6 TCP packet's 'Urgent Pointer field significant' field (URG) is to be compared. The value 0 means any URG value is allowed (don't-
switch,ML540M-ACL-MIB,ml540mAclConfigAceAction,1.3.6.1.4.1.5468.100.17.1.2.4.1.1.10000,column,textual-convention,VTSSRowEditorState,,,read-write,yes,no,aclConfigAceAction,Action
switch,ML540M-ACL-MIB,ml540mAclConfigAceRowEditorAceId,1.3.6.1.4.1.5468.100.17.1.2.4.2.1,scalar,integer,,,,read-write,yes,no,aclConfigAceRowEditorAceId,The ACE ID.
switch,ML540M-ACL-MIB,ml540mAclConfigAceRowEditorNextAceId,1.3.6.1.4.1.5468.100.17.1.2.4.2.2,scalar,unsigned32,,,,read-write,yes,no,aclConfigAceRowEditorNextAceId,The ID of ACE next to this ACE.
switch,ML540M-ACL-MIB,ml540mAclConfigAceRowEditorHitAction,1.3.6.1.4.1.5468.100.17.1.2.4.2.101,scalar,textual-convention,VTSSAclHitAction,,,read-write,yes,no,aclConfigAceRowEditorHitAction,The hit action operation for this ACE.
switch,ML540M-ACL-MIB,ml540mAclConfigAceRowEditorRedirectPortList,1.3.6.1.4.1.5468.100.17.1.2.4.2.102,scalar,textual-convention,VTSSPortList,,,read-write,yes,no,aclConfigAceRowEditorRedirectPortList,The redirect port list for this ACE.
switch,ML540M-ACL-MIB,ml540mAclConfigAceRowEditorRedirectPortListSwitchPort,1.3.6.1.4.1.5468.100.17.1.2.4.2.103,scalar,unsigned32,,,,read-write,yes,no,aclConfigAceRowEditorRedirectPortListSwitchPort,The redirect switch port for this ACE. The object is only abaliable if AclAceIngressPortListMode is switchport. And it is used when this ACE is applie
switch,ML540M-ACL-MIB,ml540mAclConfigAceRowEditorEgressPortList,1.3.6.1.4.1.5468.100.17.1.2.4.2.104,scalar,textual-convention,VTSSPortList,frames,description text,read-write,yes,no,aclConfigAceRowEditorEgressPortList,The egress port list. The port list is to define what ports are allowed to be egress ports. If the egress port of an incoming frame is in the port lis
switch,ML540M-ACL-MIB,ml540mAclConfigAceRowEditorRateLimiterId,1.3.6.1.4.1.5468.100.17.1.2.4.2.105,scalar,unsigned32,,,,read-write,yes,no,aclConfigAceRowEditorRateLimiterId,The rate limiter ID. 0 means to be disabled.
switch,ML540M-ACL-MIB,ml540mAclConfigAceRowEditorEvcPolicerId,1.3.6.1.4.1.5468.100.17.1.2.4.2.106,scalar,textual-convention,VTSSUnsigned16,,,read-write,yes,no,aclConfigAceRowEditorEvcPolicerId,The EVC policer ID. 0 means to be disabled. This object is only available if the capability object 'ml540mAclCapabilitiesEvcPolicerSupported' is True.
switch,ML540M-ACL-MIB,ml540mAclConfigAceRowEditorMirror,1.3.6.1.4.1.5468.100.17.1.2.4.2.107,scalar,boolean,TruthValue,frames,description text,read-write,yes,no,aclConfigAceRowEditorMirror,The mirror operation. Frames matching this ACE are mirrored to the destination mirror port that is configured in the mirror module. This object is onl
switch,ML540M-ACL-MIB,ml540mAclConfigAceRowEditorLogging,1.3.6.1.4.1.5468.100.17.1.2.4.2.108,scalar,boolean,TruthValue,bytes,description text,read-write,yes,no,aclConfigAceRowEditorLogging,Specify the logging operation of the ACE. Notice that the logging message doesn't include the 4 bytes CRC information. The allowed values are: True -
switch,ML540M-ACL-MIB,ml540mAclConfigAceRowEditorShutdown,1.3.6.1.4.1.5468.100.17.1.2.4.2.109,scalar,boolean,TruthValue,frames,description text,read-write,yes,no,aclConfigAceRowEditorShutdown,"Specify the port shut down operation of the ACE. The allowed values are: True: If a frame matches the ACE, the ingress port will be shuted down. False"
switch,ML540M-ACL-MIB,ml540mAclConfigAceRowEditorIngressPortListMode,1.3.6.1.4.1.5468.100.17.1.2.4.2.201,scalar,textual-convention,VTSSAclAceIngressPortListMode,,,read-write,yes,no,aclConfigAceRowEditorIngressPortListMode,The ingress port list mode for this ACE. The possible mode are: 'any': Indicates this ACE is applied on all switches and all ports. 'specific': Indica
switch,ML540M-ACL-MIB,ml540mAclConfigAceRowEditorIngressPortList,1.3.6.1.4.1.5468.100.17.1.2.4.2.202,scalar,textual-convention,VTSSPortList,,,read-write,yes,no,aclConfigAceRowEditorIngressPortList,The ingress port list for this ACE. The object is only abaliable if AclAceIngressPortListMode is specific. And it is used when this ACE is applied on
switch,ML540M-ACL-MIB,ml540mAclConfigAceRowEditorIngressPortListSwitch,1.3.6.1.4.1.5468.100.17.1.2.4.2.203,scalar,unsigned32,,,,read-write,yes,no,aclConfigAceRowEditorIngressPortListSwitch,The ingress switch ID for this ACE. The object is only abaliable if AclAceIngressPortListMode is switch. And it is used when this ACE is applied on sp
switch,ML540M-ACL-MIB,ml540mAclConfigAceRowEditorIngressPortListSwitchPort,1.3.6.1.4.1.5468.100.17.1.2.4.2.204,scalar,unsigned32,,,,read-write,yes,no,aclConfigAceRowEditorIngressPortListSwitchPort,The ingress switch port for this ACE. The object is only abaliable if AclAceIngressPortListMode is switchport. And it is used when this ACE is applied
switch,ML540M-ACL-MIB,ml540mAclConfigAceRowEditorPolicyValue,1.3.6.1.4.1.5468.100.17.1.2.4.2.205,scalar,textual-convention,VTSSUnsigned8,,,read-write,yes,no,aclConfigAceRowEditorPolicyValue,The policy number for this ACE.
switch,ML540M-ACL-MIB,ml540mAclConfigAceRowEditorPolicyMask,1.3.6.1.4.1.5468.100.17.1.2.4.2.206,scalar,textual-convention,VTSSUnsigned8,,,read-write,yes,no,aclConfigAceRowEditorPolicyMask,"The policy mask for this ACE. The allowed range is 0x0 to 0xff. If the binary bit value is '0', it means this bit is don't-care. The real matched patt"
switch,ML540M-ACL-MIB,ml540mAclConfigAceRowEditorSecondLookup,1.3.6.1.4.1.5468.100.17.1.2.4.2.207,scalar,boolean,TruthValue,seconds,description text,read-write,yes,no,aclConfigAceRowEditorSecondLookup,The second lookup operation for this ACE. This object is only available if the capability object 'ml540mAclCapabilitiesSecondLookupSupported' is True.
switch,ML540M-ACL-MIB,ml540mAclConfigAceRowEditorVlanId,1.3.6.1.4.1.5468.100.17.1.2.4.2.301,scalar,textual-convention,VTSSUnsigned16,,,read-write,yes,no,aclConfigAceRowEditorVlanId,"The VLAN ID for this ACE. Possible values are: 0(disabled), 1-4095."
switch,ML540M-ACL-MIB,ml540mAclConfigAceRowEditorVlanTagPriority,1.3.6.1.4.1.5468.100.17.1.2.4.2.302,scalar,textual-convention,VTSSVlanTagPriority,,,read-write,yes,no,aclConfigAceRowEditorVlanTagPriority,The VLAN tag priority for this ACE.
switch,ML540M-ACL-MIB,ml540mAclConfigAceRowEditorVlanTagged,1.3.6.1.4.1.5468.100.17.1.2.4.2.303,scalar,textual-convention,VTSSAclAceVlanTagged,,,read-write,yes,no,aclConfigAceRowEditorVlanTagged,The 802.1Q VLAN tagged for this ACE. This object is only available if the capability object 'ml540mAclCapabilitiesVlanTaggedSupported' is True.
switch,ML540M-ACL-MIB,ml540mAclConfigAceRowEditorFrameType,1.3.6.1.4.1.5468.100.17.1.2.4.2.401,scalar,textual-convention,VTSSAclAceFrameType,frames,description text,read-write,yes,no,aclConfigAceRowEditorFrameType,The frame type for this ACE.
switch,ML540M-ACL-MIB,ml540mAclConfigAceRowEditorDestMacOp,1.3.6.1.4.1.5468.100.17.1.2.4.2.402,scalar,textual-convention,VTSSAdvDestMacType,packets,description text,read-write,yes,no,aclConfigAceRowEditorDestMacOp,Indicates how a packet's destination MAC address to be matched.
switch,ML540M-ACL-MIB,ml540mAclConfigAceRowEditorEtherSrcMacOp,1.3.6.1.4.1.5468.100.17.1.2.4.2.501,scalar,textual-convention,VTSSASType,packets,description text,read-write,yes,no,aclConfigAceRowEditorEtherSrcMacOp,Indicates how a Ethernet type packet's source MAC address to be matched. This object is only available if FrameType is ether(1).
switch,ML540M-ACL-MIB,ml540mAclConfigAceRowEditorEtherSrcMac,1.3.6.1.4.1.5468.100.17.1.2.4.2.502,scalar,mac-address,MacAddress,,,read-write,yes,no,aclConfigAceRowEditorEtherSrcMac,Indicates the 48 bits source MAC address. This object is only available if FrameType is ether(1) and EtherSrcMacOp is specific(1).
switch,ML540M-ACL-MIB,ml540mAclConfigAceRowEditorEtherDestMac,1.3.6.1.4.1.5468.100.17.1.2.4.2.503,scalar,mac-address,MacAddress,,,read-write,yes,no,aclConfigAceRowEditorEtherDestMac,Indicates the 48 bits destination MAC address. This object is only available if FrameType is ether(1) and EtherDestMacOp is specific(1).
switch,ML540M-ACL-MIB,ml540mAclConfigAceRowEditorEtherType,1.3.6.1.4.1.5468.100.17.1.2.4.2.504,scalar,textual-convention,VTSSUnsigned16,packets,description text,read-write,yes,no,aclConfigAceRowEditorEtherType,"Indicates the packet's 16 bit Ethernet type field. Possible values are: 0(disabled), 0x600-0xFFFF but excluding 0x800(IPv4), 0x806(ARP) and 0x86DD(IPv"
switch,ML540M-ACL-MIB,ml540mAclConfigAceRowEditorArpSrcMacOp,1.3.6.1.4.1.5468.100.17.1.2.4.2.601,scalar,textual-convention,VTSSASType,packets,description text,read-write,yes,no,aclConfigAceRowEditorArpSrcMacOp,Indicates how a ARP packet's source MAC address to be matched. This object is only available if FrameType is arp(4).
switch,ML540M-ACL-MIB,ml540mAclConfigAceRowEditorArpSrcMac,1.3.6.1.4.1.5468.100.17.1.2.4.2.602,scalar,mac-address,MacAddress,,,read-write,yes,no,aclConfigAceRowEditorArpSrcMac,Indicates the 48 bits source MAC address. This object is only available if FrameType is arp(4) and ArpSrcMacOp is specific(1).
switch,ML540M-ACL-MIB,ml540mAclConfigAceRowEditorArpSenderIp,1.3.6.1.4.1.5468.100.17.1.2.4.2.603,scalar,ipv4-address,,packets,description text,read-write,yes,no,aclConfigAceRowEditorArpSenderIp,The specified ARP sender IP address. The packet's sender address is AND-ed with the value of ArpSenderIpMask and then compared with the value of this
switch,ML540M-ACL-MIB,ml540mAclConfigAceRowEditorArpSenderIpMask,1.3.6.1.4.1.5468.100.17.1.2.4.2.604,scalar,ipv4-address,,,,read-write,yes,no,aclConfigAceRowEditorArpSenderIpMask,The specified ARP sender IP address mask. This object is only available if FrameType is arp(4).
switch,ML540M-ACL-MIB,ml540mAclConfigAceRowEditorArpTargetIp,1.3.6.1.4.1.5468.100.17.1.2.4.2.605,scalar,ipv4-address,,packets,description text,read-write,yes,no,aclConfigAceRowEditorArpTargetIp,The specified ARP target IP address. The packet's target address is AND-ed with the value of ArpTragetIpMask and then compared with the value of this
switch,ML540M-ACL-MIB,ml540mAclConfigAceRowEditorArpTargetIpMask,1.3.6.1.4.1.5468.100.17.1.2.4.2.606,scalar,ipv4-address,,,,read-write,yes,no,aclConfigAceRowEditorArpTargetIpMask,The specified ARP target IP address mask. This object is only available if FrameType is arp(4).
switch,ML540M-ACL-MIB,ml540mAclConfigAceRowEditorArpOpcode,1.3.6.1.4.1.5468.100.17.1.2.4.2.607,scalar,textual-convention,VTSSAclAceArpOp,packets,description text,read-write,yes,no,aclConfigAceRowEditorArpOpcode,Indicates how a ARP packet's opcode to be matched. This object is only available if FrameType is arp(4).
switch,ML540M-ACL-MIB,ml540mAclConfigAceRowEditorArpFlagReq,1.3.6.1.4.1.5468.100.17.1.2.4.2.608,scalar,textual-convention,VTSSBitType,packets,description text,read-write,yes,no,aclConfigAceRowEditorArpFlagReq,Indicates how a ARP packet's request/reply opcode is to be compared. This object is only available if FrameType is arp(4).
switch,ML540M-ACL-MIB,ml540mAclConfigAceRowEditorArpFlagSha,1.3.6.1.4.1.5468.100.17.1.2.4.2.609,scalar,textual-convention,VTSSBitType,packets,description text,read-write,yes,no,aclConfigAceRowEditorArpFlagSha,Indicates how a ARP packet's sender hardware address field (SHA) to be compared. This object is only available if FrameType is arp(4).
switch,ML540M-ACL-MIB,ml540mAclConfigAceRowEditorArpFlagTha,1.3.6.1.4.1.5468.100.17.1.2.4.2.610,scalar,textual-convention,VTSSBitType,packets,description text,read-write,yes,no,aclConfigAceRowEditorArpFlagTha,Indicates how a ARP packet's target hardware address field (THA) is to be compared. This object is only available if FrameType is arp(4).
switch,ML540M-ACL-MIB,ml540mAclConfigAceRowEditorArpFlagHln,1.3.6.1.4.1.5468.100.17.1.2.4.2.611,scalar,textual-convention,VTSSBitType,packets,description text,read-write,yes,no,aclConfigAceRowEditorArpFlagHln,"Indicates how a ARP packet's s hardware address length field (HLN) is to be compared. The value 0 means any HLN value is allowed (don't-care field), v"
switch,ML540M-ACL-MIB,ml540mAclConfigAceRowEditorArpFlagHrd,1.3.6.1.4.1.5468.100.17.1.2.4.2.612,scalar,textual-convention,VTSSBitType,packets,description text,read-write,yes,no,aclConfigAceRowEditorArpFlagHrd,"Indicates how a ARP packet's hardware address space field (HRD) is to be compared. The value 0 means any HRD value is allowed (don't-care field), valu"
switch,ML540M-ACL-MIB,ml540mAclConfigAceRowEditorArpFlagPro,1.3.6.1.4.1.5468.100.17.1.2.4.2.613,scalar,textual-convention,VTSSBitType,packets,description text,read-write,yes,no,aclConfigAceRowEditorArpFlagPro,"Indicates how a ARP packet's protocol address space field (PRO) is to be compared. The value 0 means any PRO value is allowed (don't-care field), valu"
switch,ML540M-ACL-MIB,ml540mAclConfigAceRowEditorIpv4ProtocolOp,1.3.6.1.4.1.5468.100.17.1.2.4.2.701,scalar,textual-convention,VTSSASType,packets,description text,read-write,yes,no,aclConfigAceRowEditorIpv4ProtocolOp,Indicates how a IPv4 packet's protocol field is to be compared. This object is only available if FrameType is ipv4(5).
switch,ML540M-ACL-MIB,ml540mAclConfigAceRowEditorIpv4Protocol,1.3.6.1.4.1.5468.100.17.1.2.4.2.702,scalar,textual-convention,VTSSUnsigned8,,,read-write,yes,no,aclConfigAceRowEditorIpv4Protocol,The protocol number field in the IPv4 header used to indicate a higher layer protocol. Possible values are 0-255. This object is only available if Fra
switch,ML540M-ACL-MIB,ml540mAclConfigAceRowEditorIpv4SrcIp,1.3.6.1.4.1.5468.100.17.1.2.4.2.703,scalar,ipv4-address,,packets,description text,read-write,yes,no,aclConfigAceRowEditorIpv4SrcIp,The specified source IPv4 address. The packet's sender address is AND-ed with the value of Ipv4SrcIpMask and then compared with the value of this obje
switch,ML540M-ACL-MIB,ml540mAclConfigAceRowEditorIpv4SrcIpMask,1.3.6.1.4.1.5468.100.17.1.2.4.2.704,scalar,ipv4-address,,,,read-write,yes,no,aclConfigAceRowEditorIpv4SrcIpMask,The specified source IPv4 address mask. This object is only available if FrameType is ipv4(5).
switch,ML540M-ACL-MIB,ml540mAclConfigAceRowEditorIpv4DestIp,1.3.6.1.4.1.5468.100.17.1.2.4.2.705,scalar,ipv4-address,,packets,description text,read-write,yes,no,aclConfigAceRowEditorIpv4DestIp,The specified destination IPv4 address. The packet's sender address is AND-ed with the value of Ipv4DestIpMask and then compared with the value of thi
switch,ML540M-ACL-MIB,ml540mAclConfigAceRowEditorIpv4DestIpMask,1.3.6.1.4.1.5468.100.17.1.2.4.2.706,scalar,ipv4-address,,,,read-write,yes,no,aclConfigAceRowEditorIpv4DestIpMask,The specified destination IPv4 address mask. This object is only available if FrameType is ipv4(5).
switch,ML540M-ACL-MIB,ml540mAclConfigAceRowEditorIpv4IcmpTypeOp,1.3.6.1.4.1.5468.100.17.1.2.4.2.707,scalar,textual-convention,VTSSASType,packets,description text,read-write,yes,no,aclConfigAceRowEditorIpv4IcmpTypeOp,Indicates how a IPv4 packet's ICMP type field is to be compared. This object is only available if FrameType is ipv4(5) and Ipv4Protocol is icmp(1).
switch,ML540M-ACL-MIB,ml540mAclConfigAceRowEditorIpv4IcmpType,1.3.6.1.4.1.5468.100.17.1.2.4.2.708,scalar,textual-convention,VTSSUnsigned8,,,read-write,yes,no,aclConfigAceRowEditorIpv4IcmpType,"The ICMP type field in the IPv4 header. Possible values are 0-255. This object is only available if FrameType is ipv4(5), Ipv4Protocol is icmp(1) and"
switch,ML540M-ACL-MIB,ml540mAclConfigAceRowEditorIpv4IcmpCodeOp,1.3.6.1.4.1.5468.100.17.1.2.4.2.709,scalar,textual-convention,VTSSASType,packets,description text,read-write,yes,no,aclConfigAceRowEditorIpv4IcmpCodeOp,Indicates how a IPv4 packet's ICMP code field is to be compared. This object is only available if FrameType is ipv4(5) and Ipv4Protocol is icmp(1).
switch,ML540M-ACL-MIB,ml540mAclConfigAceRowEditorIpv4IcmpCode,1.3.6.1.4.1.5468.100.17.1.2.4.2.710,scalar,textual-convention,VTSSUnsigned8,,,read-write,yes,no,aclConfigAceRowEditorIpv4IcmpCode,"The ICMP code field in the IPv4 header. Possible values are 0-255. This object is only available if FrameType is ipv4(5), Ipv4Protocol is icmp(1) and"
switch,ML540M-ACL-MIB,ml540mAclConfigAceRowEditorIpv4SrcPortOp,1.3.6.1.4.1.5468.100.17.1.2.4.2.711,scalar,textual-convention,VTSSASRType,packets,description text,read-write,yes,no,aclConfigAceRowEditorIpv4SrcPortOp,Indicates how a packet's source TCP/UDP port number is to be compared. This object is only available if FrameType is ipv4(5).
switch,ML540M-ACL-MIB,ml540mAclConfigAceRowEditorIpv4SrcPort,1.3.6.1.4.1.5468.100.17.1.2.4.2.712,scalar,textual-convention,VTSSUnsigned16,,,read-write,yes,no,aclConfigAceRowEditorIpv4SrcPort,"The source port number of the TCP or UDP protocol. If the Ipv4SrcPortOp object is range(2), this object will be the starting port number of the port r"
switch,ML540M-ACL-MIB,ml540mAclConfigAceRowEditorIpv4SrcPortRange,1.3.6.1.4.1.5468.100.17.1.2.4.2.713,scalar,textual-convention,VTSSUnsigned16,,,read-write,yes,no,aclConfigAceRowEditorIpv4SrcPortRange,"The source port number of the TCP or UDP protocol. If the Ipv4SrcPortOp object is range(2), this object will be the ending port number of the port ran"
switch,ML540M-ACL-MIB,ml540mAclConfigAceRowEditorIpv4DestPortOp,1.3.6.1.4.1.5468.100.17.1.2.4.2.714,scalar,textual-convention,VTSSASRType,packets,description text,read-write,yes,no,aclConfigAceRowEditorIpv4DestPortOp,Indicates how a packet's destination TCP/UDP port number is to be compared. This object is only available if FrameType is ipv4(5).
switch,ML540M-ACL-MIB,ml540mAclConfigAceRowEditorIpv4DestPort,1.3.6.1.4.1.5468.100.17.1.2.4.2.715,scalar,textual-convention,VTSSUnsigned16,,,read-write,yes,no,aclConfigAceRowEditorIpv4DestPort,"The destination port number of the TCP or UDP protocol. If the Ipv4DestPortOp object in the same row is range(2), this object will be the starting por"
switch,ML540M-ACL-MIB,ml540mAclConfigAceRowEditorIpv4DestPortRange,1.3.6.1.4.1.5468.100.17.1.2.4.2.716,scalar,textual-convention,VTSSUnsigned16,,,read-write,yes,no,aclConfigAceRowEditorIpv4DestPortRange,"The destination port number of the TCP or UDP protocol. If the Ipv4DestPortOp object in the same row is range(2), this object will be the ending port"
switch,ML540M-ACL-MIB,ml540mAclConfigAceRowEditorIpv4FlagTtl,1.3.6.1.4.1.5468.100.17.1.2.4.2.717,scalar,textual-convention,VTSSBitType,packets,description text,read-write,yes,no,aclConfigAceRowEditorIpv4FlagTtl,"Indicates how a IPv4 packet's Time-to-Live field (TTL) is to be compared. The value 0 means any TTL value is allowed (don't-care field), value 1 means"
switch,ML540M-ACL-MIB,ml540mAclConfigAceRowEditorIpv4FlagFragment,1.3.6.1.4.1.5468.100.17.1.2.4.2.718,scalar,textual-convention,VTSSBitType,packets,description text,read-write,yes,no,aclConfigAceRowEditorIpv4FlagFragment,"Indicates how a IPv4 packet's More-Fragments field (MF) is to be compared. The value 0 means any MF value is allowed (don't-care field), value 1 means"
switch,ML540M-ACL-MIB,ml540mAclConfigAceRowEditorIpv4FlagIpOption,1.3.6.1.4.1.5468.100.17.1.2.4.2.719,scalar,textual-convention,VTSSBitType,packets,description text,read-write,yes,no,aclConfigAceRowEditorIpv4FlagIpOption,Indicates how a IPv4 packet's options field is to be compared. This object is only available if FrameType is ipv4(5).
switch,ML540M-ACL-MIB,ml540mAclConfigAceRowEditorIpv4TcpFlagFin,1.3.6.1.4.1.5468.100.17.1.2.4.2.720,scalar,textual-convention,VTSSBitType,,,read-write,yes,no,aclConfigAceRowEditorIpv4TcpFlagFin,Indicates how the IPv4 TCP FIN flag is matched. This object is only available if FrameType is ipv4(5) and Ipv4Protocol is tcp(6).
switch,ML540M-ACL-MIB,ml540mAclConfigAceRowEditorIpv4TcpFlagSyn,1.3.6.1.4.1.5468.100.17.1.2.4.2.721,scalar,textual-convention,VTSSBitType,,,read-write,yes,no,aclConfigAceRowEditorIpv4TcpFlagSyn,Indicates how the IPv4 TCP SYN flag is matched. This object is only available if FrameType is ipv4(5) and Ipv4Protocol is tcp(6).
switch,ML540M-ACL-MIB,ml540mAclConfigAceRowEditorIpv4TcpFlagRst,1.3.6.1.4.1.5468.100.17.1.2.4.2.722,scalar,textual-convention,VTSSBitType,,,read-write,yes,no,aclConfigAceRowEditorIpv4TcpFlagRst,Indicates how the IPv4 TCP RST flag is matched. This object is only available if FrameType is ipv4(5) and Ipv4Protocol is tcp(6).
switch,ML540M-ACL-MIB,ml540mAclConfigAceRowEditorIpv4TcpFlagPsh,1.3.6.1.4.1.5468.100.17.1.2.4.2.723,scalar,textual-convention,VTSSBitType,,,read-write,yes,no,aclConfigAceRowEditorIpv4TcpFlagPsh,Indicates how the IPv4 TCP PSH flag is matched. This object is only available if FrameType is ipv4(5) and Ipv4Protocol is tcp(6).
switch,ML540M-ACL-MIB,ml540mAclConfigAceRowEditorIpv4TcpFlagAck,1.3.6.1.4.1.5468.100.17.1.2.4.2.724,scalar,textual-convention,VTSSBitType,,,read-write,yes,no,aclConfigAceRowEditorIpv4TcpFlagAck,Indicates how the IPv4 TCP ACK flag is matched. This object is only available if FrameType is ipv4(5) and Ipv4Protocol is tcp(6).
switch,ML540M-ACL-MIB,ml540mAclConfigAceRowEditorIpv4TcpFlagUrg,1.3.6.1.4.1.5468.100.17.1.2.4.2.725,scalar,textual-convention,VTSSBitType,,,read-write,yes,no,aclConfigAceRowEditorIpv4TcpFlagUrg,Indicates how the IPv4 TCP URG flag is matched. This object is only available if FrameType is ipv4(5) and Ipv4Protocol is tcp(6).
switch,ML540M-ACL-MIB,ml540mAclConfigAceRowEditorIpv6NextHeaderOp,1.3.6.1.4.1.5468.100.17.1.2.4.2.801,scalar,textual-convention,VTSSASType,,,read-write,yes,no,aclConfigAceRowEditorIpv6NextHeaderOp,Specify the IPv6 next header filter for this ACE. This object is only available if FrameType is ipv6(6).
switch,ML540M-ACL-MIB,ml540mAclConfigAceRowEditorIpv6NextHeader,1.3.6.1.4.1.5468.100.17.1.2.4.2.802,scalar,textual-convention,VTSSUnsigned8,frames,description text,read-write,yes,no,aclConfigAceRowEditorIpv6NextHeader,"When 'Specific' is selected for the IPv6 next header value, you can enter a specific value. The allowed range is 0 to 255. A frame that hits this ACE"
switch,ML540M-ACL-MIB,ml540mAclConfigAceRowEditorIpv6Icmpv6TypeOp,1.3.6.1.4.1.5468.100.17.1.2.4.2.803,scalar,textual-convention,VTSSASType,packets,description text,read-write,yes,no,aclConfigAceRowEditorIpv6Icmpv6TypeOp,Indicates how a IPv6 packet's ICMPv6 type field is to be compared. This object is only available if FrameType is ipv6(6) and Ipv6NextHeader is icmpv6(
switch,ML540M-ACL-MIB,ml540mAclConfigAceRowEditorIpv6Icmpv6Type,1.3.6.1.4.1.5468.100.17.1.2.4.2.804,scalar,textual-convention,VTSSUnsigned8,,,read-write,yes,no,aclConfigAceRowEditorIpv6Icmpv6Type,"The ICMPv6 type field in the IPv6 header. Possible values are 0-255. This object is only available if FrameType is ipv6(6), Ipv6NextHeader is icmpv6(5"
switch,ML540M-ACL-MIB,ml540mAclConfigAceRowEditorIpv6Icmpv6CodeOp,1.3.6.1.4.1.5468.100.17.1.2.4.2.805,scalar,textual-convention,VTSSASType,packets,description text,read-write,yes,no,aclConfigAceRowEditorIpv6Icmpv6CodeOp,Indicates how a IPv6 packet's ICMPv6 code field is to be compared. This object is only available if FrameType is ipv6(6) and Ipv6NextHeader is icmpv6(
switch,ML540M-ACL-MIB,ml540mAclConfigAceRowEditorIpv6Icmpv6Code,1.3.6.1.4.1.5468.100.17.1.2.4.2.806,scalar,textual-convention,VTSSUnsigned8,,,read-write,yes,no,aclConfigAceRowEditorIpv6Icmpv6Code,"The ICMP code field in the IPv6 header. Possible values are 0-255. This object is only available if FrameType is ipv6(6), Ipv6NextHeader is icmpv6(58)"
switch,ML540M-ACL-MIB,ml540mAclConfigAceRowEditorIpv6SrcIp,1.3.6.1.4.1.5468.100.17.1.2.4.2.807,scalar,textual-convention,InetAddressIPv6,packets,description text,read-write,yes,no,aclConfigAceRowEditorIpv6SrcIp,The specified source IPv6 address. The packet's sender address is AND-ed with the value of Ipv6SrcIpMask and then compared with the value of this obje
switch,ML540M-ACL-MIB,ml540mAclConfigAceRowEditorIpv6SrcIpMask,1.3.6.1.4.1.5468.100.17.1.2.4.2.808,scalar,textual-convention,InetAddressIPv6,,,read-write,yes,no,aclConfigAceRowEditorIpv6SrcIpMask,The specified source IPv6 address mask. This object is only available if FrameType is ipv6(6).
switch,ML540M-ACL-MIB,ml540mAclConfigAceRowEditorIpv6SrcPortOp,1.3.6.1.4.1.5468.100.17.1.2.4.2.809,scalar,textual-convention,VTSSASRType,packets,description text,read-write,yes,no,aclConfigAceRowEditorIpv6SrcPortOp,Indicates how a packet's source TCP/UDP port number is to be compared. This object is only available if FrameType is ipv6(6).
switch,ML540M-ACL-MIB,ml540mAclConfigAceRowEditorIpv6SrcPort,1.3.6.1.4.1.5468.100.17.1.2.4.2.810,scalar,textual-convention,VTSSUnsigned16,,,read-write,yes,no,aclConfigAceRowEditorIpv6SrcPort,"The source port number of the TCP or UDP protocol. If the Ipv6SrcPortOp object in the same row is range(2), this object will be the starting port numb"
switch,ML540M-ACL-MIB,ml540mAclConfigAceRowEditorIpv6SrcPortRange,1.3.6.1.4.1.5468.100.17.1.2.4.2.811,scalar,textual-convention,VTSSUnsigned16,,,read-write,yes,no,aclConfigAceRowEditorIpv6SrcPortRange,"The source port number of the TCP or UDP protocol. If the Ipv6SrcPortOp object in the same row is range(2), this object will be the ending port number"
switch,ML540M-ACL-MIB,ml540mAclConfigAceRowEditorIpv6DestPortOp,1.3.6.1.4.1.5468.100.17.1.2.4.2.812,scalar,textual-convention,VTSSASRType,packets,description text,read-write,yes,no,aclConfigAceRowEditorIpv6DestPortOp,Indicates how a packet's destination TCP/UDP port number is to be compared. This object is only available if FrameType is ipv6(6).
switch,ML540M-ACL-MIB,ml540mAclConfigAceRowEditorIpv6DestPort,1.3.6.1.4.1.5468.100.17.1.2.4.2.813,scalar,textual-convention,VTSSUnsigned16,,,read-write,yes,no,aclConfigAceRowEditorIpv6DestPort,"The destination port number of the TCP or UDP protocol. If the Ipv6DestPortOp object in the same row is range(2), this object will be the starting por"
switch,ML540M-ACL-MIB,ml540mAclConfigAceRowEditorIpv6DestPortRange,1.3.6.1.4.1.5468.100.17.1.2.4.2.814,scalar,textual-convention,VTSSUnsigned16,,,read-write,yes,no,aclConfigAceRowEditorIpv6DestPortRange,"The destination port number of the TCP or UDP protocol. If the Ipv6DestPortOp object in the same row is range(2), this object will be the ending port"
switch,ML540M-ACL-MIB,ml540mAclConfigAceRowEditorIpv6FlagTtl,1.3.6.1.4.1.5468.100.17.1.2.4.2.815,scalar,textual-convention,VTSSBitType,packets,description text,read-write,yes,no,aclConfigAceRowEditorIpv6FlagTtl,"Indicates how a IPv6 packet's Time-to-Live field (TTL) is to be compared. The value 0 means any TTL value is allowed (don't-care field), value 1 means"
switch,ML540M-ACL-MIB,ml540mAclConfigAceRowEditorIpv6TcpFlagFin,1.3.6.1.4.1.5468.100.17.1.2.4.2.816,scalar,textual-convention,VTSSBitType,packets,description text,read-write,yes,no,aclConfigAceRowEditorIpv6TcpFlagFin,Indicates how a IPv6 TCP packet's 'No more data from sender' field (FIN) is to be compared. The value 0 means any FIN value is allowed (don't-care fie
switch,ML540M-ACL-MIB,ml540mAclConfigAceRowEditorIpv6TcpFlagSyn,1.3.6.1.4.1.5468.100.17.1.2.4.2.817,scalar,textual-convention,VTSSBitType,packets,description text,read-write,yes,no,aclConfigAceRowEditorIpv6TcpFlagSyn,Indicates how a IPv6 TCP packet's 'Synchronize sequence numbers' field (SYN) is to be compared. The value 0 means any SYN value is allowed (don't-care
switch,ML540M-ACL-MIB,ml540mAclConfigAceRowEditorIpv6TcpFlagRst,1.3.6.1.4.1.5468.100.17.1.2.4.2.818,scalar,textual-convention,VTSSBitType,packets,description text,read-write,yes,no,aclConfigAceRowEditorIpv6TcpFlagRst,"Indicates how a IPv6 TCP packet's 'Reset the connection' field (RST) is to be compared. The value 0 means any RST value is allowed (don't-care field),"
switch,ML540M-ACL-MIB,ml540mAclConfigAceRowEditorIpv6TcpFlagPsh,1.3.6.1.4.1.5468.100.17.1.2.4.2.819,scalar,textual-convention,VTSSBitType,packets,description text,read-write,yes,no,aclConfigAceRowEditorIpv6TcpFlagPsh,"Indicates how a IPv6 TCP packet's 'Push Function' field (PSH) is to be compared. The value 0 means any PSH value is allowed (don't-care field), value"
switch,ML540M-ACL-MIB,ml540mAclConfigAceRowEditorIpv6TcpFlagAck,1.3.6.1.4.1.5468.100.17.1.2.4.2.820,scalar,textual-convention,VTSSBitType,packets,description text,read-write,yes,no,aclConfigAceRowEditorIpv6TcpFlagAck,Indicates how a IPv6 TCP packet's 'Acknowledgment field significant' field (ACK) is to be compared. The value 0 means any FIN value is allowed (don't-
switch,ML540M-ACL-MIB,ml540mAclConfigAceRowEditorIpv6TcpFlagUrg,1.3.6.1.4.1.5468.100.17.1.2.4.2.821,scalar,textual-convention,VTSSBitType,packets,description text,read-write,yes,no,aclConfigAceRowEditorIpv6TcpFlagUrg,Indicates how a IPv6 TCP packet's 'Urgent Pointer field significant' field (URG) is to be compared. The value 0 means any URG value is allowed (don't-
switch,ML540M-ACL-MIB,ml540mAclConfigAceRowEditorAction,1.3.6.1.4.1.5468.100.17.1.2.4.2.10000,scalar,textual-convention,VTSSRowEditorState,,,read-write,yes,no,aclConfigAceRowEditorAction,Action
switch,ML540M-ACL-MIB,ml540mAclConfigAcePrecedencePrecedence,1.3.6.1.4.1.5468.100.17.1.2.4.3.1.1,column,integer,,,,not-accessible,no,yes,aclConfigAcePrecedencePrecedence,The ACL ACE hit precedence.
switch,ML540M-ACL-MIB,ml540mAclConfigAcePrecedenceAceId,1.3.6.1.4.1.5468.100.17.1.2.4.3.1.2,column,unsigned32,,,,read-only,no,no,aclConfigAcePrecedenceAceId,Identifier of ACE
switch,ML540M-ACL-MIB,ml540mAclStatusInterfaceHitCountIfIndex,1.3.6.1.4.1.5468.100.17.1.3.2.1.1.1,column,textual-convention,VTSSInterfaceIndex,,,not-accessible,no,yes,aclStatusInterfaceHitCountIfIndex,The index of logical interface.
switch,ML540M-ACL-MIB,ml540mAclStatusInterfaceHitCountCounter,1.3.6.1.4.1.5468.100.17.1.3.2.1.1.2,column,unsigned32,,,,read-only,no,no,aclStatusInterfaceHitCountCounter,The hit count of this interface.
switch,ML540M-ACL-MIB,ml540mAclStatusAceSwitchId,1.3.6.1.4.1.5468.100.17.1.3.3.1.1.1,column,integer,,,,not-accessible,no,yes,aclStatusAceSwitchId,The switch ID.
switch,ML540M-ACL-MIB,ml540mAclStatusAcePrecedence,1.3.6.1.4.1.5468.100.17.1.3.3.1.1.2,column,integer,,,,not-accessible,no,yes,aclStatusAcePrecedence,The ACL ACE hit precedence.
switch,ML540M-ACL-MIB,ml540mAclStatusAceAclUser,1.3.6.1.4.1.5468.100.17.1.3.3.1.1.3,column,textual-convention,VTSSDisplayString,,,read-only,no,no,aclStatusAceAclUser,User of ACE
switch,ML540M-ACL-MIB,ml540mAclStatusAceAceId,1.3.6.1.4.1.5468.100.17.1.3.3.1.1.4,column,unsigned32,,,,read-only,no,no,aclStatusAceAceId,Identifier of ACE
switch,ML540M-ACL-MIB,ml540mAclStatusAceConflict,1.3.6.1.4.1.5468.100.17.1.3.3.1.1.5,column,boolean,TruthValue,,,read-only,no,no,aclStatusAceConflict,"The conflict status of this ACE. When the status value is true, it means the specific ACE is not applied to the hardware due to hardware limitations."
switch,ML540M-ACL-MIB,ml540mAclStatusAceHitCountAceId,1.3.6.1.4.1.5468.100.17.1.3.3.2.1.1,column,integer,,,,not-accessible,no,yes,aclStatusAceHitCountAceId,The ACE ID.
switch,ML540M-ACL-MIB,ml540mAclStatusAceHitCountCounter,1.3.6.1.4.1.5468.100.17.1.3.3.2.1.2,column,unsigned32,,,,read-only,no,no,aclStatusAceHitCountCounter,The hit count of this ACE.
switch,ML540M-ACL-MIB,ml540mAclControlGlobalsClearAllHitCount,1.3.6.1.4.1.5468.100.17.1.4.1.1,scalar,boolean,TruthValue,,,read-write,yes,no,aclControlGlobalsClearAllHitCount,Set true to clear hit counts of all ACEs and interfaces.
switch,ML540M-ACL-MIB,ml540mAclControlInterfaceControlIfIndex,1.3.6.1.4.1.5468.100.17.1.4.2.1.1.1,column,textual-convention,VTSSInterfaceIndex,,,not-accessible,no,yes,aclControlInterfaceControlIfIndex,The index of logical interface.
switch,ML540M-ACL-MIB,ml540mAclControlInterfaceControlState,1.3.6.1.4.1.5468.100.17.1.4.2.1.1.2,column,boolean,TruthValue,,,read-write,yes,no,aclControlInterfaceControlState,Specify the port status. True is to enable the port and false is to shutdown the port
switch,ML540M-ERPS-MIB,ml540mErpsCapabilitiesMaxGroups,1.3.6.1.4.1.5468.100.72.1.1.1,scalar,unsigned32,,,,read-only,no,no,erpsCapabilitiesMaxGroups,Maximum number of configured ERPS groups.
switch,ML540M-ERPS-MIB,ml540mErpsCapabilitiesMaxVlansPerGroup,1.3.6.1.4.1.5468.100.72.1.1.2,scalar,unsigned32,,,,read-only,no,no,erpsCapabilitiesMaxVlansPerGroup,Maximum number of protected VLANS per ERPS group.
switch,ML540M-ERPS-MIB,ml540mErpsConfigGroupIndex,1.3.6.1.4.1.5468.100.72.1.2.1.1.1,column,integer,,,,not-accessible,no,yes,erpsConfigGroupIndex,ERPS group index number. Valid range is (1..max groups). The maximum group number is platform-specific and can be retrieved from the ERPS capabilities
switch,ML540M-ERPS-MIB,ml540mErpsConfigRingType,1.3.6.1.4.1.5468.100.72.1.2.1.1.2,column,textual-convention,VTSSErpsRingType,,,read-write,yes,no,erpsConfigRingType,Type of ring. Can only be set once for a ring instance.
switch,ML540M-ERPS-MIB,ml540mErpsConfigPort0,1.3.6.1.4.1.5468.100.72.1.2.1.1.3,column,textual-convention,VTSSInterfaceIndex,,,read-write,yes,no,erpsConfigPort0,ifindex of ring protection port 0. Can only be set once for a ring instance.
switch,ML540M-ERPS-MIB,ml540mErpsConfigPort1,1.3.6.1.4.1.5468.100.72.1.2.1.1.4,column,textual-convention,VTSSInterfaceIndex,,,read-write,yes,no,erpsConfigPort1,ifindex of ring protection Port 1. For interconnected sub-rings this value must be zero. Can only be set once for a ring instance.
switch,ML540M-ERPS-MIB,ml540mErpsConfigInterconnectMajorRingGroupIndex,1.3.6.1.4.1.5468.100.72.1.2.1.1.5,column,unsigned32,,,,read-write,yes,no,erpsConfigInterconnectMajorRingGroupIndex,For sub-ring: zero = not interconnected; > zero = index of major ring group. For major ring: zero = not interconnected; > zero = is interconnected (i.
switch,ML540M-ERPS-MIB,ml540mErpsConfigVirtualChannel,1.3.6.1.4.1.5468.100.72.1.2.1.1.6,column,boolean,TruthValue,,,read-write,yes,no,erpsConfigVirtualChannel,Whether to use a virtual channel. Can only be set once for a ring instance.
switch,ML540M-ERPS-MIB,ml540mErpsConfigPort0SignalFailMepIndex,1.3.6.1.4.1.5468.100.72.1.2.1.1.7,column,unsigned32,,,,read-write,yes,no,erpsConfigPort0SignalFailMepIndex,"Index of SignalFail MEP for Port 0. Zero if not set. To clear an ERPS group's MEP association, set this to zero; it affects all MEP indices."
switch,ML540M-ERPS-MIB,ml540mErpsConfigPort0ApsMepIndex,1.3.6.1.4.1.5468.100.72.1.2.1.1.8,column,unsigned32,,,,read-write,yes,no,erpsConfigPort0ApsMepIndex,Index of APS MEP for Port 0. Zero if not set.
switch,ML540M-ERPS-MIB,ml540mErpsConfigPort1SignalFailMepIndex,1.3.6.1.4.1.5468.100.72.1.2.1.1.9,column,unsigned32,,,,read-write,yes,no,erpsConfigPort1SignalFailMepIndex,Index of SignalFail MEP for Port 1. Zero if not set. Must be zero for interconnected sub-rings.
switch,ML540M-ERPS-MIB,ml540mErpsConfigPort1ApsMepIndex,1.3.6.1.4.1.5468.100.72.1.2.1.1.10,column,unsigned32,,,,read-write,yes,no,erpsConfigPort1ApsMepIndex,Index of APS MEP for Port 1. Zero if not set. Must be zero for interconnected sub-rings with virtual channel.
switch,ML540M-ERPS-MIB,ml540mErpsConfigHoldOffTime,1.3.6.1.4.1.5468.100.72.1.2.1.1.11,column,unsigned32,,,,read-write,yes,no,erpsConfigHoldOffTime,Hold off time in ms. Value is rounded down to 100ms precision. Valid range is 0-10000 ms
switch,ML540M-ERPS-MIB,ml540mErpsConfigWaitToRestoreTime,1.3.6.1.4.1.5468.100.72.1.2.1.1.12,column,unsigned32,,minutes,description text,read-write,yes,no,erpsConfigWaitToRestoreTime,Wait-to-Restore time in ms. Valid range is 60000-720000 ms (1-12 minutes).
switch,ML540M-ERPS-MIB,ml540mErpsConfigGuardTime,1.3.6.1.4.1.5468.100.72.1.2.1.1.13,column,unsigned32,,,,read-write,yes,no,erpsConfigGuardTime,Guard time in ms. Valid range is 10-2000 ms.
switch,ML540M-ERPS-MIB,ml540mErpsConfigRplMode,1.3.6.1.4.1.5468.100.72.1.2.1.1.14,column,textual-convention,VTSSErpsRplMode,,,read-write,yes,no,erpsConfigRplMode,Ring Protection Link mode.
switch,ML540M-ERPS-MIB,ml540mErpsConfigRplPort,1.3.6.1.4.1.5468.100.72.1.2.1.1.15,column,textual-convention,VTSSErpsPort,,,read-write,yes,no,erpsConfigRplPort,RPL port. Only valid if the ERPS group is RPL owner or neighbour.
switch,ML540M-ERPS-MIB,ml540mErpsConfigRevertive,1.3.6.1.4.1.5468.100.72.1.2.1.1.16,column,boolean,TruthValue,,,read-write,yes,no,erpsConfigRevertive,Revertive (true) or Non-revertive (false) mode.
switch,ML540M-ERPS-MIB,ml540mErpsConfigVersion,1.3.6.1.4.1.5468.100.72.1.2.1.1.17,column,textual-convention,VTSSErpsVersion,,,read-write,yes,no,erpsConfigVersion,ERPS protocol version.
switch,ML540M-ERPS-MIB,ml540mErpsConfigTopologyChange,1.3.6.1.4.1.5468.100.72.1.2.1.1.18,column,boolean,TruthValue,,,read-write,yes,no,erpsConfigTopologyChange,Whether to enable Topology Change propagation; only valid for an interconnected node.
switch,ML540M-ERPS-MIB,ml540mErpsConfigProtectedVlans0Kto1K,1.3.6.1.4.1.5468.100.72.1.2.1.1.19,column,textual-convention,VTSSVlanListQuarter,,,read-write,yes,no,erpsConfigProtectedVlans0Kto1K,First quarter of bit-array indicating whether a VLAN is protected by this ring instance ('1') or not ('0').
switch,ML540M-ERPS-MIB,ml540mErpsConfigProtectedVlans1Kto2K,1.3.6.1.4.1.5468.100.72.1.2.1.1.20,column,textual-convention,VTSSVlanListQuarter,seconds,description text,read-write,yes,no,erpsConfigProtectedVlans1Kto2K,Second quarter of bit-array indicating whether a VLAN is protected by this ring instance ('1') or not ('0').
switch,ML540M-ERPS-MIB,ml540mErpsConfigProtectedVlans2Kto3K,1.3.6.1.4.1.5468.100.72.1.2.1.1.21,column,textual-convention,VTSSVlanListQuarter,,,read-write,yes,no,erpsConfigProtectedVlans2Kto3K,Third quarter of bit-array indicating whether a VLAN is protected by this ring instance ('1') or not ('0').
switch,ML540M-ERPS-MIB,ml540mErpsConfigProtectedVlans3Kto4K,1.3.6.1.4.1.5468.100.72.1.2.1.1.22,column,textual-convention,VTSSVlanListQuarter,,,read-write,yes,no,erpsConfigProtectedVlans3Kto4K,Fourth quarter of bit-array indicating whether a VLAN is protected by this ring instance ('1') or not ('0').
switch,ML540M-ERPS-MIB,ml540mErpsConfigAction,1.3.6.1.4.1.5468.100.72.1.2.1.1.100,column,textual-convention,VTSSRowEditorState,,,read-write,yes,no,erpsConfigAction,Action
switch,ML540M-ERPS-MIB,ml540mErpsConfigRowEditorGroupIndex,1.3.6.1.4.1.5468.100.72.1.2.2.1,scalar,integer,,,,read-write,yes,no,erpsConfigRowEditorGroupIndex,ERPS group index number. Valid range is (1..max groups). The maximum group number is platform-specific and can be retrieved from the ERPS capabilities
switch,ML540M-ERPS-MIB,ml540mErpsConfigRowEditorRingType,1.3.6.1.4.1.5468.100.72.1.2.2.2,scalar,textual-convention,VTSSErpsRingType,,,read-write,yes,no,erpsConfigRowEditorRingType,Type of ring. Can only be set once for a ring instance.
switch,ML540M-ERPS-MIB,ml540mErpsConfigRowEditorPort0,1.3.6.1.4.1.5468.100.72.1.2.2.3,scalar,textual-convention,VTSSInterfaceIndex,,,read-write,yes,no,erpsConfigRowEditorPort0,ifindex of ring protection port 0. Can only be set once for a ring instance.
switch,ML540M-ERPS-MIB,ml540mErpsConfigRowEditorPort1,1.3.6.1.4.1.5468.100.72.1.2.2.4,scalar,textual-convention,VTSSInterfaceIndex,,,read-write,yes,no,erpsConfigRowEditorPort1,ifindex of ring protection Port 1. For interconnected sub-rings this value must be zero. Can only be set once for a ring instance.
switch,ML540M-ERPS-MIB,ml540mErpsConfigRowEditorInterconnectMajorRingGroupIndex,1.3.6.1.4.1.5468.100.72.1.2.2.5,scalar,unsigned32,,,,read-write,yes,no,erpsConfigRowEditorInterconnectMajorRingGroupIndex,For sub-ring: zero = not interconnected; > zero = index of major ring group. For major ring: zero = not interconnected; > zero = is interconnected (i.
switch,ML540M-ERPS-MIB,ml540mErpsConfigRowEditorVirtualChannel,1.3.6.1.4.1.5468.100.72.1.2.2.6,scalar,boolean,TruthValue,,,read-write,yes,no,erpsConfigRowEditorVirtualChannel,Whether to use a virtual channel. Can only be set once for a ring instance.
switch,ML540M-ERPS-MIB,ml540mErpsConfigRowEditorPort0SignalFailMepIndex,1.3.6.1.4.1.5468.100.72.1.2.2.7,scalar,unsigned32,,,,read-write,yes,no,erpsConfigRowEditorPort0SignalFailMepIndex,"Index of SignalFail MEP for Port 0. Zero if not set. To clear an ERPS group's MEP association, set this to zero; it affects all MEP indices."
switch,ML540M-ERPS-MIB,ml540mErpsConfigRowEditorPort0ApsMepIndex,1.3.6.1.4.1.5468.100.72.1.2.2.8,scalar,unsigned32,,,,read-write,yes,no,erpsConfigRowEditorPort0ApsMepIndex,Index of APS MEP for Port 0. Zero if not set.
switch,ML540M-ERPS-MIB,ml540mErpsConfigRowEditorPort1SignalFailMepIndex,1.3.6.1.4.1.5468.100.72.1.2.2.9,scalar,unsigned32,,,,read-write,yes,no,erpsConfigRowEditorPort1SignalFailMepIndex,Index of SignalFail MEP for Port 1. Zero if not set. Must be zero for interconnected sub-rings.
switch,ML540M-ERPS-MIB,ml540mErpsConfigRowEditorPort1ApsMepIndex,1.3.6.1.4.1.5468.100.72.1.2.2.10,scalar,unsigned32,,,,read-write,yes,no,erpsConfigRowEditorPort1ApsMepIndex,Index of APS MEP for Port 1. Zero if not set. Must be zero for interconnected sub-rings with virtual channel.
switch,ML540M-ERPS-MIB,ml540mErpsConfigRowEditorHoldOffTime,1.3.6.1.4.1.5468.100.72.1.2.2.11,scalar,unsigned32,,,,read-write,yes,no,erpsConfigRowEditorHoldOffTime,Hold off time in ms. Value is rounded down to 100ms precision. Valid range is 0-10000 ms
switch,ML540M-ERPS-MIB,ml540mErpsConfigRowEditorWaitToRestoreTime,1.3.6.1.4.1.5468.100.72.1.2.2.12,scalar,unsigned32,,minutes,description text,read-write,yes,no,erpsConfigRowEditorWaitToRestoreTime,Wait-to-Restore time in ms. Valid range is 60000-720000 ms (1-12 minutes).
switch,ML540M-ERPS-MIB,ml540mErpsConfigRowEditorGuardTime,1.3.6.1.4.1.5468.100.72.1.2.2.13,scalar,unsigned32,,,,read-write,yes,no,erpsConfigRowEditorGuardTime,Guard time in ms. Valid range is 10-2000 ms.
switch,ML540M-ERPS-MIB,ml540mErpsConfigRowEditorRplMode,1.3.6.1.4.1.5468.100.72.1.2.2.14,scalar,textual-convention,VTSSErpsRplMode,,,read-write,yes,no,erpsConfigRowEditorRplMode,Ring Protection Link mode.
switch,ML540M-ERPS-MIB,ml540mErpsConfigRowEditorRplPort,1.3.6.1.4.1.5468.100.72.1.2.2.15,scalar,textual-convention,VTSSErpsPort,,,read-write,yes,no,erpsConfigRowEditorRplPort,RPL port. Only valid if the ERPS group is RPL owner or neighbour.
switch,ML540M-ERPS-MIB,ml540mErpsConfigRowEditorRevertive,1.3.6.1.4.1.5468.100.72.1.2.2.16,scalar,boolean,TruthValue,,,read-write,yes,no,erpsConfigRowEditorRevertive,Revertive (true) or Non-revertive (false) mode.
switch,ML540M-ERPS-MIB,ml540mErpsConfigRowEditorVersion,1.3.6.1.4.1.5468.100.72.1.2.2.17,scalar,textual-convention,VTSSErpsVersion,,,read-write,yes,no,erpsConfigRowEditorVersion,ERPS protocol version.
switch,ML540M-ERPS-MIB,ml540mErpsConfigRowEditorTopologyChange,1.3.6.1.4.1.5468.100.72.1.2.2.18,scalar,boolean,TruthValue,,,read-write,yes,no,erpsConfigRowEditorTopologyChange,Whether to enable Topology Change propagation; only valid for an interconnected node.
switch,ML540M-ERPS-MIB,ml540mErpsConfigRowEditorProtectedVlans0Kto1K,1.3.6.1.4.1.5468.100.72.1.2.2.19,scalar,textual-convention,VTSSVlanListQuarter,,,read-write,yes,no,erpsConfigRowEditorProtectedVlans0Kto1K,First quarter of bit-array indicating whether a VLAN is protected by this ring instance ('1') or not ('0').
switch,ML540M-ERPS-MIB,ml540mErpsConfigRowEditorProtectedVlans1Kto2K,1.3.6.1.4.1.5468.100.72.1.2.2.20,scalar,textual-convention,VTSSVlanListQuarter,seconds,description text,read-write,yes,no,erpsConfigRowEditorProtectedVlans1Kto2K,Second quarter of bit-array indicating whether a VLAN is protected by this ring instance ('1') or not ('0').
switch,ML540M-ERPS-MIB,ml540mErpsConfigRowEditorProtectedVlans2Kto3K,1.3.6.1.4.1.5468.100.72.1.2.2.21,scalar,textual-convention,VTSSVlanListQuarter,,,read-write,yes,no,erpsConfigRowEditorProtectedVlans2Kto3K,Third quarter of bit-array indicating whether a VLAN is protected by this ring instance ('1') or not ('0').
switch,ML540M-ERPS-MIB,ml540mErpsConfigRowEditorProtectedVlans3Kto4K,1.3.6.1.4.1.5468.100.72.1.2.2.22,scalar,textual-convention,VTSSVlanListQuarter,,,read-write,yes,no,erpsConfigRowEditorProtectedVlans3Kto4K,Fourth quarter of bit-array indicating whether a VLAN is protected by this ring instance ('1') or not ('0').
switch,ML540M-ERPS-MIB,ml540mErpsConfigRowEditorAction,1.3.6.1.4.1.5468.100.72.1.2.2.100,scalar,textual-convention,VTSSRowEditorState,,,read-write,yes,no,erpsConfigRowEditorAction,Action
switch,ML540M-ERPS-MIB,ml540mErpsStatusGroupIndex,1.3.6.1.4.1.5468.100.72.1.3.1.1.1,column,integer,,,,not-accessible,no,yes,erpsStatusGroupIndex,ERPS group index number. Valid range is (1..max groups). The maximum group number is platform-specific and can be retrieved from the ERPS capabilities
switch,ML540M-ERPS-MIB,ml540mErpsStatusActive,1.3.6.1.4.1.5468.100.72.1.3.1.1.2,column,boolean,TruthValue,,,read-only,no,no,erpsStatusActive,Specifies whether ERPS group is currently active or not.
switch,ML540M-ERPS-MIB,ml540mErpsStatusProtectionState,1.3.6.1.4.1.5468.100.72.1.3.1.1.3,column,textual-convention,VTSSErpsProtectionState,,,read-only,no,no,erpsStatusProtectionState,Specifies current ERPS group protection state.
switch,ML540M-ERPS-MIB,ml540mErpsStatusRplBlocked,1.3.6.1.4.1.5468.100.72.1.3.1.1.4,column,boolean,TruthValue,,,read-only,no,no,erpsStatusRplBlocked,Specifies whether the RPL is currently blocked or not.
switch,ML540M-ERPS-MIB,ml540mErpsStatusWtrRemaining,1.3.6.1.4.1.5468.100.72.1.3.1.1.5,column,unsigned32,,,,read-only,no,no,erpsStatusWtrRemaining,Specifies the remaining wait-time before restoring ring.
switch,ML540M-ERPS-MIB,ml540mErpsStatusAdminCmd,1.3.6.1.4.1.5468.100.72.1.3.1.1.6,column,textual-convention,VTSSErpsAdminCmd,,,read-only,no,no,erpsStatusAdminCmd,Specifies the currently active administrative command.
switch,ML540M-ERPS-MIB,ml540mErpsStatusFopAlarm,1.3.6.1.4.1.5468.100.72.1.3.1.1.7,column,boolean,TruthValue,,,read-only,no,no,erpsStatusFopAlarm,Specifies whether the FailureOfProtocol alarm is currently active or not.
switch,ML540M-ERPS-MIB,ml540mErpsStatusTxActive,1.3.6.1.4.1.5468.100.72.1.3.1.1.8,column,boolean,TruthValue,,,read-only,no,no,erpsStatusTxActive,Specifies whether R-APS transmission is currently active.
switch,ML540M-ERPS-MIB,ml540mErpsStatusTxRequestOrState,1.3.6.1.4.1.5468.100.72.1.3.1.1.9,column,textual-convention,VTSSErpsRequestState,,,read-only,no,no,erpsStatusTxRequestOrState,Specifies the currently transmitted request/state. Only relevant when Tx is active.
switch,ML540M-ERPS-MIB,ml540mErpsStatusTxRplBlocked,1.3.6.1.4.1.5468.100.72.1.3.1.1.10,column,boolean,TruthValue,,,read-only,no,no,erpsStatusTxRplBlocked,Specifies the currently transmitted RPL Blocked flag. Only relevant when Tx is active.
switch,ML540M-ERPS-MIB,ml540mErpsStatusTxDoNotFlush,1.3.6.1.4.1.5468.100.72.1.3.1.1.11,column,boolean,TruthValue,,,read-only,no,no,erpsStatusTxDoNotFlush,Specifies the currently transmitted Do Not Flush flag. Only relevant when Tx is active.
switch,ML540M-ERPS-MIB,ml540mErpsStatusBlockedPortReference,1.3.6.1.4.1.5468.100.72.1.3.1.1.12,column,textual-convention,VTSSErpsPort,,,read-only,no,no,erpsStatusBlockedPortReference,Specifies the currently transmitted Blocked Port Reference. Only relevant when Tx is active.
switch,ML540M-ERPS-MIB,ml540mErpsStatusPort0Blocked,1.3.6.1.4.1.5468.100.72.1.3.1.1.13,column,boolean,TruthValue,,,read-only,no,no,erpsStatusPort0Blocked,Specifies whether ring Port 0 is blocked or not.
switch,ML540M-ERPS-MIB,ml540mErpsStatusPort0State,1.3.6.1.4.1.5468.100.72.1.3.1.1.14,column,textual-convention,VTSSErpsPortState,,,read-only,no,no,erpsStatusPort0State,Specifies the state of ring Port 0.
switch,ML540M-ERPS-MIB,ml540mErpsStatusPort0RxActive,1.3.6.1.4.1.5468.100.72.1.3.1.1.15,column,boolean,TruthValue,,,read-only,no,no,erpsStatusPort0RxActive,Specifies if ring Port0 receives R-APS.
switch,ML540M-ERPS-MIB,ml540mErpsStatusPort0RxRequestOrState,1.3.6.1.4.1.5468.100.72.1.3.1.1.16,column,textual-convention,VTSSErpsRequestState,,,read-only,no,no,erpsStatusPort0RxRequestOrState,Specifies the most recently received request/state on ring Port 0. Only relevant when Rx is active.
switch,ML540M-ERPS-MIB,ml540mErpsStatusPort0RxRplBlocked,1.3.6.1.4.1.5468.100.72.1.3.1.1.17,column,boolean,TruthValue,,,read-only,no,no,erpsStatusPort0RxRplBlocked,Specifies the most recently received RPL Blocked flag on ring Port 0. Only relevant when Rx is active.
switch,ML540M-ERPS-MIB,ml540mErpsStatusPort0RxDoNotFlush,1.3.6.1.4.1.5468.100.72.1.3.1.1.18,column,boolean,TruthValue,,,read-only,no,no,erpsStatusPort0RxDoNotFlush,Specifies the most recently received Do Not Flush flag on ring Port 0. Only relevant when Rx is active.
switch,ML540M-ERPS-MIB,ml540mErpsStatusPort0RxBlockedPortReference,1.3.6.1.4.1.5468.100.72.1.3.1.1.19,column,textual-convention,VTSSErpsPort,,,read-only,no,no,erpsStatusPort0RxBlockedPortReference,Specifies the most recently received Blocked Port Reference on ring Port 0. Only relevant when Rx is active.
switch,ML540M-ERPS-MIB,ml540mErpsStatusPort0RxNodeId,1.3.6.1.4.1.5468.100.72.1.3.1.1.20,column,string,,,,read-only,no,no,erpsStatusPort0RxNodeId,Specifies the most recently received node ID on ring Port 0. Only relevant when Rx is active.
switch,ML540M-ERPS-MIB,ml540mErpsStatusPort1Blocked,1.3.6.1.4.1.5468.100.72.1.3.1.1.21,column,boolean,TruthValue,,,read-only,no,no,erpsStatusPort1Blocked,Specifies whether ring Port 1 is blocked or not.
switch,ML540M-ERPS-MIB,ml540mErpsStatusPort1State,1.3.6.1.4.1.5468.100.72.1.3.1.1.22,column,textual-convention,VTSSErpsPortState,,,read-only,no,no,erpsStatusPort1State,Specifies the state of ring Port 1.
switch,ML540M-ERPS-MIB,ml540mErpsStatusPort1RxActive,1.3.6.1.4.1.5468.100.72.1.3.1.1.23,column,boolean,TruthValue,,,read-only,no,no,erpsStatusPort1RxActive,Specifies if ring Port1 receives R-APS.
switch,ML540M-ERPS-MIB,ml540mErpsStatusPort1RxRequestOrState,1.3.6.1.4.1.5468.100.72.1.3.1.1.24,column,textual-convention,VTSSErpsRequestState,,,read-only,no,no,erpsStatusPort1RxRequestOrState,Specifies the most recently received request/state on ring Port 1. Only relevant when Rx is active.
switch,ML540M-ERPS-MIB,ml540mErpsStatusPort1RxRplBlocked,1.3.6.1.4.1.5468.100.72.1.3.1.1.25,column,boolean,TruthValue,,,read-only,no,no,erpsStatusPort1RxRplBlocked,Specifies the most recently received RPL Blocked flag on ring Port 1. Only relevant when Rx is active.
switch,ML540M-ERPS-MIB,ml540mErpsStatusPort1RxDoNotFlush,1.3.6.1.4.1.5468.100.72.1.3.1.1.26,column,boolean,TruthValue,,,read-only,no,no,erpsStatusPort1RxDoNotFlush,Specifies the most recently received Do Not Flush flag on ring Port 1. Only relevant when Rx is active.
switch,ML540M-ERPS-MIB,ml540mErpsStatusPort1RxBlockedPortReference,1.3.6.1.4.1.5468.100.72.1.3.1.1.27,column,textual-convention,VTSSErpsPort,,,read-only,no,no,erpsStatusPort1RxBlockedPortReference,Specifies the most recently received Blocked Port Reference on ring Port 1. Only relevant when Rx is active.
switch,ML540M-ERPS-MIB,ml540mErpsStatusPort1RxNodeId,1.3.6.1.4.1.5468.100.72.1.3.1.1.28,column,string,,,,read-only,no,no,erpsStatusPort1RxNodeId,Specifies the most recently received node ID on ring Port 1. Only relevant when Rx is active.
switch,ML540M-ERPS-MIB,ml540mErpsControlGroupIndex,1.3.6.1.4.1.5468.100.72.1.4.1.1.1,column,integer,,,,not-accessible,no,yes,erpsControlGroupIndex,ERPS group index number. Valid range is (1..max groups). The maximum group number is platform-specific and can be retrieved from the ERPS capabilities
switch,ML540M-ERPS-MIB,ml540mErpsControlCommand,1.3.6.1.4.1.5468.100.72.1.4.1.1.2,column,textual-convention,VTSSErpsControlCmd,,,read-write,yes,no,erpsControlCommand,Control command to execute. Always returns none when read.
switch,ML540M-ERPS-MIB,ml540mErpsControlPort,1.3.6.1.4.1.5468.100.72.1.4.1.1.3,column,textual-convention,VTSSErpsPort,,,read-write,yes,no,erpsControlPort,Ring port affected by control command. Only relevant for administrative commands. Always returns port0 when read.
switch,ML540M-ERPS-MIB,ml540mErpsStatisticsGroupIndex,1.3.6.1.4.1.5468.100.72.1.5.1.1.1,column,integer,,,,not-accessible,no,yes,erpsStatisticsGroupIndex,ERPS group index number. Valid range is (1..max groups). The maximum group number is platform-specific and can be retrieved from the ERPS capabilities
switch,ML540M-ERPS-MIB,ml540mErpsStatisticsRapsTx,1.3.6.1.4.1.5468.100.72.1.5.1.1.2,column,counter64,,count,SMI type counter64,read-only,no,no,erpsStatisticsRapsTx,Number of transmitted RAPS PDUs.
switch,ML540M-ERPS-MIB,ml540mErpsStatisticsRapsRx,1.3.6.1.4.1.5468.100.72.1.5.1.1.3,column,counter64,,count,SMI type counter64,read-only,no,no,erpsStatisticsRapsRx,Number of received RAPS PDUs.
switch,ML540M-ERPS-MIB,ml540mErpsStatisticsRapsRxDrop,1.3.6.1.4.1.5468.100.72.1.5.1.1.4,column,counter64,,count,SMI type counter64,read-only,no,no,erpsStatisticsRapsRxDrop,Number of received RAPS PDUs that were dropped.
switch,ML540M-ERPS-MIB,ml540mErpsStatisticsLocalSF,1.3.6.1.4.1.5468.100.72.1.5.1.1.5,column,counter64,,count,SMI type counter64,read-only,no,no,erpsStatisticsLocalSF,Number of local SignalFail events.
switch,ML540M-ERPS-MIB,ml540mErpsStatisticsLocalSFCleared,1.3.6.1.4.1.5468.100.72.1.5.1.1.6,column,counter64,,count,SMI type counter64,read-only,no,no,erpsStatisticsLocalSFCleared,Number of local SignalFail clear events.
switch,ML540M-ERPS-MIB,ml540mErpsStatisticsRemoteSF,1.3.6.1.4.1.5468.100.72.1.5.1.1.7,column,counter64,,count,SMI type counter64,read-only,no,no,erpsStatisticsRemoteSF,Number of remote SignalFail events.
switch,ML540M-ERPS-MIB,ml540mErpsStatisticsNR,1.3.6.1.4.1.5468.100.72.1.5.1.1.8,column,counter64,,count,SMI type counter64,read-only,no,no,erpsStatisticsNR,Number of NoRequest events.
switch,ML540M-ERPS-MIB,ml540mErpsStatisticsRemoteMS,1.3.6.1.4.1.5468.100.72.1.5.1.1.9,column,counter64,,count,SMI type counter64,read-only,no,no,erpsStatisticsRemoteMS,Number of remote ManualSwitch events.
switch,ML540M-ERPS-MIB,ml540mErpsStatisticsLocalMS,1.3.6.1.4.1.5468.100.72.1.5.1.1.10,column,counter64,,count,SMI type counter64,read-only,no,no,erpsStatisticsLocalMS,Number of local ManualSwitch events.
switch,ML540M-ERPS-MIB,ml540mErpsStatisticsRemoteFS,1.3.6.1.4.1.5468.100.72.1.5.1.1.11,column,counter64,,count,SMI type counter64,read-only,no,no,erpsStatisticsRemoteFS,Number of remote ForcedSwitch events.
switch,ML540M-ERPS-MIB,ml540mErpsStatisticsLocalFS,1.3.6.1.4.1.5468.100.72.1.5.1.1.12,column,counter64,,count,SMI type counter64,read-only,no,no,erpsStatisticsLocalFS,Number of local ForcedSwitch events.
switch,ML540M-ERPS-MIB,ml540mErpsStatisticsAdminClear,1.3.6.1.4.1.5468.100.72.1.5.1.1.13,column,counter64,,count,SMI type counter64,read-only,no,no,erpsStatisticsAdminClear,Number of AdminClear events.
switch,ML540M-EVC-MIB,ml540mEvcCapabilitiesPolicerMax,1.3.6.1.4.1.5468.100.62.1.1.1,scalar,unsigned32,,,,read-only,no,no,evcCapabilitiesPolicerMax,Maximum number of EVC policers.
switch,ML540M-EVC-MIB,ml540mEvcCapabilitiesEvcMax,1.3.6.1.4.1.5468.100.62.1.1.2,scalar,unsigned32,,,,read-only,no,no,evcCapabilitiesEvcMax,Maximum number of EVC rules.
switch,ML540M-EVC-MIB,ml540mEvcCapabilitiesEceMax,1.3.6.1.4.1.5468.100.62.1.1.3,scalar,unsigned32,,,,read-only,no,no,evcCapabilitiesEceMax,Maximum number of ECE rules.
switch,ML540M-EVC-MIB,ml540mEvcCapabilitiesHasPortDeiColoring,1.3.6.1.4.1.5468.100.62.1.1.100,scalar,boolean,TruthValue,,,read-only,no,no,evcCapabilitiesHasPortDeiColoring,"If true, the platform supports NNI port DEI coloring."
switch,ML540M-EVC-MIB,ml540mEvcCapabilitiesHasPortInnerTag,1.3.6.1.4.1.5468.100.62.1.1.101,scalar,boolean,TruthValue,,,read-only,no,no,evcCapabilitiesHasPortInnerTag,"If true, the platform supports NNI port inner tag classification."
switch,ML540M-EVC-MIB,ml540mEvcCapabilitiesHasPortAddrMode,1.3.6.1.4.1.5468.100.62.1.1.102,scalar,boolean,TruthValue,,,read-only,no,no,evcCapabilitiesHasPortAddrMode,"If true, the platform supports port address mode (SMAC/SIP or DMAC/DIP)."
switch,ML540M-EVC-MIB,ml540mEvcCapabilitiesHasPortKey,1.3.6.1.4.1.5468.100.62.1.1.103,scalar,boolean,TruthValue,,,read-only,no,no,evcCapabilitiesHasPortKey,"If true, the platform supports port key type."
switch,ML540M-EVC-MIB,ml540mEvcCapabilitiesHasPolicerColorBlind,1.3.6.1.4.1.5468.100.62.1.1.200,scalar,boolean,TruthValue,,,read-only,no,no,evcCapabilitiesHasPolicerColorBlind,"If true, the platform supports color-blind policing."
switch,ML540M-EVC-MIB,ml540mEvcCapabilitiesHasEvcPolicer,1.3.6.1.4.1.5468.100.62.1.1.300,scalar,boolean,TruthValue,,,read-only,no,no,evcCapabilitiesHasEvcPolicer,"If true, the platform supports EVC policer mapping."
switch,ML540M-EVC-MIB,ml540mEvcCapabilitiesHasEvcUniVid,1.3.6.1.4.1.5468.100.62.1.1.301,scalar,boolean,TruthValue,,,read-only,no,no,evcCapabilitiesHasEvcUniVid,"If true, the platform supports EVC UNI VLAN ID."
switch,ML540M-EVC-MIB,ml540mEvcCapabilitiesHasEvcItAdd,1.3.6.1.4.1.5468.100.62.1.1.302,scalar,boolean,TruthValue,,,read-only,no,no,evcCapabilitiesHasEvcItAdd,"If true, the platform supports EVC inner tag adding."
switch,ML540M-EVC-MIB,ml540mEvcCapabilitiesHasEvcMpls,1.3.6.1.4.1.5468.100.62.1.1.303,scalar,boolean,TruthValue,,,read-only,no,no,evcCapabilitiesHasEvcMpls,"If true, the platform supports EVC MPLS."
switch,ML540M-EVC-MIB,ml540mEvcCapabilitiesHasEvcETree,1.3.6.1.4.1.5468.100.62.1.1.304,scalar,boolean,TruthValue,,,read-only,no,no,evcCapabilitiesHasEvcETree,"If true, the platform supports E-Tree."
switch,ML540M-EVC-MIB,ml540mEvcCapabilitiesHasEceAdvLookup,1.3.6.1.4.1.5468.100.62.1.1.400,scalar,boolean,TruthValue,,,read-only,no,no,evcCapabilitiesHasEceAdvLookup,"If true, the platform supports ECE advanced lookup."
switch,ML540M-EVC-MIB,ml540mEvcCapabilitiesHasEceDestMacType,1.3.6.1.4.1.5468.100.62.1.1.401,scalar,boolean,TruthValue,,,read-only,no,no,evcCapabilitiesHasEceDestMacType,"If true, the platform supports ECE DMAC type matching."
switch,ML540M-EVC-MIB,ml540mEvcCapabilitiesHasEceDestMac,1.3.6.1.4.1.5468.100.62.1.1.402,scalar,boolean,TruthValue,,,read-only,no,no,evcCapabilitiesHasEceDestMac,"If true, the platform supports ECE DMAC matching."
switch,ML540M-EVC-MIB,ml540mEvcCapabilitiesHasEceSrcMac,1.3.6.1.4.1.5468.100.62.1.1.403,scalar,boolean,TruthValue,,,read-only,no,no,evcCapabilitiesHasEceSrcMac,"If true, the platform supports ECE SMAC matching."
switch,ML540M-EVC-MIB,ml540mEvcCapabilitiesHasEceInnerTag,1.3.6.1.4.1.5468.100.62.1.1.404,scalar,boolean,TruthValue,,,read-only,no,no,evcCapabilitiesHasEceInnerTag,"If true, the platform supports ECE inner tag matching."
switch,ML540M-EVC-MIB,ml540mEvcCapabilitiesHasEceEtype,1.3.6.1.4.1.5468.100.62.1.1.405,scalar,boolean,TruthValue,frames,description text,read-only,no,no,evcCapabilitiesHasEceEtype,"If true, the platform supports ECE Ethernet Type frame matching."
switch,ML540M-EVC-MIB,ml540mEvcCapabilitiesHasEceLlc,1.3.6.1.4.1.5468.100.62.1.1.406,scalar,boolean,TruthValue,frames,description text,read-only,no,no,evcCapabilitiesHasEceLlc,"If true, the platform supports ECE LLC frame matching."
switch,ML540M-EVC-MIB,ml540mEvcCapabilitiesHasEceSnap,1.3.6.1.4.1.5468.100.62.1.1.407,scalar,boolean,TruthValue,frames,description text,read-only,no,no,evcCapabilitiesHasEceSnap,"If true, the platform supports ECE SNAP frame matching."
switch,ML540M-EVC-MIB,ml540mEvcCapabilitiesHasEceL2cp,1.3.6.1.4.1.5468.100.62.1.1.408,scalar,boolean,TruthValue,frames,description text,read-only,no,no,evcCapabilitiesHasEceL2cp,"If true, the platform supports ECE LLC frame matching and forwarding."
switch,ML540M-EVC-MIB,ml540mEvcCapabilitiesHasEceIpv4Fragment,1.3.6.1.4.1.5468.100.62.1.1.409,scalar,boolean,TruthValue,,,read-only,no,no,evcCapabilitiesHasEceIpv4Fragment,"If true, the platform supports ECE IPv4 fragment matching."
switch,ML540M-EVC-MIB,ml540mEvcCapabilitiesHasEceIpProto,1.3.6.1.4.1.5468.100.62.1.1.410,scalar,boolean,TruthValue,,,read-only,no,no,evcCapabilitiesHasEceIpProto,"If true, the platform supports ECE IP protocol matching."
switch,ML540M-EVC-MIB,ml540mEvcCapabilitiesHasEceSrcIp,1.3.6.1.4.1.5468.100.62.1.1.411,scalar,boolean,TruthValue,,,read-only,no,no,evcCapabilitiesHasEceSrcIp,"If true, the platform supports ECE source IP address matching."
switch,ML540M-EVC-MIB,ml540mEvcCapabilitiesHasEceDestIp,1.3.6.1.4.1.5468.100.62.1.1.412,scalar,boolean,TruthValue,,,read-only,no,no,evcCapabilitiesHasEceDestIp,"If true, the platform supports ECE destination IP address matching."
switch,ML540M-EVC-MIB,ml540mEvcCapabilitiesHasEceSrcPort,1.3.6.1.4.1.5468.100.62.1.1.413,scalar,boolean,TruthValue,,,read-only,no,no,evcCapabilitiesHasEceSrcPort,"If true, the platform supports ECE source UDP/TCP port matching."
switch,ML540M-EVC-MIB,ml540mEvcCapabilitiesHasEceDestPort,1.3.6.1.4.1.5468.100.62.1.1.414,scalar,boolean,TruthValue,,,read-only,no,no,evcCapabilitiesHasEceDestPort,"If true, the platform supports ECE destination UDP/TCP port matching."
switch,ML540M-EVC-MIB,ml540mEvcCapabilitiesHasEceRuleType,1.3.6.1.4.1.5468.100.62.1.1.415,scalar,boolean,TruthValue,,,read-only,no,no,evcCapabilitiesHasEceRuleType,"If true, the platform supports ECE rule type."
switch,ML540M-EVC-MIB,ml540mEvcCapabilitiesHasEceTxLookup,1.3.6.1.4.1.5468.100.62.1.1.416,scalar,boolean,TruthValue,,,read-only,no,no,evcCapabilitiesHasEceTxLookup,"If true, the platform supports ECE egress lookup type."
switch,ML540M-EVC-MIB,ml540mEvcCapabilitiesHasEceOtAddVid,1.3.6.1.4.1.5468.100.62.1.1.417,scalar,boolean,TruthValue,,,read-only,no,no,evcCapabilitiesHasEceOtAddVid,"If true, the platform supports ECE outer tag VID."
switch,ML540M-EVC-MIB,ml540mEvcCapabilitiesHasEcePcpMode,1.3.6.1.4.1.5468.100.62.1.1.418,scalar,boolean,TruthValue,,,read-only,no,no,evcCapabilitiesHasEcePcpMode,"If true, the platform supports ECE PCP mode."
switch,ML540M-EVC-MIB,ml540mEvcCapabilitiesHasEcePcpDeiPreserve,1.3.6.1.4.1.5468.100.62.1.1.419,scalar,boolean,TruthValue,,,read-only,no,no,evcCapabilitiesHasEcePcpDeiPreserve,"If true, the platform supports ECE PCP/DEI preservation."
switch,ML540M-EVC-MIB,ml540mEvcCapabilitiesHasEceDeiMode,1.3.6.1.4.1.5468.100.62.1.1.420,scalar,boolean,TruthValue,,,read-only,no,no,evcCapabilitiesHasEceDeiMode,"If true, the platform supports ECE DEI mode."
switch,ML540M-EVC-MIB,ml540mEvcCapabilitiesHasEceItAdd,1.3.6.1.4.1.5468.100.62.1.1.421,scalar,boolean,TruthValue,,,read-only,no,no,evcCapabilitiesHasEceItAdd,"If true, the platform supports ECE inner tag adding."
switch,ML540M-EVC-MIB,ml540mEvcCapabilitiesHasEcePolicer,1.3.6.1.4.1.5468.100.62.1.1.422,scalar,boolean,TruthValue,,,read-only,no,no,evcCapabilitiesHasEcePolicer,"If true, the platform supports ECE policer mapping."
switch,ML540M-EVC-MIB,ml540mEvcCapabilitiesHasEceCos,1.3.6.1.4.1.5468.100.62.1.1.423,scalar,boolean,TruthValue,,,read-only,no,no,evcCapabilitiesHasEceCos,"If true, the platform supports ECE CoS mapping."
switch,ML540M-EVC-MIB,ml540mEvcCapabilitiesHasEceDp,1.3.6.1.4.1.5468.100.62.1.1.424,scalar,boolean,TruthValue,,,read-only,no,no,evcCapabilitiesHasEceDp,"If true, the platform supports ECE Drop Precedence mapping."
switch,ML540M-EVC-MIB,ml540mEvcCapabilitiesHasEvcPortHqos,1.3.6.1.4.1.5468.100.62.1.1.500,scalar,boolean,TruthValue,,,read-only,no,no,evcCapabilitiesHasEvcPortHqos,"If true, the platform supports (EVC, port) HQoS ID mapping."
switch,ML540M-EVC-MIB,ml540mEvcCapabilitiesHasEvcPortCounters,1.3.6.1.4.1.5468.100.62.1.1.501,scalar,boolean,TruthValue,,,read-only,no,no,evcCapabilitiesHasEvcPortCounters,"If true, the platform supports (EVC, port) counters."
switch,ML540M-EVC-MIB,ml540mEvcConfigInterfaceIfIndex,1.3.6.1.4.1.5468.100.62.1.2.2.1.1.1,column,textual-convention,VTSSInterfaceIndex,,,not-accessible,no,yes,evcConfigInterfaceIfIndex,Logical interface index.
switch,ML540M-EVC-MIB,ml540mEvcConfigInterfaceKey,1.3.6.1.4.1.5468.100.62.1.2.2.1.1.2,column,textual-convention,VTSSVcapKeyType,,,read-write,yes,no,evcConfigInterfaceKey,The key type for the basic ingress lookup. This object is only available if the capability object 'ml540mEvcCapabilitiesHasPortKey' is True.
switch,ML540M-EVC-MIB,ml540mEvcConfigInterfaceKeyAdv,1.3.6.1.4.1.5468.100.62.1.2.2.1.1.3,column,textual-convention,VTSSVcapKeyType,,,read-write,yes,no,evcConfigInterfaceKeyAdv,The key type for the advanced ingress lookup. This object is only available if the capability object 'ml540mEvcCapabilitiesHasPortKey' is True.
switch,ML540M-EVC-MIB,ml540mEvcConfigInterfaceAddrMode,1.3.6.1.4.1.5468.100.62.1.2.2.1.1.4,column,boolean,TruthValue,,,read-write,yes,no,evcConfigInterfaceAddrMode,"If false, the basic ingress lookup is based on SMAC/SIP. If true, the basic ingress lookup is based on DMAC/DIP. This object is only available if the"
switch,ML540M-EVC-MIB,ml540mEvcConfigInterfaceAddrModeAdv,1.3.6.1.4.1.5468.100.62.1.2.2.1.1.5,column,boolean,TruthValue,,,read-write,yes,no,evcConfigInterfaceAddrModeAdv,"If false, the advanced ingress lookup is based on SMAC/SIP. If true, the advanced ingress lookup is based on DMAC/DIP. This object is only available i"
switch,ML540M-EVC-MIB,ml540mEvcConfigInterfaceDeiColoring,1.3.6.1.4.1.5468.100.62.1.2.2.1.1.6,column,boolean,TruthValue,,,read-write,yes,no,evcConfigInterfaceDeiColoring,"If false, DEI coloring for the NNI port is enabled. If true, DEI coloring for the NNI port is disabled. This object is only available if the capabilit"
switch,ML540M-EVC-MIB,ml540mEvcConfigInterfaceInnerTag,1.3.6.1.4.1.5468.100.62.1.2.2.1.1.7,column,boolean,TruthValue,,,read-write,yes,no,evcConfigInterfaceInnerTag,"If false, the NNI port uses outer tag classification. If true, the NNI port uses inner tag classification. This object is only available if the capabi"
switch,ML540M-EVC-MIB,ml540mEvcConfigInterfaceL2cpIfIndex,1.3.6.1.4.1.5468.100.62.1.2.2.2.1.1,column,textual-convention,VTSSInterfaceIndex,,,not-accessible,no,yes,evcConfigInterfaceL2cpIfIndex,Logical interface index.
switch,ML540M-EVC-MIB,ml540mEvcConfigInterfaceL2cpL2cpId,1.3.6.1.4.1.5468.100.62.1.2.2.2.1.2,column,integer,,,,not-accessible,no,yes,evcConfigInterfaceL2cpL2cpId,L2CP ID.
switch,ML540M-EVC-MIB,ml540mEvcConfigInterfaceL2cpL2cpMode,1.3.6.1.4.1.5468.100.62.1.2.2.2.1.3,column,textual-convention,VTSSevcL2cpMode,,,read-write,yes,no,evcConfigInterfaceL2cpL2cpMode,The forwarding mode for the L2CP.
switch,ML540M-EVC-MIB,ml540mEvcConfigPolicerPolicerId,1.3.6.1.4.1.5468.100.62.1.2.3.1.1,column,integer,,,,not-accessible,no,yes,evcConfigPolicerPolicerId,"Policer ID, allowed range is [0,PolicerMax[."
switch,ML540M-EVC-MIB,ml540mEvcConfigPolicerEnable,1.3.6.1.4.1.5468.100.62.1.2.3.1.2,column,boolean,TruthValue,,,read-write,yes,no,evcConfigPolicerEnable,Enable or disable policer.
switch,ML540M-EVC-MIB,ml540mEvcConfigPolicerPolicerType,1.3.6.1.4.1.5468.100.62.1.2.3.1.3,column,textual-convention,VTSSevcPolicerType,,,read-write,yes,no,evcConfigPolicerPolicerType,The EVC policer type.
switch,ML540M-EVC-MIB,ml540mEvcConfigPolicerPolicerMode,1.3.6.1.4.1.5468.100.62.1.2.3.1.4,column,textual-convention,VTSSevcPolicerMode,,,read-write,yes,no,evcConfigPolicerPolicerMode,The EVC policer mode. Color-blind policing is only supported if HasPolicerColorBlind is true.
switch,ML540M-EVC-MIB,ml540mEvcConfigPolicerLineRate,1.3.6.1.4.1.5468.100.62.1.2.3.1.5,column,boolean,TruthValue,,,read-write,yes,no,evcConfigPolicerLineRate,Enable or disable line rate policing.
switch,ML540M-EVC-MIB,ml540mEvcConfigPolicerCir,1.3.6.1.4.1.5468.100.62.1.2.3.1.6,column,unsigned32,,kbps,description text,read-write,yes,no,evcConfigPolicerCir,Committed Information Rate in kbps.
switch,ML540M-EVC-MIB,ml540mEvcConfigPolicerCbs,1.3.6.1.4.1.5468.100.62.1.2.3.1.7,column,unsigned32,,bytes,description text,read-write,yes,no,evcConfigPolicerCbs,Committed Burst Size in bytes.
switch,ML540M-EVC-MIB,ml540mEvcConfigPolicerEir,1.3.6.1.4.1.5468.100.62.1.2.3.1.8,column,unsigned32,,kbps,description text,read-write,yes,no,evcConfigPolicerEir,Excess Information Rate in kbps.
switch,ML540M-EVC-MIB,ml540mEvcConfigPolicerEbs,1.3.6.1.4.1.5468.100.62.1.2.3.1.9,column,unsigned32,,bytes,description text,read-write,yes,no,evcConfigPolicerEbs,Excess Burst Size in bytes.
switch,ML540M-EVC-MIB,ml540mEvcConfigEvcEvcId,1.3.6.1.4.1.5468.100.62.1.2.4.1.1.1,column,integer,,,,not-accessible,no,yes,evcConfigEvcEvcId,"EVC ID, allowed range is [0,EvcMax[."
switch,ML540M-EVC-MIB,ml540mEvcConfigEvcVid,1.3.6.1.4.1.5468.100.62.1.2.4.1.1.2,column,textual-convention,VTSSUnsigned16,,,read-write,yes,no,evcConfigEvcVid,The VLAN ID used in the outer tag for the EVC.
switch,ML540M-EVC-MIB,ml540mEvcConfigEvcIvid,1.3.6.1.4.1.5468.100.62.1.2.4.1.1.3,column,textual-convention,VTSSUnsigned16,,,read-write,yes,no,evcConfigEvcIvid,The internal classified VLAN ID for the EVC.
switch,ML540M-EVC-MIB,ml540mEvcConfigEvcNniPortList,1.3.6.1.4.1.5468.100.62.1.2.4.1.1.4,column,textual-convention,VTSSPortList,,,read-write,yes,no,evcConfigEvcNniPortList,List of NNI ports for the EVC.
switch,ML540M-EVC-MIB,ml540mEvcConfigEvcLearning,1.3.6.1.4.1.5468.100.62.1.2.4.1.1.5,column,boolean,TruthValue,,,read-write,yes,no,evcConfigEvcLearning,Enable or disable MAC address learning for the EVC.
switch,ML540M-EVC-MIB,ml540mEvcConfigEvcPolicerOp,1.3.6.1.4.1.5468.100.62.1.2.4.1.1.6,column,textual-convention,VTSSevcPolicerOp,,,read-write,yes,no,evcConfigEvcPolicerOp,Policer operator for the EVC. This object is only available if the capability object 'ml540mEvcCapabilitiesHasEvcPolicer' is True.
switch,ML540M-EVC-MIB,ml540mEvcConfigEvcPolicerId,1.3.6.1.4.1.5468.100.62.1.2.4.1.1.7,column,textual-convention,VTSSUnsigned16,,,read-write,yes,no,evcConfigEvcPolicerId,Policer ID for the EVC. This object is only available if the capability object 'ml540mEvcCapabilitiesHasEvcPolicer' is True.
switch,ML540M-EVC-MIB,ml540mEvcConfigEvcUniVid,1.3.6.1.4.1.5468.100.62.1.2.4.1.1.8,column,textual-convention,VTSSUnsigned16,,,read-write,yes,no,evcConfigEvcUniVid,The VLAN ID used in the outer tag on the UNI. This object is only available if the capability object 'ml540mEvcCapabilitiesHasEvcUniVid' is True.
switch,ML540M-EVC-MIB,ml540mEvcConfigEvcItAddType,1.3.6.1.4.1.5468.100.62.1.2.4.1.1.9,column,textual-convention,VTSSevcInnerTagType,,,read-write,yes,no,evcConfigEvcItAddType,The tag type for the inner tag pushed. This object is only available if the capability object 'ml540mEvcCapabilitiesHasEvcItAdd' is True.
switch,ML540M-EVC-MIB,ml540mEvcConfigEvcItInnerVid,1.3.6.1.4.1.5468.100.62.1.2.4.1.1.10,column,boolean,TruthValue,,,read-write,yes,no,evcConfigEvcItInnerVid,Enable inner VLAN ID for EVC classification. This object is only available if the capability object 'ml540mEvcCapabilitiesHasEvcItAdd' is True.
switch,ML540M-EVC-MIB,ml540mEvcConfigEvcItAddVid,1.3.6.1.4.1.5468.100.62.1.2.4.1.1.11,column,textual-convention,VTSSUnsigned16,,,read-write,yes,no,evcConfigEvcItAddVid,The VLAN ID for the inner tag pushed This object is only available if the capability object 'ml540mEvcCapabilitiesHasEvcItAdd' is True.
switch,ML540M-EVC-MIB,ml540mEvcConfigEvcItAddPcpDeiPreserve,1.3.6.1.4.1.5468.100.62.1.2.4.1.1.12,column,boolean,TruthValue,,,read-write,yes,no,evcConfigEvcItAddPcpDeiPreserve,Enable PCP/DEI preservation for the inner tag pushed. This object is only available if the capability object 'ml540mEvcCapabilitiesHasEvcItAdd' is Tru
switch,ML540M-EVC-MIB,ml540mEvcConfigEvcItAddPcp,1.3.6.1.4.1.5468.100.62.1.2.4.1.1.13,column,unsigned32,,,,read-write,yes,no,evcConfigEvcItAddPcp,The PCP value for the inner tag pushed. This object is only available if the capability object 'ml540mEvcCapabilitiesHasEvcItAdd' is True.
switch,ML540M-EVC-MIB,ml540mEvcConfigEvcItAddDei,1.3.6.1.4.1.5468.100.62.1.2.4.1.1.14,column,textual-convention,VTSSUnsigned8,,,read-write,yes,no,evcConfigEvcItAddDei,The DEI value for the inner tag pushed. This object is only available if the capability object 'ml540mEvcCapabilitiesHasEvcItAdd' is True.
switch,ML540M-EVC-MIB,ml540mEvcConfigEvcLeafVid,1.3.6.1.4.1.5468.100.62.1.2.4.1.1.15,column,textual-convention,VTSSUnsigned16,,,read-write,yes,no,evcConfigEvcLeafVid,The leaf VLAN ID used in the outer tag for the EVC. This object is only available if the capability object 'ml540mEvcCapabilitiesHasEvcETree' is True.
switch,ML540M-EVC-MIB,ml540mEvcConfigEvcLeafIvid,1.3.6.1.4.1.5468.100.62.1.2.4.1.1.16,column,textual-convention,VTSSUnsigned16,,,read-write,yes,no,evcConfigEvcLeafIvid,The leaf internal classified VLAN ID for the EVC. This object is only available if the capability object 'ml540mEvcCapabilitiesHasEvcETree' is True.
switch,ML540M-EVC-MIB,ml540mEvcConfigEvcLeafPortList,1.3.6.1.4.1.5468.100.62.1.2.4.1.1.17,column,textual-convention,VTSSPortList,,,read-write,yes,no,evcConfigEvcLeafPortList,List of leaf ports for the EVC. This object is only available if the capability object 'ml540mEvcCapabilitiesHasEvcETree' is True.
switch,ML540M-EVC-MIB,ml540mEvcConfigEvcAction,1.3.6.1.4.1.5468.100.62.1.2.4.1.1.10000,column,textual-convention,VTSSRowEditorState,,,read-write,yes,no,evcConfigEvcAction,Action
switch,ML540M-EVC-MIB,ml540mEvcConfigEvcTableRowEditorEvcId,1.3.6.1.4.1.5468.100.62.1.2.4.2.1,scalar,integer,,,,read-write,yes,no,evcConfigEvcTableRowEditorEvcId,"EVC ID, allowed range is [0,EvcMax[."
switch,ML540M-EVC-MIB,ml540mEvcConfigEvcTableRowEditorVid,1.3.6.1.4.1.5468.100.62.1.2.4.2.2,scalar,textual-convention,VTSSUnsigned16,,,read-write,yes,no,evcConfigEvcTableRowEditorVid,The VLAN ID used in the outer tag for the EVC.
switch,ML540M-EVC-MIB,ml540mEvcConfigEvcTableRowEditorIvid,1.3.6.1.4.1.5468.100.62.1.2.4.2.3,scalar,textual-convention,VTSSUnsigned16,,,read-write,yes,no,evcConfigEvcTableRowEditorIvid,The internal classified VLAN ID for the EVC.
switch,ML540M-EVC-MIB,ml540mEvcConfigEvcTableRowEditorNniPortList,1.3.6.1.4.1.5468.100.62.1.2.4.2.4,scalar,textual-convention,VTSSPortList,,,read-write,yes,no,evcConfigEvcTableRowEditorNniPortList,List of NNI ports for the EVC.
switch,ML540M-EVC-MIB,ml540mEvcConfigEvcTableRowEditorLearning,1.3.6.1.4.1.5468.100.62.1.2.4.2.5,scalar,boolean,TruthValue,,,read-write,yes,no,evcConfigEvcTableRowEditorLearning,Enable or disable MAC address learning for the EVC.
switch,ML540M-EVC-MIB,ml540mEvcConfigEvcTableRowEditorPolicerOp,1.3.6.1.4.1.5468.100.62.1.2.4.2.6,scalar,textual-convention,VTSSevcPolicerOp,,,read-write,yes,no,evcConfigEvcTableRowEditorPolicerOp,Policer operator for the EVC. This object is only available if the capability object 'ml540mEvcCapabilitiesHasEvcPolicer' is True.
switch,ML540M-EVC-MIB,ml540mEvcConfigEvcTableRowEditorPolicerId,1.3.6.1.4.1.5468.100.62.1.2.4.2.7,scalar,textual-convention,VTSSUnsigned16,,,read-write,yes,no,evcConfigEvcTableRowEditorPolicerId,Policer ID for the EVC. This object is only available if the capability object 'ml540mEvcCapabilitiesHasEvcPolicer' is True.
switch,ML540M-EVC-MIB,ml540mEvcConfigEvcTableRowEditorUniVid,1.3.6.1.4.1.5468.100.62.1.2.4.2.8,scalar,textual-convention,VTSSUnsigned16,,,read-write,yes,no,evcConfigEvcTableRowEditorUniVid,The VLAN ID used in the outer tag on the UNI. This object is only available if the capability object 'ml540mEvcCapabilitiesHasEvcUniVid' is True.
switch,ML540M-EVC-MIB,ml540mEvcConfigEvcTableRowEditorItAddType,1.3.6.1.4.1.5468.100.62.1.2.4.2.9,scalar,textual-convention,VTSSevcInnerTagType,,,read-write,yes,no,evcConfigEvcTableRowEditorItAddType,The tag type for the inner tag pushed. This object is only available if the capability object 'ml540mEvcCapabilitiesHasEvcItAdd' is True.
switch,ML540M-EVC-MIB,ml540mEvcConfigEvcTableRowEditorItInnerVid,1.3.6.1.4.1.5468.100.62.1.2.4.2.10,scalar,boolean,TruthValue,,,read-write,yes,no,evcConfigEvcTableRowEditorItInnerVid,Enable inner VLAN ID for EVC classification. This object is only available if the capability object 'ml540mEvcCapabilitiesHasEvcItAdd' is True.
switch,ML540M-EVC-MIB,ml540mEvcConfigEvcTableRowEditorItAddVid,1.3.6.1.4.1.5468.100.62.1.2.4.2.11,scalar,textual-convention,VTSSUnsigned16,,,read-write,yes,no,evcConfigEvcTableRowEditorItAddVid,The VLAN ID for the inner tag pushed This object is only available if the capability object 'ml540mEvcCapabilitiesHasEvcItAdd' is True.
switch,ML540M-EVC-MIB,ml540mEvcConfigEvcTableRowEditorItAddPcpDeiPreserve,1.3.6.1.4.1.5468.100.62.1.2.4.2.12,scalar,boolean,TruthValue,,,read-write,yes,no,evcConfigEvcTableRowEditorItAddPcpDeiPreserve,Enable PCP/DEI preservation for the inner tag pushed. This object is only available if the capability object 'ml540mEvcCapabilitiesHasEvcItAdd' is Tru
switch,ML540M-EVC-MIB,ml540mEvcConfigEvcTableRowEditorItAddPcp,1.3.6.1.4.1.5468.100.62.1.2.4.2.13,scalar,unsigned32,,,,read-write,yes,no,evcConfigEvcTableRowEditorItAddPcp,The PCP value for the inner tag pushed. This object is only available if the capability object 'ml540mEvcCapabilitiesHasEvcItAdd' is True.
switch,ML540M-EVC-MIB,ml540mEvcConfigEvcTableRowEditorItAddDei,1.3.6.1.4.1.5468.100.62.1.2.4.2.14,scalar,textual-convention,VTSSUnsigned8,,,read-write,yes,no,evcConfigEvcTableRowEditorItAddDei,The DEI value for the inner tag pushed. This object is only available if the capability object 'ml540mEvcCapabilitiesHasEvcItAdd' is True.
switch,ML540M-EVC-MIB,ml540mEvcConfigEvcTableRowEditorLeafVid,1.3.6.1.4.1.5468.100.62.1.2.4.2.15,scalar,textual-convention,VTSSUnsigned16,,,read-write,yes,no,evcConfigEvcTableRowEditorLeafVid,The leaf VLAN ID used in the outer tag for the EVC. This object is only available if the capability object 'ml540mEvcCapabilitiesHasEvcETree' is True.
switch,ML540M-EVC-MIB,ml540mEvcConfigEvcTableRowEditorLeafIvid,1.3.6.1.4.1.5468.100.62.1.2.4.2.16,scalar,textual-convention,VTSSUnsigned16,,,read-write,yes,no,evcConfigEvcTableRowEditorLeafIvid,The leaf internal classified VLAN ID for the EVC. This object is only available if the capability object 'ml540mEvcCapabilitiesHasEvcETree' is True.
switch,ML540M-EVC-MIB,ml540mEvcConfigEvcTableRowEditorLeafPortList,1.3.6.1.4.1.5468.100.62.1.2.4.2.17,scalar,textual-convention,VTSSPortList,,,read-write,yes,no,evcConfigEvcTableRowEditorLeafPortList,List of leaf ports for the EVC. This object is only available if the capability object 'ml540mEvcCapabilitiesHasEvcETree' is True.
switch,ML540M-EVC-MIB,ml540mEvcConfigEvcTableRowEditorAction,1.3.6.1.4.1.5468.100.62.1.2.4.2.10000,scalar,textual-convention,VTSSRowEditorState,,,read-write,yes,no,evcConfigEvcTableRowEditorAction,Action
switch,ML540M-EVC-MIB,ml540mEvcConfigEceEceId,1.3.6.1.4.1.5468.100.62.1.2.5.1.1.1,column,integer,,,,not-accessible,no,yes,evcConfigEceEceId,"ECE ID, allowed range is [1,EceMax]."
switch,ML540M-EVC-MIB,ml540mEvcConfigEceNextId,1.3.6.1.4.1.5468.100.62.1.2.5.1.1.2,column,unsigned32,,,,read-write,yes,no,evcConfigEceNextId,The ID of the next ECE.
switch,ML540M-EVC-MIB,ml540mEvcConfigEceAdvLookup,1.3.6.1.4.1.5468.100.62.1.2.5.1.1.3,column,boolean,TruthValue,,,read-write,yes,no,evcConfigEceAdvLookup,Enable advanced ingress lookup. This object is only available if the capability object 'ml540mEvcCapabilitiesHasEceAdvLookup' is True.
switch,ML540M-EVC-MIB,ml540mEvcConfigEceUniPortList,1.3.6.1.4.1.5468.100.62.1.2.5.1.1.4,column,textual-convention,VTSSPortList,,,read-write,yes,no,evcConfigEceUniPortList,List of UNI ports for the ECE.
switch,ML540M-EVC-MIB,ml540mEvcConfigEceSrcMac,1.3.6.1.4.1.5468.100.62.1.2.5.1.1.10,column,mac-address,MacAddress,,,read-write,yes,no,evcConfigEceSrcMac,The source MAC address to match. This object is only available if the capability object 'ml540mEvcCapabilitiesHasEceSrcMac' is True.
switch,ML540M-EVC-MIB,ml540mEvcConfigEceSrcMacMask,1.3.6.1.4.1.5468.100.62.1.2.5.1.1.11,column,mac-address,MacAddress,,,read-write,yes,no,evcConfigEceSrcMacMask,The source MAC address mask. This object is only available if the capability object 'ml540mEvcCapabilitiesHasEceSrcMac' is True.
switch,ML540M-EVC-MIB,ml540mEvcConfigEceDestMacType,1.3.6.1.4.1.5468.100.62.1.2.5.1.1.12,column,textual-convention,VTSSDestMacType,,,read-write,yes,no,evcConfigEceDestMacType,The destination MAC address type to match. This object is only available if the capability object 'ml540mEvcCapabilitiesHasEceDestMacType' is True.
switch,ML540M-EVC-MIB,ml540mEvcConfigEceDestMac,1.3.6.1.4.1.5468.100.62.1.2.5.1.1.13,column,mac-address,MacAddress,,,read-write,yes,no,evcConfigEceDestMac,The destination MAC address to match. This object is only available if the capability object 'ml540mEvcCapabilitiesHasEceDestMac' is True.
switch,ML540M-EVC-MIB,ml540mEvcConfigEceDestMacMask,1.3.6.1.4.1.5468.100.62.1.2.5.1.1.14,column,mac-address,MacAddress,,,read-write,yes,no,evcConfigEceDestMacMask,The destination MAC address mask. This object is only available if the capability object 'ml540mEvcCapabilitiesHasEceDestMac' is True.
switch,ML540M-EVC-MIB,ml540mEvcConfigEceOtMatchType,1.3.6.1.4.1.5468.100.62.1.2.5.1.1.20,column,textual-convention,VTSSVlanTagType,,,read-write,yes,no,evcConfigEceOtMatchType,The outer tag type to match.
switch,ML540M-EVC-MIB,ml540mEvcConfigEceOtMatchVid,1.3.6.1.4.1.5468.100.62.1.2.5.1.1.21,column,unsigned32,,,,read-write,yes,no,evcConfigEceOtMatchVid,The outer tag VLAN ID range to match. The minimum value is encoded in the 16 least significant bits. The maximum value is encoded in the 16 most signi
switch,ML540M-EVC-MIB,ml540mEvcConfigEceOtMatchPcp,1.3.6.1.4.1.5468.100.62.1.2.5.1.1.22,column,textual-convention,VTSSVlanTagPriority,,,read-write,yes,no,evcConfigEceOtMatchPcp,The outer tag PCP to match.
switch,ML540M-EVC-MIB,ml540mEvcConfigEceOtMatchDei,1.3.6.1.4.1.5468.100.62.1.2.5.1.1.23,column,textual-convention,VTSSBitType,,,read-write,yes,no,evcConfigEceOtMatchDei,The outer tag DEI to match.
switch,ML540M-EVC-MIB,ml540mEvcConfigEceItMatchType,1.3.6.1.4.1.5468.100.62.1.2.5.1.1.30,column,textual-convention,VTSSVlanTagType,,,read-write,yes,no,evcConfigEceItMatchType,The inner tag type to match. This object is only available if the capability object 'ml540mEvcCapabilitiesHasEceInnerTag' is True.
switch,ML540M-EVC-MIB,ml540mEvcConfigEceItMatchVid,1.3.6.1.4.1.5468.100.62.1.2.5.1.1.31,column,unsigned32,,,,read-write,yes,no,evcConfigEceItMatchVid,The inner tag VLAN ID range to match. The minimum value is encoded in the 16 least significant bits. The maximum value is encoded in the 16 most signi
switch,ML540M-EVC-MIB,ml540mEvcConfigEceItMatchPcp,1.3.6.1.4.1.5468.100.62.1.2.5.1.1.32,column,textual-convention,VTSSVlanTagPriority,,,read-write,yes,no,evcConfigEceItMatchPcp,The inner tag PCP to match. This object is only available if the capability object 'ml540mEvcCapabilitiesHasEceInnerTag' is True.
switch,ML540M-EVC-MIB,ml540mEvcConfigEceItMatchDei,1.3.6.1.4.1.5468.100.62.1.2.5.1.1.33,column,textual-convention,VTSSBitType,,,read-write,yes,no,evcConfigEceItMatchDei,The inner tag DEI to match. This object is only available if the capability object 'ml540mEvcCapabilitiesHasEceInnerTag' is True.
switch,ML540M-EVC-MIB,ml540mEvcConfigEceFrameType,1.3.6.1.4.1.5468.100.62.1.2.5.1.1.50,column,textual-convention,VTSSevcFrameType,frames,description text,read-write,yes,no,evcConfigEceFrameType,The ECE frame type.
switch,ML540M-EVC-MIB,ml540mEvcConfigEceEtype,1.3.6.1.4.1.5468.100.62.1.2.5.1.1.100,column,textual-convention,VTSSUnsigned16,,,read-write,yes,no,evcConfigEceEtype,The Ethernet Type to match. This object is only available if the capability object 'ml540mEvcCapabilitiesHasEceEtype' is True.
switch,ML540M-EVC-MIB,ml540mEvcConfigEceEtypeMask,1.3.6.1.4.1.5468.100.62.1.2.5.1.1.101,column,textual-convention,VTSSUnsigned16,,,read-write,yes,no,evcConfigEceEtypeMask,The Ethernet Type mask. This object is only available if the capability object 'ml540mEvcCapabilitiesHasEceEtype' is True.
switch,ML540M-EVC-MIB,ml540mEvcConfigEceEtypeData,1.3.6.1.4.1.5468.100.62.1.2.5.1.1.102,column,textual-convention,VTSSUnsigned16,,,read-write,yes,no,evcConfigEceEtypeData,The Ethernet Type data to match. This object is only available if the capability object 'ml540mEvcCapabilitiesHasEceEtype' is True.
switch,ML540M-EVC-MIB,ml540mEvcConfigEceEtypeDataMask,1.3.6.1.4.1.5468.100.62.1.2.5.1.1.103,column,textual-convention,VTSSUnsigned16,,,read-write,yes,no,evcConfigEceEtypeDataMask,The Ethernet Type data mask. This object is only available if the capability object 'ml540mEvcCapabilitiesHasEceEtype' is True.
switch,ML540M-EVC-MIB,ml540mEvcConfigEceLlcDsap,1.3.6.1.4.1.5468.100.62.1.2.5.1.1.200,column,textual-convention,VTSSUnsigned8,,,read-write,yes,no,evcConfigEceLlcDsap,The LLC DSAP field to match. This object is only available if the capability object 'ml540mEvcCapabilitiesHasEceLlc' is True.
switch,ML540M-EVC-MIB,ml540mEvcConfigEceLlcDsapMask,1.3.6.1.4.1.5468.100.62.1.2.5.1.1.201,column,textual-convention,VTSSUnsigned8,,,read-write,yes,no,evcConfigEceLlcDsapMask,The LLC DSAP mask. This object is only available if the capability object 'ml540mEvcCapabilitiesHasEceLlc' is True.
switch,ML540M-EVC-MIB,ml540mEvcConfigEceLlcSsap,1.3.6.1.4.1.5468.100.62.1.2.5.1.1.202,column,textual-convention,VTSSUnsigned8,,,read-write,yes,no,evcConfigEceLlcSsap,The LLC SSAP field to match. This object is only available if the capability object 'ml540mEvcCapabilitiesHasEceLlc' is True.
switch,ML540M-EVC-MIB,ml540mEvcConfigEceLlcSsapMask,1.3.6.1.4.1.5468.100.62.1.2.5.1.1.203,column,textual-convention,VTSSUnsigned8,,,read-write,yes,no,evcConfigEceLlcSsapMask,The LLC SSAP mask. This object is only available if the capability object 'ml540mEvcCapabilitiesHasEceLlc' is True.
switch,ML540M-EVC-MIB,ml540mEvcConfigEceLlcControl,1.3.6.1.4.1.5468.100.62.1.2.5.1.1.204,column,textual-convention,VTSSUnsigned8,,,read-write,yes,no,evcConfigEceLlcControl,The LLC Control field to match. This object is only available if the capability object 'ml540mEvcCapabilitiesHasEceLlc' is True.
switch,ML540M-EVC-MIB,ml540mEvcConfigEceLlcControlMask,1.3.6.1.4.1.5468.100.62.1.2.5.1.1.205,column,textual-convention,VTSSUnsigned8,,,read-write,yes,no,evcConfigEceLlcControlMask,The LLC Control mask. This object is only available if the capability object 'ml540mEvcCapabilitiesHasEceLlc' is True.
switch,ML540M-EVC-MIB,ml540mEvcConfigEceLlcPid,1.3.6.1.4.1.5468.100.62.1.2.5.1.1.206,column,textual-convention,VTSSUnsigned16,,,read-write,yes,no,evcConfigEceLlcPid,The LLC Protocol ID to match. This object is only available if the capability object 'ml540mEvcCapabilitiesHasEceLlc' is True.
switch,ML540M-EVC-MIB,ml540mEvcConfigEceLlcPidMask,1.3.6.1.4.1.5468.100.62.1.2.5.1.1.207,column,textual-convention,VTSSUnsigned16,,,read-write,yes,no,evcConfigEceLlcPidMask,The LLC Protocol ID mask. This object is only available if the capability object 'ml540mEvcCapabilitiesHasEceLlc' is True.
switch,ML540M-EVC-MIB,ml540mEvcConfigEceSnapOui,1.3.6.1.4.1.5468.100.62.1.2.5.1.1.300,column,unsigned32,,,,read-write,yes,no,evcConfigEceSnapOui,The SNAP OUI to match. This object is only available if the capability object 'ml540mEvcCapabilitiesHasEceSnap' is True.
switch,ML540M-EVC-MIB,ml540mEvcConfigEceSnapOuiMask,1.3.6.1.4.1.5468.100.62.1.2.5.1.1.301,column,unsigned32,,,,read-write,yes,no,evcConfigEceSnapOuiMask,The SNAP OUI mask. This object is only available if the capability object 'ml540mEvcCapabilitiesHasEceSnap' is True.
switch,ML540M-EVC-MIB,ml540mEvcConfigEceSnapPid,1.3.6.1.4.1.5468.100.62.1.2.5.1.1.302,column,textual-convention,VTSSUnsigned16,,,read-write,yes,no,evcConfigEceSnapPid,The SNAP Protocol ID to match. This object is only available if the capability object 'ml540mEvcCapabilitiesHasEceSnap' is True.
switch,ML540M-EVC-MIB,ml540mEvcConfigEceSnapPidMask,1.3.6.1.4.1.5468.100.62.1.2.5.1.1.303,column,textual-convention,VTSSUnsigned16,,,read-write,yes,no,evcConfigEceSnapPidMask,The SNAP Protocol ID mask. This object is only available if the capability object 'ml540mEvcCapabilitiesHasEceSnap' is True.
switch,ML540M-EVC-MIB,ml540mEvcConfigEceL2cpType,1.3.6.1.4.1.5468.100.62.1.2.5.1.1.400,column,textual-convention,VTSSevcL2cpType,,,read-write,yes,no,evcConfigEceL2cpType,The L2CP type to match. The value 'none' is not valid for SET operations. This object is only available if the capability object 'ml540mEvcCapabilitie
switch,ML540M-EVC-MIB,ml540mEvcConfigEceIpv4Dscp,1.3.6.1.4.1.5468.100.62.1.2.5.1.1.500,column,unsigned32,,,,read-write,yes,no,evcConfigEceIpv4Dscp,The IPv4 DSCP range to match. The minimum value is encoded in the 16 least significant bits. The maximum value is encoded in the 16 most significant b
switch,ML540M-EVC-MIB,ml540mEvcConfigEceIpv4Proto,1.3.6.1.4.1.5468.100.62.1.2.5.1.1.501,column,textual-convention,VTSSUnsigned8,,,read-write,yes,no,evcConfigEceIpv4Proto,The IPv4 protocol number to match. This object is only available if the capability object 'ml540mEvcCapabilitiesHasEceIpProto' is True.
switch,ML540M-EVC-MIB,ml540mEvcConfigEceIpv4ProtoMask,1.3.6.1.4.1.5468.100.62.1.2.5.1.1.502,column,textual-convention,VTSSUnsigned8,,,read-write,yes,no,evcConfigEceIpv4ProtoMask,The IPv4 protocol mask. This object is only available if the capability object 'ml540mEvcCapabilitiesHasEceIpProto' is True.
switch,ML540M-EVC-MIB,ml540mEvcConfigEceIpv4Fragment,1.3.6.1.4.1.5468.100.62.1.2.5.1.1.503,column,textual-convention,VTSSBitType,,,read-write,yes,no,evcConfigEceIpv4Fragment,The IPv4 fragment match. This object is only available if the capability object 'ml540mEvcCapabilitiesHasEceIpv4Fragment' is True.
switch,ML540M-EVC-MIB,ml540mEvcConfigEceIpv4SrcIp,1.3.6.1.4.1.5468.100.62.1.2.5.1.1.504,column,ipv4-address,,,,read-write,yes,no,evcConfigEceIpv4SrcIp,The IPv4 source address. This object is only available if the capability object 'ml540mEvcCapabilitiesHasEceSrcIp' is True.
switch,ML540M-EVC-MIB,ml540mEvcConfigEceIpv4SrcIpMask,1.3.6.1.4.1.5468.100.62.1.2.5.1.1.505,column,ipv4-address,,,,read-write,yes,no,evcConfigEceIpv4SrcIpMask,The IPv4 source address mask. This object is only available if the capability object 'ml540mEvcCapabilitiesHasEceSrcIp' is True.
switch,ML540M-EVC-MIB,ml540mEvcConfigEceIpv4DestIp,1.3.6.1.4.1.5468.100.62.1.2.5.1.1.506,column,ipv4-address,,,,read-write,yes,no,evcConfigEceIpv4DestIp,The IPv4 destination address. This object is only available if the capability object 'ml540mEvcCapabilitiesHasEceDestIp' is True.
switch,ML540M-EVC-MIB,ml540mEvcConfigEceIpv4DestIpMask,1.3.6.1.4.1.5468.100.62.1.2.5.1.1.507,column,ipv4-address,,,,read-write,yes,no,evcConfigEceIpv4DestIpMask,The IPv4 destination address mask. This object is only available if the capability object 'ml540mEvcCapabilitiesHasEceDestIp' is True.
switch,ML540M-EVC-MIB,ml540mEvcConfigEceIpv4SrcPort,1.3.6.1.4.1.5468.100.62.1.2.5.1.1.508,column,unsigned32,,,,read-write,yes,no,evcConfigEceIpv4SrcPort,The IPv4 UDP/TCP source port range to match. The minimum value is encoded in the 16 least significant bits. The maximum value is encoded in the 16 mos
switch,ML540M-EVC-MIB,ml540mEvcConfigEceIpv4DestPort,1.3.6.1.4.1.5468.100.62.1.2.5.1.1.509,column,unsigned32,,,,read-write,yes,no,evcConfigEceIpv4DestPort,The IPv4 UDP/TCP destination port range to match. The minimum value is encoded in the 16 least significant bits. The maximum value is encoded in the 1
switch,ML540M-EVC-MIB,ml540mEvcConfigEceIpv6Dscp,1.3.6.1.4.1.5468.100.62.1.2.5.1.1.600,column,unsigned32,,,,read-write,yes,no,evcConfigEceIpv6Dscp,The IPv6 DSCP range to match. The minimum value is encoded in the 16 least significant bits. The maximum value is encoded in the 16 most significant b
switch,ML540M-EVC-MIB,ml540mEvcConfigEceIpv6Proto,1.3.6.1.4.1.5468.100.62.1.2.5.1.1.601,column,textual-convention,VTSSUnsigned8,,,read-write,yes,no,evcConfigEceIpv6Proto,The IPv6 protocol number to match. This object is only available if the capability object 'ml540mEvcCapabilitiesHasEceIpProto' is True.
switch,ML540M-EVC-MIB,ml540mEvcConfigEceIpv6ProtoMask,1.3.6.1.4.1.5468.100.62.1.2.5.1.1.602,column,textual-convention,VTSSUnsigned8,,,read-write,yes,no,evcConfigEceIpv6ProtoMask,The IPv6 protocol mask. This object is only available if the capability object 'ml540mEvcCapabilitiesHasEceIpProto' is True.
switch,ML540M-EVC-MIB,ml540mEvcConfigEceIpv6SrcIp,1.3.6.1.4.1.5468.100.62.1.2.5.1.1.603,column,textual-convention,InetAddressIPv6,,,read-write,yes,no,evcConfigEceIpv6SrcIp,The IPv6 source address. This object is only available if the capability object 'ml540mEvcCapabilitiesHasEceSrcIp' is True.
switch,ML540M-EVC-MIB,ml540mEvcConfigEceIpv6SrcIpMask,1.3.6.1.4.1.5468.100.62.1.2.5.1.1.604,column,textual-convention,InetAddressIPv6,,,read-write,yes,no,evcConfigEceIpv6SrcIpMask,The IPv6 source address mask. This object is only available if the capability object 'ml540mEvcCapabilitiesHasEceSrcIp' is True.
switch,ML540M-EVC-MIB,ml540mEvcConfigEceIpv6DestIp,1.3.6.1.4.1.5468.100.62.1.2.5.1.1.605,column,textual-convention,InetAddressIPv6,,,read-write,yes,no,evcConfigEceIpv6DestIp,The IPv6 destination address. This object is only available if the capability object 'ml540mEvcCapabilitiesHasEceDestIp' is True.
switch,ML540M-EVC-MIB,ml540mEvcConfigEceIpv6DestIpMask,1.3.6.1.4.1.5468.100.62.1.2.5.1.1.606,column,textual-convention,InetAddressIPv6,,,read-write,yes,no,evcConfigEceIpv6DestIpMask,The IPv6 destination address mask. This object is only available if the capability object 'ml540mEvcCapabilitiesHasEceDestIp' is True.
switch,ML540M-EVC-MIB,ml540mEvcConfigEceIpv6SrcPort,1.3.6.1.4.1.5468.100.62.1.2.5.1.1.607,column,unsigned32,,,,read-write,yes,no,evcConfigEceIpv6SrcPort,The IPv6 UDP/TCP source port range to match. The minimum value is encoded in the 16 least significant bits. The maximum value is encoded in the 16 mos
switch,ML540M-EVC-MIB,ml540mEvcConfigEceIpv6DestPort,1.3.6.1.4.1.5468.100.62.1.2.5.1.1.608,column,unsigned32,,,,read-write,yes,no,evcConfigEceIpv6DestPort,The IPv6 UDP/TCP destination port range to match. The minimum value is encoded in the 16 least significant bits. The maximum value is encoded in the 1
switch,ML540M-EVC-MIB,ml540mEvcConfigEceDirection,1.3.6.1.4.1.5468.100.62.1.2.5.1.1.1000,column,textual-convention,VTSSevcDirection,,,read-write,yes,no,evcConfigEceDirection,The ECE direction.
switch,ML540M-EVC-MIB,ml540mEvcConfigEceRuleType,1.3.6.1.4.1.5468.100.62.1.2.5.1.1.1010,column,textual-convention,VTSSevcRuleType,,,read-write,yes,no,evcConfigEceRuleType,The ECE rule type. This object is only available if the capability object 'ml540mEvcCapabilitiesHasEceRuleType' is True.
switch,ML540M-EVC-MIB,ml540mEvcConfigEceTxLookup,1.3.6.1.4.1.5468.100.62.1.2.5.1.1.1011,column,textual-convention,VTSSevcTxLookup,,,read-write,yes,no,evcConfigEceTxLookup,The egress lookup key type. This object is only available if the capability object 'ml540mEvcCapabilitiesHasEceTxLookup' is True.
switch,ML540M-EVC-MIB,ml540mEvcConfigEcePopTag,1.3.6.1.4.1.5468.100.62.1.2.5.1.1.1020,column,textual-convention,VTSSevcPopTag,,,read-write,yes,no,evcConfigEcePopTag,The number of tags popped.
switch,ML540M-EVC-MIB,ml540mEvcConfigEceOtAddEnable,1.3.6.1.4.1.5468.100.62.1.2.5.1.1.1100,column,boolean,TruthValue,,,read-write,yes,no,evcConfigEceOtAddEnable,Enable outer tag pushing for NNI-to-UNI direction.
switch,ML540M-EVC-MIB,ml540mEvcConfigEceOtAddVid,1.3.6.1.4.1.5468.100.62.1.2.5.1.1.1101,column,textual-convention,VTSSUnsigned16,,,read-write,yes,no,evcConfigEceOtAddVid,The VLAN ID pushed for NNI-to-UNI direction. This object is only available if the capability object 'ml540mEvcCapabilitiesHasEceOtAddVid' is True.
switch,ML540M-EVC-MIB,ml540mEvcConfigEceOtAddPcpMode,1.3.6.1.4.1.5468.100.62.1.2.5.1.1.1102,column,textual-convention,VTSSevcPcpMode,,,read-write,yes,no,evcConfigEceOtAddPcpMode,The PCP mode for the outer tag pushed. This object is only available if the capability object 'ml540mEvcCapabilitiesHasEcePcpMode' is True.
switch,ML540M-EVC-MIB,ml540mEvcConfigEceOtAddPcpDeiPreserve,1.3.6.1.4.1.5468.100.62.1.2.5.1.1.1103,column,boolean,TruthValue,,,read-write,yes,no,evcConfigEceOtAddPcpDeiPreserve,Enable PCP/DEI preservation for the outer tag pushed. This object is only available if the capability object 'ml540mEvcCapabilitiesHasEcePcpDeiPreserv
switch,ML540M-EVC-MIB,ml540mEvcConfigEceOtAddPcp,1.3.6.1.4.1.5468.100.62.1.2.5.1.1.1104,column,unsigned32,,,,read-write,yes,no,evcConfigEceOtAddPcp,The PCP value for the outer tag pushed.
switch,ML540M-EVC-MIB,ml540mEvcConfigEceOtAddDeiMode,1.3.6.1.4.1.5468.100.62.1.2.5.1.1.1105,column,textual-convention,VTSSevcDeiMode,,,read-write,yes,no,evcConfigEceOtAddDeiMode,The DEI mode for the outer tag pushed. This object is only available if the capability object 'ml540mEvcCapabilitiesHasEceDeiMode' is True.
switch,ML540M-EVC-MIB,ml540mEvcConfigEceOtAddDei,1.3.6.1.4.1.5468.100.62.1.2.5.1.1.1106,column,textual-convention,VTSSUnsigned8,,,read-write,yes,no,evcConfigEceOtAddDei,The DEI value for the outer tag pushed.
switch,ML540M-EVC-MIB,ml540mEvcConfigEceItAddType,1.3.6.1.4.1.5468.100.62.1.2.5.1.1.1200,column,textual-convention,VTSSevcInnerTagType,,,read-write,yes,no,evcConfigEceItAddType,The tag type for the inner tag pushed. This object is only available if the capability object 'ml540mEvcCapabilitiesHasEceItAdd' is True.
switch,ML540M-EVC-MIB,ml540mEvcConfigEceItAddVid,1.3.6.1.4.1.5468.100.62.1.2.5.1.1.1201,column,textual-convention,VTSSUnsigned16,,,read-write,yes,no,evcConfigEceItAddVid,The VLAN ID for the inner tag pushed. This object is only available if the capability object 'ml540mEvcCapabilitiesHasEceItAdd' is True.
switch,ML540M-EVC-MIB,ml540mEvcConfigEceItAddPcpMode,1.3.6.1.4.1.5468.100.62.1.2.5.1.1.1202,column,textual-convention,VTSSevcPcpMode,,,read-write,yes,no,evcConfigEceItAddPcpMode,The PCP mode for the inner tag pushed. This object is only available if the capability object 'ml540mEvcCapabilitiesHasEcePcpMode' is True.
switch,ML540M-EVC-MIB,ml540mEvcConfigEceItAddPcpDeiPreserve,1.3.6.1.4.1.5468.100.62.1.2.5.1.1.1203,column,boolean,TruthValue,,,read-write,yes,no,evcConfigEceItAddPcpDeiPreserve,Enable PCP/DEI preservation for the inner tag pushed. This object is only available if the capability object 'ml540mEvcCapabilitiesHasEcePcpDeiPreserv
switch,ML540M-EVC-MIB,ml540mEvcConfigEceItAddPcp,1.3.6.1.4.1.5468.100.62.1.2.5.1.1.1204,column,unsigned32,,,,read-write,yes,no,evcConfigEceItAddPcp,The PCP value for the inner tag pushed. This object is only available if the capability object 'ml540mEvcCapabilitiesHasEceItAdd' is True.
switch,ML540M-EVC-MIB,ml540mEvcConfigEceItAddDeiMode,1.3.6.1.4.1.5468.100.62.1.2.5.1.1.1205,column,textual-convention,VTSSevcDeiMode,,,read-write,yes,no,evcConfigEceItAddDeiMode,The DEI mode for the inner tag pushed. This object is only available if the capability object 'ml540mEvcCapabilitiesHasEceDeiMode' is True.
switch,ML540M-EVC-MIB,ml540mEvcConfigEceItAddDei,1.3.6.1.4.1.5468.100.62.1.2.5.1.1.1206,column,textual-convention,VTSSUnsigned8,,,read-write,yes,no,evcConfigEceItAddDei,The DEI value for the inner tag pushed. This object is only available if the capability object 'ml540mEvcCapabilitiesHasEceItAdd' is True.
switch,ML540M-EVC-MIB,ml540mEvcConfigEceEvcId,1.3.6.1.4.1.5468.100.62.1.2.5.1.1.1300,column,textual-convention,VTSSUnsigned16,,,read-write,yes,no,evcConfigEceEvcId,The EVC ID for the ECE.
switch,ML540M-EVC-MIB,ml540mEvcConfigEcePolicerOp,1.3.6.1.4.1.5468.100.62.1.2.5.1.1.1301,column,textual-convention,VTSSevcPolicerOp,,,read-write,yes,no,evcConfigEcePolicerOp,The policer operator for the ECE. This object is only available if the capability object 'ml540mEvcCapabilitiesHasEcePolicer' is True.
switch,ML540M-EVC-MIB,ml540mEvcConfigEcePolicerId,1.3.6.1.4.1.5468.100.62.1.2.5.1.1.1302,column,textual-convention,VTSSUnsigned16,,,read-write,yes,no,evcConfigEcePolicerId,The policer ID for the ECE. This object is only available if the capability object 'ml540mEvcCapabilitiesHasEcePolicer' is True.
switch,ML540M-EVC-MIB,ml540mEvcConfigEcePolicyNo,1.3.6.1.4.1.5468.100.62.1.2.5.1.1.1310,column,unsigned32,,,,read-write,yes,no,evcConfigEcePolicyNo,The ACL policy number for the ECE.
switch,ML540M-EVC-MIB,ml540mEvcConfigEceCosEnable,1.3.6.1.4.1.5468.100.62.1.2.5.1.1.1320,column,boolean,TruthValue,,,read-write,yes,no,evcConfigEceCosEnable,Enable CoS assignment. This object is only available if the capability object 'ml540mEvcCapabilitiesHasEceCos' is True.
switch,ML540M-EVC-MIB,ml540mEvcConfigEceCos,1.3.6.1.4.1.5468.100.62.1.2.5.1.1.1321,column,unsigned32,,,,read-write,yes,no,evcConfigEceCos,The CoS value for the ECE. This object is only available if the capability object 'ml540mEvcCapabilitiesHasEceCos' is True.
switch,ML540M-EVC-MIB,ml540mEvcConfigEceDpEnable,1.3.6.1.4.1.5468.100.62.1.2.5.1.1.1330,column,boolean,TruthValue,,,read-write,yes,no,evcConfigEceDpEnable,Enable Drop Precendence assignment. This object is only available if the capability object 'ml540mEvcCapabilitiesHasEceDp' is True.
switch,ML540M-EVC-MIB,ml540mEvcConfigEceDp,1.3.6.1.4.1.5468.100.62.1.2.5.1.1.1331,column,textual-convention,VTSSUnsigned8,,,read-write,yes,no,evcConfigEceDp,The Drop Precedence value for the ECE. This object is only available if the capability object 'ml540mEvcCapabilitiesHasEceDp' is True.
switch,ML540M-EVC-MIB,ml540mEvcConfigEceL2cpMode,1.3.6.1.4.1.5468.100.62.1.2.5.1.1.1332,column,textual-convention,VTSSevcEceL2cpMode,,,read-write,yes,no,evcConfigEceL2cpMode,The L2CP forward mode for the ECE. This object is only available if the capability object 'ml540mEvcCapabilitiesHasEceL2cp' is True.
switch,ML540M-EVC-MIB,ml540mEvcConfigEceL2cpDmac,1.3.6.1.4.1.5468.100.62.1.2.5.1.1.1333,column,textual-convention,VTSSevcL2cpDmac,,,read-write,yes,no,evcConfigEceL2cpDmac,The DMAC used for L2CP tunneling for the ECE. This object is only available if the capability object 'ml540mEvcCapabilitiesHasEceL2cp' is True.
switch,ML540M-EVC-MIB,ml540mEvcConfigEceAction,1.3.6.1.4.1.5468.100.62.1.2.5.1.1.10000,column,textual-convention,VTSSRowEditorState,,,read-write,yes,no,evcConfigEceAction,Action
switch,ML540M-EVC-MIB,ml540mEvcConfigEceTableRowEditorEceId,1.3.6.1.4.1.5468.100.62.1.2.5.2.1,scalar,integer,,,,read-write,yes,no,evcConfigEceTableRowEditorEceId,"ECE ID, allowed range is [1,EceMax]."
switch,ML540M-EVC-MIB,ml540mEvcConfigEceTableRowEditorNextId,1.3.6.1.4.1.5468.100.62.1.2.5.2.2,scalar,unsigned32,,,,read-write,yes,no,evcConfigEceTableRowEditorNextId,The ID of the next ECE.
switch,ML540M-EVC-MIB,ml540mEvcConfigEceTableRowEditorAdvLookup,1.3.6.1.4.1.5468.100.62.1.2.5.2.3,scalar,boolean,TruthValue,,,read-write,yes,no,evcConfigEceTableRowEditorAdvLookup,Enable advanced ingress lookup. This object is only available if the capability object 'ml540mEvcCapabilitiesHasEceAdvLookup' is True.
switch,ML540M-EVC-MIB,ml540mEvcConfigEceTableRowEditorUniPortList,1.3.6.1.4.1.5468.100.62.1.2.5.2.4,scalar,textual-convention,VTSSPortList,,,read-write,yes,no,evcConfigEceTableRowEditorUniPortList,List of UNI ports for the ECE.
switch,ML540M-EVC-MIB,ml540mEvcConfigEceTableRowEditorSrcMac,1.3.6.1.4.1.5468.100.62.1.2.5.2.10,scalar,mac-address,MacAddress,,,read-write,yes,no,evcConfigEceTableRowEditorSrcMac,The source MAC address to match. This object is only available if the capability object 'ml540mEvcCapabilitiesHasEceSrcMac' is True.
switch,ML540M-EVC-MIB,ml540mEvcConfigEceTableRowEditorSrcMacMask,1.3.6.1.4.1.5468.100.62.1.2.5.2.11,scalar,mac-address,MacAddress,,,read-write,yes,no,evcConfigEceTableRowEditorSrcMacMask,The source MAC address mask. This object is only available if the capability object 'ml540mEvcCapabilitiesHasEceSrcMac' is True.
switch,ML540M-EVC-MIB,ml540mEvcConfigEceTableRowEditorDestMacType,1.3.6.1.4.1.5468.100.62.1.2.5.2.12,scalar,textual-convention,VTSSDestMacType,,,read-write,yes,no,evcConfigEceTableRowEditorDestMacType,The destination MAC address type to match. This object is only available if the capability object 'ml540mEvcCapabilitiesHasEceDestMacType' is True.
switch,ML540M-EVC-MIB,ml540mEvcConfigEceTableRowEditorDestMac,1.3.6.1.4.1.5468.100.62.1.2.5.2.13,scalar,mac-address,MacAddress,,,read-write,yes,no,evcConfigEceTableRowEditorDestMac,The destination MAC address to match. This object is only available if the capability object 'ml540mEvcCapabilitiesHasEceDestMac' is True.
switch,ML540M-EVC-MIB,ml540mEvcConfigEceTableRowEditorDestMacMask,1.3.6.1.4.1.5468.100.62.1.2.5.2.14,scalar,mac-address,MacAddress,,,read-write,yes,no,evcConfigEceTableRowEditorDestMacMask,The destination MAC address mask. This object is only available if the capability object 'ml540mEvcCapabilitiesHasEceDestMac' is True.
switch,ML540M-EVC-MIB,ml540mEvcConfigEceTableRowEditorOtMatchType,1.3.6.1.4.1.5468.100.62.1.2.5.2.20,scalar,textual-convention,VTSSVlanTagType,,,read-write,yes,no,evcConfigEceTableRowEditorOtMatchType,The outer tag type to match.
switch,ML540M-EVC-MIB,ml540mEvcConfigEceTableRowEditorOtMatchVid,1.3.6.1.4.1.5468.100.62.1.2.5.2.21,scalar,unsigned32,,,,read-write,yes,no,evcConfigEceTableRowEditorOtMatchVid,The outer tag VLAN ID range to match. The minimum value is encoded in the 16 least significant bits. The maximum value is encoded in the 16 most signi
switch,ML540M-EVC-MIB,ml540mEvcConfigEceTableRowEditorOtMatchPcp,1.3.6.1.4.1.5468.100.62.1.2.5.2.22,scalar,textual-convention,VTSSVlanTagPriority,,,read-write,yes,no,evcConfigEceTableRowEditorOtMatchPcp,The outer tag PCP to match.
switch,ML540M-EVC-MIB,ml540mEvcConfigEceTableRowEditorOtMatchDei,1.3.6.1.4.1.5468.100.62.1.2.5.2.23,scalar,textual-convention,VTSSBitType,,,read-write,yes,no,evcConfigEceTableRowEditorOtMatchDei,The outer tag DEI to match.
switch,ML540M-EVC-MIB,ml540mEvcConfigEceTableRowEditorItMatchType,1.3.6.1.4.1.5468.100.62.1.2.5.2.30,scalar,textual-convention,VTSSVlanTagType,,,read-write,yes,no,evcConfigEceTableRowEditorItMatchType,The inner tag type to match. This object is only available if the capability object 'ml540mEvcCapabilitiesHasEceInnerTag' is True.
switch,ML540M-EVC-MIB,ml540mEvcConfigEceTableRowEditorItMatchVid,1.3.6.1.4.1.5468.100.62.1.2.5.2.31,scalar,unsigned32,,,,read-write,yes,no,evcConfigEceTableRowEditorItMatchVid,The inner tag VLAN ID range to match. The minimum value is encoded in the 16 least significant bits. The maximum value is encoded in the 16 most signi
switch,ML540M-EVC-MIB,ml540mEvcConfigEceTableRowEditorItMatchPcp,1.3.6.1.4.1.5468.100.62.1.2.5.2.32,scalar,textual-convention,VTSSVlanTagPriority,,,read-write,yes,no,evcConfigEceTableRowEditorItMatchPcp,The inner tag PCP to match. This object is only available if the capability object 'ml540mEvcCapabilitiesHasEceInnerTag' is True.
switch,ML540M-EVC-MIB,ml540mEvcConfigEceTableRowEditorItMatchDei,1.3.6.1.4.1.5468.100.62.1.2.5.2.33,scalar,textual-convention,VTSSBitType,,,read-write,yes,no,evcConfigEceTableRowEditorItMatchDei,The inner tag DEI to match. This object is only available if the capability object 'ml540mEvcCapabilitiesHasEceInnerTag' is True.
switch,ML540M-EVC-MIB,ml540mEvcConfigEceTableRowEditorFrameType,1.3.6.1.4.1.5468.100.62.1.2.5.2.50,scalar,textual-convention,VTSSevcFrameType,frames,description text,read-write,yes,no,evcConfigEceTableRowEditorFrameType,The ECE frame type.
switch,ML540M-EVC-MIB,ml540mEvcConfigEceTableRowEditorEtype,1.3.6.1.4.1.5468.100.62.1.2.5.2.100,scalar,textual-convention,VTSSUnsigned16,,,read-write,yes,no,evcConfigEceTableRowEditorEtype,The Ethernet Type to match. This object is only available if the capability object 'ml540mEvcCapabilitiesHasEceEtype' is True.
switch,ML540M-EVC-MIB,ml540mEvcConfigEceTableRowEditorEtypeMask,1.3.6.1.4.1.5468.100.62.1.2.5.2.101,scalar,textual-convention,VTSSUnsigned16,,,read-write,yes,no,evcConfigEceTableRowEditorEtypeMask,The Ethernet Type mask. This object is only available if the capability object 'ml540mEvcCapabilitiesHasEceEtype' is True.
switch,ML540M-EVC-MIB,ml540mEvcConfigEceTableRowEditorEtypeData,1.3.6.1.4.1.5468.100.62.1.2.5.2.102,scalar,textual-convention,VTSSUnsigned16,,,read-write,yes,no,evcConfigEceTableRowEditorEtypeData,The Ethernet Type data to match. This object is only available if the capability object 'ml540mEvcCapabilitiesHasEceEtype' is True.
switch,ML540M-EVC-MIB,ml540mEvcConfigEceTableRowEditorEtypeDataMask,1.3.6.1.4.1.5468.100.62.1.2.5.2.103,scalar,textual-convention,VTSSUnsigned16,,,read-write,yes,no,evcConfigEceTableRowEditorEtypeDataMask,The Ethernet Type data mask. This object is only available if the capability object 'ml540mEvcCapabilitiesHasEceEtype' is True.
switch,ML540M-EVC-MIB,ml540mEvcConfigEceTableRowEditorLlcDsap,1.3.6.1.4.1.5468.100.62.1.2.5.2.200,scalar,textual-convention,VTSSUnsigned8,,,read-write,yes,no,evcConfigEceTableRowEditorLlcDsap,The LLC DSAP field to match. This object is only available if the capability object 'ml540mEvcCapabilitiesHasEceLlc' is True.
switch,ML540M-EVC-MIB,ml540mEvcConfigEceTableRowEditorLlcDsapMask,1.3.6.1.4.1.5468.100.62.1.2.5.2.201,scalar,textual-convention,VTSSUnsigned8,,,read-write,yes,no,evcConfigEceTableRowEditorLlcDsapMask,The LLC DSAP mask. This object is only available if the capability object 'ml540mEvcCapabilitiesHasEceLlc' is True.
switch,ML540M-EVC-MIB,ml540mEvcConfigEceTableRowEditorLlcSsap,1.3.6.1.4.1.5468.100.62.1.2.5.2.202,scalar,textual-convention,VTSSUnsigned8,,,read-write,yes,no,evcConfigEceTableRowEditorLlcSsap,The LLC SSAP field to match. This object is only available if the capability object 'ml540mEvcCapabilitiesHasEceLlc' is True.
switch,ML540M-EVC-MIB,ml540mEvcConfigEceTableRowEditorLlcSsapMask,1.3.6.1.4.1.5468.100.62.1.2.5.2.203,scalar,textual-convention,VTSSUnsigned8,,,read-write,yes,no,evcConfigEceTableRowEditorLlcSsapMask,The LLC SSAP mask. This object is only available if the capability object 'ml540mEvcCapabilitiesHasEceLlc' is True.
switch,ML540M-EVC-MIB,ml540mEvcConfigEceTableRowEditorLlcControl,1.3.6.1.4.1.5468.100.62.1.2.5.2.204,scalar,textual-convention,VTSSUnsigned8,,,read-write,yes,no,evcConfigEceTableRowEditorLlcControl,The LLC Control field to match. This object is only available if the capability object 'ml540mEvcCapabilitiesHasEceLlc' is True.
switch,ML540M-EVC-MIB,ml540mEvcConfigEceTableRowEditorLlcControlMask,1.3.6.1.4.1.5468.100.62.1.2.5.2.205,scalar,textual-convention,VTSSUnsigned8,,,read-write,yes,no,evcConfigEceTableRowEditorLlcControlMask,The LLC Control mask. This object is only available if the capability object 'ml540mEvcCapabilitiesHasEceLlc' is True.
switch,ML540M-EVC-MIB,ml540mEvcConfigEceTableRowEditorLlcPid,1.3.6.1.4.1.5468.100.62.1.2.5.2.206,scalar,textual-convention,VTSSUnsigned16,,,read-write,yes,no,evcConfigEceTableRowEditorLlcPid,The LLC Protocol ID to match. This object is only available if the capability object 'ml540mEvcCapabilitiesHasEceLlc' is True.
switch,ML540M-EVC-MIB,ml540mEvcConfigEceTableRowEditorLlcPidMask,1.3.6.1.4.1.5468.100.62.1.2.5.2.207,scalar,textual-convention,VTSSUnsigned16,,,read-write,yes,no,evcConfigEceTableRowEditorLlcPidMask,The LLC Protocol ID mask. This object is only available if the capability object 'ml540mEvcCapabilitiesHasEceLlc' is True.
switch,ML540M-EVC-MIB,ml540mEvcConfigEceTableRowEditorSnapOui,1.3.6.1.4.1.5468.100.62.1.2.5.2.300,scalar,unsigned32,,,,read-write,yes,no,evcConfigEceTableRowEditorSnapOui,The SNAP OUI to match. This object is only available if the capability object 'ml540mEvcCapabilitiesHasEceSnap' is True.
switch,ML540M-EVC-MIB,ml540mEvcConfigEceTableRowEditorSnapOuiMask,1.3.6.1.4.1.5468.100.62.1.2.5.2.301,scalar,unsigned32,,,,read-write,yes,no,evcConfigEceTableRowEditorSnapOuiMask,The SNAP OUI mask. This object is only available if the capability object 'ml540mEvcCapabilitiesHasEceSnap' is True.
switch,ML540M-EVC-MIB,ml540mEvcConfigEceTableRowEditorSnapPid,1.3.6.1.4.1.5468.100.62.1.2.5.2.302,scalar,textual-convention,VTSSUnsigned16,,,read-write,yes,no,evcConfigEceTableRowEditorSnapPid,The SNAP Protocol ID to match. This object is only available if the capability object 'ml540mEvcCapabilitiesHasEceSnap' is True.
switch,ML540M-EVC-MIB,ml540mEvcConfigEceTableRowEditorSnapPidMask,1.3.6.1.4.1.5468.100.62.1.2.5.2.303,scalar,textual-convention,VTSSUnsigned16,,,read-write,yes,no,evcConfigEceTableRowEditorSnapPidMask,The SNAP Protocol ID mask. This object is only available if the capability object 'ml540mEvcCapabilitiesHasEceSnap' is True.
switch,ML540M-EVC-MIB,ml540mEvcConfigEceTableRowEditorL2cpType,1.3.6.1.4.1.5468.100.62.1.2.5.2.400,scalar,textual-convention,VTSSevcL2cpType,,,read-write,yes,no,evcConfigEceTableRowEditorL2cpType,The L2CP type to match. The value 'none' is not valid for SET operations. This object is only available if the capability object 'ml540mEvcCapabilitie
switch,ML540M-EVC-MIB,ml540mEvcConfigEceTableRowEditorIpv4Dscp,1.3.6.1.4.1.5468.100.62.1.2.5.2.500,scalar,unsigned32,,,,read-write,yes,no,evcConfigEceTableRowEditorIpv4Dscp,The IPv4 DSCP range to match. The minimum value is encoded in the 16 least significant bits. The maximum value is encoded in the 16 most significant b
switch,ML540M-EVC-MIB,ml540mEvcConfigEceTableRowEditorIpv4Proto,1.3.6.1.4.1.5468.100.62.1.2.5.2.501,scalar,textual-convention,VTSSUnsigned8,,,read-write,yes,no,evcConfigEceTableRowEditorIpv4Proto,The IPv4 protocol number to match. This object is only available if the capability object 'ml540mEvcCapabilitiesHasEceIpProto' is True.
switch,ML540M-EVC-MIB,ml540mEvcConfigEceTableRowEditorIpv4ProtoMask,1.3.6.1.4.1.5468.100.62.1.2.5.2.502,scalar,textual-convention,VTSSUnsigned8,,,read-write,yes,no,evcConfigEceTableRowEditorIpv4ProtoMask,The IPv4 protocol mask. This object is only available if the capability object 'ml540mEvcCapabilitiesHasEceIpProto' is True.
switch,ML540M-EVC-MIB,ml540mEvcConfigEceTableRowEditorIpv4Fragment,1.3.6.1.4.1.5468.100.62.1.2.5.2.503,scalar,textual-convention,VTSSBitType,,,read-write,yes,no,evcConfigEceTableRowEditorIpv4Fragment,The IPv4 fragment match. This object is only available if the capability object 'ml540mEvcCapabilitiesHasEceIpv4Fragment' is True.
switch,ML540M-EVC-MIB,ml540mEvcConfigEceTableRowEditorIpv4SrcIp,1.3.6.1.4.1.5468.100.62.1.2.5.2.504,scalar,ipv4-address,,,,read-write,yes,no,evcConfigEceTableRowEditorIpv4SrcIp,The IPv4 source address. This object is only available if the capability object 'ml540mEvcCapabilitiesHasEceSrcIp' is True.
switch,ML540M-EVC-MIB,ml540mEvcConfigEceTableRowEditorIpv4SrcIpMask,1.3.6.1.4.1.5468.100.62.1.2.5.2.505,scalar,ipv4-address,,,,read-write,yes,no,evcConfigEceTableRowEditorIpv4SrcIpMask,The IPv4 source address mask. This object is only available if the capability object 'ml540mEvcCapabilitiesHasEceSrcIp' is True.
switch,ML540M-EVC-MIB,ml540mEvcConfigEceTableRowEditorIpv4DestIp,1.3.6.1.4.1.5468.100.62.1.2.5.2.506,scalar,ipv4-address,,,,read-write,yes,no,evcConfigEceTableRowEditorIpv4DestIp,The IPv4 destination address. This object is only available if the capability object 'ml540mEvcCapabilitiesHasEceDestIp' is True.
switch,ML540M-EVC-MIB,ml540mEvcConfigEceTableRowEditorIpv4DestIpMask,1.3.6.1.4.1.5468.100.62.1.2.5.2.507,scalar,ipv4-address,,,,read-write,yes,no,evcConfigEceTableRowEditorIpv4DestIpMask,The IPv4 destination address mask. This object is only available if the capability object 'ml540mEvcCapabilitiesHasEceDestIp' is True.
switch,ML540M-EVC-MIB,ml540mEvcConfigEceTableRowEditorIpv4SrcPort,1.3.6.1.4.1.5468.100.62.1.2.5.2.508,scalar,unsigned32,,,,read-write,yes,no,evcConfigEceTableRowEditorIpv4SrcPort,The IPv4 UDP/TCP source port range to match. The minimum value is encoded in the 16 least significant bits. The maximum value is encoded in the 16 mos
switch,ML540M-EVC-MIB,ml540mEvcConfigEceTableRowEditorIpv4DestPort,1.3.6.1.4.1.5468.100.62.1.2.5.2.509,scalar,unsigned32,,,,read-write,yes,no,evcConfigEceTableRowEditorIpv4DestPort,The IPv4 UDP/TCP destination port range to match. The minimum value is encoded in the 16 least significant bits. The maximum value is encoded in the 1
switch,ML540M-EVC-MIB,ml540mEvcConfigEceTableRowEditorIpv6Dscp,1.3.6.1.4.1.5468.100.62.1.2.5.2.600,scalar,unsigned32,,,,read-write,yes,no,evcConfigEceTableRowEditorIpv6Dscp,The IPv6 DSCP range to match. The minimum value is encoded in the 16 least significant bits. The maximum value is encoded in the 16 most significant b
switch,ML540M-EVC-MIB,ml540mEvcConfigEceTableRowEditorIpv6Proto,1.3.6.1.4.1.5468.100.62.1.2.5.2.601,scalar,textual-convention,VTSSUnsigned8,,,read-write,yes,no,evcConfigEceTableRowEditorIpv6Proto,The IPv6 protocol number to match. This object is only available if the capability object 'ml540mEvcCapabilitiesHasEceIpProto' is True.
switch,ML540M-EVC-MIB,ml540mEvcConfigEceTableRowEditorIpv6ProtoMask,1.3.6.1.4.1.5468.100.62.1.2.5.2.602,scalar,textual-convention,VTSSUnsigned8,,,read-write,yes,no,evcConfigEceTableRowEditorIpv6ProtoMask,The IPv6 protocol mask. This object is only available if the capability object 'ml540mEvcCapabilitiesHasEceIpProto' is True.
switch,ML540M-EVC-MIB,ml540mEvcConfigEceTableRowEditorIpv6SrcIp,1.3.6.1.4.1.5468.100.62.1.2.5.2.603,scalar,textual-convention,InetAddressIPv6,,,read-write,yes,no,evcConfigEceTableRowEditorIpv6SrcIp,The IPv6 source address. This object is only available if the capability object 'ml540mEvcCapabilitiesHasEceSrcIp' is True.
switch,ML540M-EVC-MIB,ml540mEvcConfigEceTableRowEditorIpv6SrcIpMask,1.3.6.1.4.1.5468.100.62.1.2.5.2.604,scalar,textual-convention,InetAddressIPv6,,,read-write,yes,no,evcConfigEceTableRowEditorIpv6SrcIpMask,The IPv6 source address mask. This object is only available if the capability object 'ml540mEvcCapabilitiesHasEceSrcIp' is True.
switch,ML540M-EVC-MIB,ml540mEvcConfigEceTableRowEditorIpv6DestIp,1.3.6.1.4.1.5468.100.62.1.2.5.2.605,scalar,textual-convention,InetAddressIPv6,,,read-write,yes,no,evcConfigEceTableRowEditorIpv6DestIp,The IPv6 destination address. This object is only available if the capability object 'ml540mEvcCapabilitiesHasEceDestIp' is True.
switch,ML540M-EVC-MIB,ml540mEvcConfigEceTableRowEditorIpv6DestIpMask,1.3.6.1.4.1.5468.100.62.1.2.5.2.606,scalar,textual-convention,InetAddressIPv6,,,read-write,yes,no,evcConfigEceTableRowEditorIpv6DestIpMask,The IPv6 destination address mask. This object is only available if the capability object 'ml540mEvcCapabilitiesHasEceDestIp' is True.
switch,ML540M-EVC-MIB,ml540mEvcConfigEceTableRowEditorIpv6SrcPort,1.3.6.1.4.1.5468.100.62.1.2.5.2.607,scalar,unsigned32,,,,read-write,yes,no,evcConfigEceTableRowEditorIpv6SrcPort,The IPv6 UDP/TCP source port range to match. The minimum value is encoded in the 16 least significant bits. The maximum value is encoded in the 16 mos
switch,ML540M-EVC-MIB,ml540mEvcConfigEceTableRowEditorIpv6DestPort,1.3.6.1.4.1.5468.100.62.1.2.5.2.608,scalar,unsigned32,,,,read-write,yes,no,evcConfigEceTableRowEditorIpv6DestPort,The IPv6 UDP/TCP destination port range to match. The minimum value is encoded in the 16 least significant bits. The maximum value is encoded in the 1
switch,ML540M-EVC-MIB,ml540mEvcConfigEceTableRowEditorDirection,1.3.6.1.4.1.5468.100.62.1.2.5.2.1000,scalar,textual-convention,VTSSevcDirection,,,read-write,yes,no,evcConfigEceTableRowEditorDirection,The ECE direction.
switch,ML540M-EVC-MIB,ml540mEvcConfigEceTableRowEditorRuleType,1.3.6.1.4.1.5468.100.62.1.2.5.2.1010,scalar,textual-convention,VTSSevcRuleType,,,read-write,yes,no,evcConfigEceTableRowEditorRuleType,The ECE rule type. This object is only available if the capability object 'ml540mEvcCapabilitiesHasEceRuleType' is True.
switch,ML540M-EVC-MIB,ml540mEvcConfigEceTableRowEditorTxLookup,1.3.6.1.4.1.5468.100.62.1.2.5.2.1011,scalar,textual-convention,VTSSevcTxLookup,,,read-write,yes,no,evcConfigEceTableRowEditorTxLookup,The egress lookup key type. This object is only available if the capability object 'ml540mEvcCapabilitiesHasEceTxLookup' is True.
switch,ML540M-EVC-MIB,ml540mEvcConfigEceTableRowEditorPopTag,1.3.6.1.4.1.5468.100.62.1.2.5.2.1020,scalar,textual-convention,VTSSevcPopTag,,,read-write,yes,no,evcConfigEceTableRowEditorPopTag,The number of tags popped.
switch,ML540M-EVC-MIB,ml540mEvcConfigEceTableRowEditorOtAddEnable,1.3.6.1.4.1.5468.100.62.1.2.5.2.1100,scalar,boolean,TruthValue,,,read-write,yes,no,evcConfigEceTableRowEditorOtAddEnable,Enable outer tag pushing for NNI-to-UNI direction.
switch,ML540M-EVC-MIB,ml540mEvcConfigEceTableRowEditorOtAddVid,1.3.6.1.4.1.5468.100.62.1.2.5.2.1101,scalar,textual-convention,VTSSUnsigned16,,,read-write,yes,no,evcConfigEceTableRowEditorOtAddVid,The VLAN ID pushed for NNI-to-UNI direction. This object is only available if the capability object 'ml540mEvcCapabilitiesHasEceOtAddVid' is True.
switch,ML540M-EVC-MIB,ml540mEvcConfigEceTableRowEditorOtAddPcpMode,1.3.6.1.4.1.5468.100.62.1.2.5.2.1102,scalar,textual-convention,VTSSevcPcpMode,,,read-write,yes,no,evcConfigEceTableRowEditorOtAddPcpMode,The PCP mode for the outer tag pushed. This object is only available if the capability object 'ml540mEvcCapabilitiesHasEcePcpMode' is True.
switch,ML540M-EVC-MIB,ml540mEvcConfigEceTableRowEditorOtAddPcpDeiPreserve,1.3.6.1.4.1.5468.100.62.1.2.5.2.1103,scalar,boolean,TruthValue,,,read-write,yes,no,evcConfigEceTableRowEditorOtAddPcpDeiPreserve,Enable PCP/DEI preservation for the outer tag pushed. This object is only available if the capability object 'ml540mEvcCapabilitiesHasEcePcpDeiPreserv
switch,ML540M-EVC-MIB,ml540mEvcConfigEceTableRowEditorOtAddPcp,1.3.6.1.4.1.5468.100.62.1.2.5.2.1104,scalar,unsigned32,,,,read-write,yes,no,evcConfigEceTableRowEditorOtAddPcp,The PCP value for the outer tag pushed.
switch,ML540M-EVC-MIB,ml540mEvcConfigEceTableRowEditorOtAddDeiMode,1.3.6.1.4.1.5468.100.62.1.2.5.2.1105,scalar,textual-convention,VTSSevcDeiMode,,,read-write,yes,no,evcConfigEceTableRowEditorOtAddDeiMode,The DEI mode for the outer tag pushed. This object is only available if the capability object 'ml540mEvcCapabilitiesHasEceDeiMode' is True.
switch,ML540M-EVC-MIB,ml540mEvcConfigEceTableRowEditorOtAddDei,1.3.6.1.4.1.5468.100.62.1.2.5.2.1106,scalar,textual-convention,VTSSUnsigned8,,,read-write,yes,no,evcConfigEceTableRowEditorOtAddDei,The DEI value for the outer tag pushed.
switch,ML540M-EVC-MIB,ml540mEvcConfigEceTableRowEditorItAddType,1.3.6.1.4.1.5468.100.62.1.2.5.2.1200,scalar,textual-convention,VTSSevcInnerTagType,,,read-write,yes,no,evcConfigEceTableRowEditorItAddType,The tag type for the inner tag pushed. This object is only available if the capability object 'ml540mEvcCapabilitiesHasEceItAdd' is True.
switch,ML540M-EVC-MIB,ml540mEvcConfigEceTableRowEditorItAddVid,1.3.6.1.4.1.5468.100.62.1.2.5.2.1201,scalar,textual-convention,VTSSUnsigned16,,,read-write,yes,no,evcConfigEceTableRowEditorItAddVid,The VLAN ID for the inner tag pushed. This object is only available if the capability object 'ml540mEvcCapabilitiesHasEceItAdd' is True.
switch,ML540M-EVC-MIB,ml540mEvcConfigEceTableRowEditorItAddPcpMode,1.3.6.1.4.1.5468.100.62.1.2.5.2.1202,scalar,textual-convention,VTSSevcPcpMode,,,read-write,yes,no,evcConfigEceTableRowEditorItAddPcpMode,The PCP mode for the inner tag pushed. This object is only available if the capability object 'ml540mEvcCapabilitiesHasEcePcpMode' is True.
switch,ML540M-EVC-MIB,ml540mEvcConfigEceTableRowEditorItAddPcpDeiPreserve,1.3.6.1.4.1.5468.100.62.1.2.5.2.1203,scalar,boolean,TruthValue,,,read-write,yes,no,evcConfigEceTableRowEditorItAddPcpDeiPreserve,Enable PCP/DEI preservation for the inner tag pushed. This object is only available if the capability object 'ml540mEvcCapabilitiesHasEcePcpDeiPreserv
switch,ML540M-EVC-MIB,ml540mEvcConfigEceTableRowEditorItAddPcp,1.3.6.1.4.1.5468.100.62.1.2.5.2.1204,scalar,unsigned32,,,,read-write,yes,no,evcConfigEceTableRowEditorItAddPcp,The PCP value for the inner tag pushed. This object is only available if the capability object 'ml540mEvcCapabilitiesHasEceItAdd' is True.
switch,ML540M-EVC-MIB,ml540mEvcConfigEceTableRowEditorItAddDeiMode,1.3.6.1.4.1.5468.100.62.1.2.5.2.1205,scalar,textual-convention,VTSSevcDeiMode,,,read-write,yes,no,evcConfigEceTableRowEditorItAddDeiMode,The DEI mode for the inner tag pushed. This object is only available if the capability object 'ml540mEvcCapabilitiesHasEceDeiMode' is True.
switch,ML540M-EVC-MIB,ml540mEvcConfigEceTableRowEditorItAddDei,1.3.6.1.4.1.5468.100.62.1.2.5.2.1206,scalar,textual-convention,VTSSUnsigned8,,,read-write,yes,no,evcConfigEceTableRowEditorItAddDei,The DEI value for the inner tag pushed. This object is only available if the capability object 'ml540mEvcCapabilitiesHasEceItAdd' is True.
switch,ML540M-EVC-MIB,ml540mEvcConfigEceTableRowEditorEvcId,1.3.6.1.4.1.5468.100.62.1.2.5.2.1300,scalar,textual-convention,VTSSUnsigned16,,,read-write,yes,no,evcConfigEceTableRowEditorEvcId,The EVC ID for the ECE.
switch,ML540M-EVC-MIB,ml540mEvcConfigEceTableRowEditorPolicerOp,1.3.6.1.4.1.5468.100.62.1.2.5.2.1301,scalar,textual-convention,VTSSevcPolicerOp,,,read-write,yes,no,evcConfigEceTableRowEditorPolicerOp,The policer operator for the ECE. This object is only available if the capability object 'ml540mEvcCapabilitiesHasEcePolicer' is True.
switch,ML540M-EVC-MIB,ml540mEvcConfigEceTableRowEditorPolicerId,1.3.6.1.4.1.5468.100.62.1.2.5.2.1302,scalar,textual-convention,VTSSUnsigned16,,,read-write,yes,no,evcConfigEceTableRowEditorPolicerId,The policer ID for the ECE. This object is only available if the capability object 'ml540mEvcCapabilitiesHasEcePolicer' is True.
switch,ML540M-EVC-MIB,ml540mEvcConfigEceTableRowEditorPolicyNo,1.3.6.1.4.1.5468.100.62.1.2.5.2.1310,scalar,unsigned32,,,,read-write,yes,no,evcConfigEceTableRowEditorPolicyNo,The ACL policy number for the ECE.
switch,ML540M-EVC-MIB,ml540mEvcConfigEceTableRowEditorCosEnable,1.3.6.1.4.1.5468.100.62.1.2.5.2.1320,scalar,boolean,TruthValue,,,read-write,yes,no,evcConfigEceTableRowEditorCosEnable,Enable CoS assignment. This object is only available if the capability object 'ml540mEvcCapabilitiesHasEceCos' is True.
switch,ML540M-EVC-MIB,ml540mEvcConfigEceTableRowEditorCos,1.3.6.1.4.1.5468.100.62.1.2.5.2.1321,scalar,unsigned32,,,,read-write,yes,no,evcConfigEceTableRowEditorCos,The CoS value for the ECE. This object is only available if the capability object 'ml540mEvcCapabilitiesHasEceCos' is True.
switch,ML540M-EVC-MIB,ml540mEvcConfigEceTableRowEditorDpEnable,1.3.6.1.4.1.5468.100.62.1.2.5.2.1330,scalar,boolean,TruthValue,,,read-write,yes,no,evcConfigEceTableRowEditorDpEnable,Enable Drop Precendence assignment. This object is only available if the capability object 'ml540mEvcCapabilitiesHasEceDp' is True.
switch,ML540M-EVC-MIB,ml540mEvcConfigEceTableRowEditorDp,1.3.6.1.4.1.5468.100.62.1.2.5.2.1331,scalar,textual-convention,VTSSUnsigned8,,,read-write,yes,no,evcConfigEceTableRowEditorDp,The Drop Precedence value for the ECE. This object is only available if the capability object 'ml540mEvcCapabilitiesHasEceDp' is True.
switch,ML540M-EVC-MIB,ml540mEvcConfigEceTableRowEditorL2cpMode,1.3.6.1.4.1.5468.100.62.1.2.5.2.1332,scalar,textual-convention,VTSSevcEceL2cpMode,,,read-write,yes,no,evcConfigEceTableRowEditorL2cpMode,The L2CP forward mode for the ECE. This object is only available if the capability object 'ml540mEvcCapabilitiesHasEceL2cp' is True.
switch,ML540M-EVC-MIB,ml540mEvcConfigEceTableRowEditorL2cpDmac,1.3.6.1.4.1.5468.100.62.1.2.5.2.1333,scalar,textual-convention,VTSSevcL2cpDmac,,,read-write,yes,no,evcConfigEceTableRowEditorL2cpDmac,The DMAC used for L2CP tunneling for the ECE. This object is only available if the capability object 'ml540mEvcCapabilitiesHasEceL2cp' is True.
switch,ML540M-EVC-MIB,ml540mEvcConfigEceTableRowEditorAction,1.3.6.1.4.1.5468.100.62.1.2.5.2.10000,scalar,textual-convention,VTSSRowEditorState,,,read-write,yes,no,evcConfigEceTableRowEditorAction,Action
switch,ML540M-EVC-MIB,ml540mEvcConfigEcePrecedenceIndex,1.3.6.1.4.1.5468.100.62.1.2.5.3.1.1,column,integer,,,,not-accessible,no,yes,evcConfigEcePrecedenceIndex,"ECE precedence index, allowed range is [0,EceMax[."
switch,ML540M-EVC-MIB,ml540mEvcConfigEcePrecedenceEceId,1.3.6.1.4.1.5468.100.62.1.2.5.3.1.2,column,unsigned32,,,,read-only,no,no,evcConfigEcePrecedenceEceId,ECE ID.
switch,ML540M-EVC-MIB,ml540mEvcConfigEvcInterfaceEvcId,1.3.6.1.4.1.5468.100.62.1.2.6.1.1,column,integer,,,,not-accessible,no,yes,evcConfigEvcInterfaceEvcId,"EVC ID, allowed range is [0,EvcMax[."
switch,ML540M-EVC-MIB,ml540mEvcConfigEvcInterfaceIfIndex,1.3.6.1.4.1.5468.100.62.1.2.6.1.2,column,textual-convention,VTSSInterfaceIndex,,,not-accessible,no,yes,evcConfigEvcInterfaceIfIndex,Logical interface index.
switch,ML540M-EVC-MIB,ml540mEvcConfigEvcInterfaceHqosId,1.3.6.1.4.1.5468.100.62.1.2.6.1.3,column,textual-convention,VTSSUnsigned16,,,read-write,yes,no,evcConfigEvcInterfaceHqosId,HQoS ID mapping. This object is only available if the capability object 'ml540mEvcCapabilitiesHasEvcPortHqos' is True.
switch,ML540M-EVC-MIB,ml540mEvcConfigMplsTpPwEvcId,1.3.6.1.4.1.5468.100.62.1.2.7.1.1.1,column,integer,,,,not-accessible,no,yes,evcConfigMplsTpPwEvcId,"EVC ID, allowed range is [0,EvcMax[."
switch,ML540M-EVC-MIB,ml540mEvcConfigMplsTpPwIfIndex,1.3.6.1.4.1.5468.100.62.1.2.7.1.1.2,column,textual-convention,VTSSInterfaceIndex,,,not-accessible,no,yes,evcConfigMplsTpPwIfIndex,MPLS pseudo wire interface index. Zero = unused.
switch,ML540M-EVC-MIB,ml540mEvcConfigMplsTpPwSplitHorizon,1.3.6.1.4.1.5468.100.62.1.2.7.1.1.4,column,boolean,TruthValue,,,read-write,yes,no,evcConfigMplsTpPwSplitHorizon,True: Enable split-horizon for a PW. False: Disable split-horizon.
switch,ML540M-EVC-MIB,ml540mEvcConfigMplsTpPwAction,1.3.6.1.4.1.5468.100.62.1.2.7.1.1.10000,column,textual-convention,VTSSRowEditorState,,,read-write,yes,no,evcConfigMplsTpPwAction,Action
switch,ML540M-EVC-MIB,ml540mEvcConfigMplsTpPwTableRowEditorEvcId,1.3.6.1.4.1.5468.100.62.1.2.7.2.1,scalar,integer,,,,read-write,yes,no,evcConfigMplsTpPwTableRowEditorEvcId,"EVC ID, allowed range is [0,EvcMax[."
switch,ML540M-EVC-MIB,ml540mEvcConfigMplsTpPwTableRowEditorIfIndex,1.3.6.1.4.1.5468.100.62.1.2.7.2.2,scalar,textual-convention,VTSSInterfaceIndex,,,read-write,yes,no,evcConfigMplsTpPwTableRowEditorIfIndex,MPLS pseudo wire interface index. Zero = unused.
switch,ML540M-EVC-MIB,ml540mEvcConfigMplsTpPwTableRowEditorSplitHorizon,1.3.6.1.4.1.5468.100.62.1.2.7.2.4,scalar,boolean,TruthValue,,,read-write,yes,no,evcConfigMplsTpPwTableRowEditorSplitHorizon,True: Enable split-horizon for a PW. False: Disable split-horizon.
switch,ML540M-EVC-MIB,ml540mEvcConfigMplsTpPwTableRowEditorAction,1.3.6.1.4.1.5468.100.62.1.2.7.2.10000,scalar,textual-convention,VTSSRowEditorState,,,read-write,yes,no,evcConfigMplsTpPwTableRowEditorAction,Action
switch,ML540M-EVC-MIB,ml540mEvcStatusEvcEvcId,1.3.6.1.4.1.5468.100.62.1.3.3.1.1,column,integer,,,,not-accessible,no,yes,evcStatusEvcEvcId,"EVC ID, allowed range is [0,EvcMax[."
switch,ML540M-EVC-MIB,ml540mEvcStatusEvcConflict,1.3.6.1.4.1.5468.100.62.1.3.3.1.2,column,boolean,TruthValue,,,read-only,no,no,evcStatusEvcConflict,Resource conflict indication.
switch,ML540M-EVC-MIB,ml540mEvcStatusEceIndex,1.3.6.1.4.1.5468.100.62.1.3.4.1.1,column,integer,,,,not-accessible,no,yes,evcStatusEceIndex,"ECE precedence index, allowed range is [0,EceMax[."
switch,ML540M-EVC-MIB,ml540mEvcStatusEceConflict,1.3.6.1.4.1.5468.100.62.1.3.4.1.2,column,boolean,TruthValue,,,read-only,no,no,evcStatusEceConflict,Resource conflict indication.
switch,ML540M-EVC-MIB,ml540mEvcStatusEvcInterfaceEvcId,1.3.6.1.4.1.5468.100.62.1.3.5.1.1,column,integer,,,,not-accessible,no,yes,evcStatusEvcInterfaceEvcId,"EVC ID, allowed range is [0,EvcMax[."
switch,ML540M-EVC-MIB,ml540mEvcStatusEvcInterfaceIfIndex,1.3.6.1.4.1.5468.100.62.1.3.5.1.2,column,textual-convention,VTSSInterfaceIndex,,,not-accessible,no,yes,evcStatusEvcInterfaceIfIndex,Logical interface index.
switch,ML540M-EVC-MIB,ml540mEvcStatusEvcInterfaceRxGreenFrames,1.3.6.1.4.1.5468.100.62.1.3.5.1.3,column,counter64,,count,SMI type counter64,read-only,no,no,evcStatusEvcInterfaceRxGreenFrames,Number of received green frames. This object is only available if the capability object 'ml540mEvcCapabilitiesHasEvcPortCounters' is True.
switch,ML540M-EVC-MIB,ml540mEvcStatusEvcInterfaceRxGreenBytes,1.3.6.1.4.1.5468.100.62.1.3.5.1.4,column,counter64,,count,SMI type counter64,read-only,no,no,evcStatusEvcInterfaceRxGreenBytes,Number of received green bytes. This object is only available if the capability object 'ml540mEvcCapabilitiesHasEvcPortCounters' is True.
switch,ML540M-EVC-MIB,ml540mEvcStatusEvcInterfaceRxYellowFrames,1.3.6.1.4.1.5468.100.62.1.3.5.1.5,column,counter64,,count,SMI type counter64,read-only,no,no,evcStatusEvcInterfaceRxYellowFrames,Number of received yellow frames. This object is only available if the capability object 'ml540mEvcCapabilitiesHasEvcPortCounters' is True.
switch,ML540M-EVC-MIB,ml540mEvcStatusEvcInterfaceRxYellowBytes,1.3.6.1.4.1.5468.100.62.1.3.5.1.6,column,counter64,,count,SMI type counter64,read-only,no,no,evcStatusEvcInterfaceRxYellowBytes,Number of received yellow bytes. This object is only available if the capability object 'ml540mEvcCapabilitiesHasEvcPortCounters' is True.
switch,ML540M-EVC-MIB,ml540mEvcStatusEvcInterfaceRxRedFrames,1.3.6.1.4.1.5468.100.62.1.3.5.1.7,column,counter64,,count,SMI type counter64,read-only,no,no,evcStatusEvcInterfaceRxRedFrames,Number of received red frames. This object is only available if the capability object 'ml540mEvcCapabilitiesHasEvcPortCounters' is True.
switch,ML540M-EVC-MIB,ml540mEvcStatusEvcInterfaceRxRedBytes,1.3.6.1.4.1.5468.100.62.1.3.5.1.8,column,counter64,,count,SMI type counter64,read-only,no,no,evcStatusEvcInterfaceRxRedBytes,Number of received red bytes. This object is only available if the capability object 'ml540mEvcCapabilitiesHasEvcPortCounters' is True.
switch,ML540M-EVC-MIB,ml540mEvcStatusEvcInterfaceRxDiscardFrames,1.3.6.1.4.1.5468.100.62.1.3.5.1.9,column,counter64,,count,SMI type counter64,read-only,no,no,evcStatusEvcInterfaceRxDiscardFrames,Number of received discarded frames. This object is only available if the capability object 'ml540mEvcCapabilitiesHasEvcPortCounters' is True.
switch,ML540M-EVC-MIB,ml540mEvcStatusEvcInterfaceRxDiscardBytes,1.3.6.1.4.1.5468.100.62.1.3.5.1.10,column,counter64,,count,SMI type counter64,read-only,no,no,evcStatusEvcInterfaceRxDiscardBytes,Number of received discarded bytes. This object is only available if the capability object 'ml540mEvcCapabilitiesHasEvcPortCounters' is True.
switch,ML540M-EVC-MIB,ml540mEvcStatusEvcInterfaceTxGreenFrames,1.3.6.1.4.1.5468.100.62.1.3.5.1.100,column,counter64,,count,SMI type counter64,read-only,no,no,evcStatusEvcInterfaceTxGreenFrames,Number of transmitted green frames. This object is only available if the capability object 'ml540mEvcCapabilitiesHasEvcPortCounters' is True.
switch,ML540M-EVC-MIB,ml540mEvcStatusEvcInterfaceTxGreenBytes,1.3.6.1.4.1.5468.100.62.1.3.5.1.101,column,counter64,,count,SMI type counter64,read-only,no,no,evcStatusEvcInterfaceTxGreenBytes,Number of transmitted green bytes. This object is only available if the capability object 'ml540mEvcCapabilitiesHasEvcPortCounters' is True.
switch,ML540M-EVC-MIB,ml540mEvcStatusEvcInterfaceTxYellowFrames,1.3.6.1.4.1.5468.100.62.1.3.5.1.102,column,counter64,,count,SMI type counter64,read-only,no,no,evcStatusEvcInterfaceTxYellowFrames,Number of transmitted yellow frames. This object is only available if the capability object 'ml540mEvcCapabilitiesHasEvcPortCounters' is True.
switch,ML540M-EVC-MIB,ml540mEvcStatusEvcInterfaceTxYellowBytes,1.3.6.1.4.1.5468.100.62.1.3.5.1.103,column,counter64,,count,SMI type counter64,read-only,no,no,evcStatusEvcInterfaceTxYellowBytes,Number of transmitted yellow bytes. This object is only available if the capability object 'ml540mEvcCapabilitiesHasEvcPortCounters' is True.
switch,ML540M-EVC-MIB,ml540mEvcStatusEvcInterfaceTxDiscardFrames,1.3.6.1.4.1.5468.100.62.1.3.5.1.104,column,counter64,,count,SMI type counter64,read-only,no,no,evcStatusEvcInterfaceTxDiscardFrames,Number of egress discarded frames. This object is only available if the capability object 'ml540mEvcCapabilitiesHasEvcPortCounters' is True.
switch,ML540M-EVC-MIB,ml540mEvcStatusEvcInterfaceTxDiscardBytes,1.3.6.1.4.1.5468.100.62.1.3.5.1.105,column,counter64,,count,SMI type counter64,read-only,no,no,evcStatusEvcInterfaceTxDiscardBytes,Number of egress discarded bytes. This object is only available if the capability object 'ml540mEvcCapabilitiesHasEvcPortCounters' is True.
switch,ML540M-EVC-MIB,ml540mEvcStatusEceInterfaceIndex,1.3.6.1.4.1.5468.100.62.1.3.6.1.1,column,integer,,,,not-accessible,no,yes,evcStatusEceInterfaceIndex,"ECE precedence index, allowed range is [0,EceMax[."
switch,ML540M-EVC-MIB,ml540mEvcStatusEceInterfaceIfIndex,1.3.6.1.4.1.5468.100.62.1.3.6.1.2,column,textual-convention,VTSSInterfaceIndex,,,not-accessible,no,yes,evcStatusEceInterfaceIfIndex,Logical interface index.
switch,ML540M-EVC-MIB,ml540mEvcStatusEceInterfaceRxGreenFrames,1.3.6.1.4.1.5468.100.62.1.3.6.1.3,column,counter64,,count,SMI type counter64,read-only,no,no,evcStatusEceInterfaceRxGreenFrames,Number of received green frames. This object is only available if the capability object 'ml540mEvcCapabilitiesHasEvcPortCounters' is True.
switch,ML540M-EVC-MIB,ml540mEvcStatusEceInterfaceRxGreenBytes,1.3.6.1.4.1.5468.100.62.1.3.6.1.4,column,counter64,,count,SMI type counter64,read-only,no,no,evcStatusEceInterfaceRxGreenBytes,Number of received green bytes. This object is only available if the capability object 'ml540mEvcCapabilitiesHasEvcPortCounters' is True.
switch,ML540M-EVC-MIB,ml540mEvcStatusEceInterfaceRxYellowFrames,1.3.6.1.4.1.5468.100.62.1.3.6.1.5,column,counter64,,count,SMI type counter64,read-only,no,no,evcStatusEceInterfaceRxYellowFrames,Number of received yellow frames. This object is only available if the capability object 'ml540mEvcCapabilitiesHasEvcPortCounters' is True.
switch,ML540M-EVC-MIB,ml540mEvcStatusEceInterfaceRxYellowBytes,1.3.6.1.4.1.5468.100.62.1.3.6.1.6,column,counter64,,count,SMI type counter64,read-only,no,no,evcStatusEceInterfaceRxYellowBytes,Number of received yellow bytes. This object is only available if the capability object 'ml540mEvcCapabilitiesHasEvcPortCounters' is True.
switch,ML540M-EVC-MIB,ml540mEvcStatusEceInterfaceRxRedFrames,1.3.6.1.4.1.5468.100.62.1.3.6.1.7,column,counter64,,count,SMI type counter64,read-only,no,no,evcStatusEceInterfaceRxRedFrames,Number of received red frames. This object is only available if the capability object 'ml540mEvcCapabilitiesHasEvcPortCounters' is True.
switch,ML540M-EVC-MIB,ml540mEvcStatusEceInterfaceRxRedBytes,1.3.6.1.4.1.5468.100.62.1.3.6.1.8,column,counter64,,count,SMI type counter64,read-only,no,no,evcStatusEceInterfaceRxRedBytes,Number of received red bytes. This object is only available if the capability object 'ml540mEvcCapabilitiesHasEvcPortCounters' is True.
switch,ML540M-EVC-MIB,ml540mEvcStatusEceInterfaceRxDiscardFrames,1.3.6.1.4.1.5468.100.62.1.3.6.1.9,column,counter64,,count,SMI type counter64,read-only,no,no,evcStatusEceInterfaceRxDiscardFrames,Number of received discarded frames. This object is only available if the capability object 'ml540mEvcCapabilitiesHasEvcPortCounters' is True.
switch,ML540M-EVC-MIB,ml540mEvcStatusEceInterfaceRxDiscardBytes,1.3.6.1.4.1.5468.100.62.1.3.6.1.10,column,counter64,,count,SMI type counter64,read-only,no,no,evcStatusEceInterfaceRxDiscardBytes,Number of received discarded bytes. This object is only available if the capability object 'ml540mEvcCapabilitiesHasEvcPortCounters' is True.
switch,ML540M-EVC-MIB,ml540mEvcStatusEceInterfaceTxGreenFrames,1.3.6.1.4.1.5468.100.62.1.3.6.1.100,column,counter64,,count,SMI type counter64,read-only,no,no,evcStatusEceInterfaceTxGreenFrames,Number of transmitted green frames. This object is only available if the capability object 'ml540mEvcCapabilitiesHasEvcPortCounters' is True.
switch,ML540M-EVC-MIB,ml540mEvcStatusEceInterfaceTxGreenBytes,1.3.6.1.4.1.5468.100.62.1.3.6.1.101,column,counter64,,count,SMI type counter64,read-only,no,no,evcStatusEceInterfaceTxGreenBytes,Number of transmitted green bytes. This object is only available if the capability object 'ml540mEvcCapabilitiesHasEvcPortCounters' is True.
switch,ML540M-EVC-MIB,ml540mEvcStatusEceInterfaceTxYellowFrames,1.3.6.1.4.1.5468.100.62.1.3.6.1.102,column,counter64,,count,SMI type counter64,read-only,no,no,evcStatusEceInterfaceTxYellowFrames,Number of transmitted yellow frames. This object is only available if the capability object 'ml540mEvcCapabilitiesHasEvcPortCounters' is True.
switch,ML540M-EVC-MIB,ml540mEvcStatusEceInterfaceTxYellowBytes,1.3.6.1.4.1.5468.100.62.1.3.6.1.103,column,counter64,,count,SMI type counter64,read-only,no,no,evcStatusEceInterfaceTxYellowBytes,Number of transmitted yellow bytes. This object is only available if the capability object 'ml540mEvcCapabilitiesHasEvcPortCounters' is True.
switch,ML540M-EVC-MIB,ml540mEvcStatusEceInterfaceTxDiscardFrames,1.3.6.1.4.1.5468.100.62.1.3.6.1.104,column,counter64,,count,SMI type counter64,read-only,no,no,evcStatusEceInterfaceTxDiscardFrames,Number of egress discarded frames. This object is only available if the capability object 'ml540mEvcCapabilitiesHasEvcPortCounters' is True.
switch,ML540M-EVC-MIB,ml540mEvcStatusEceInterfaceTxDiscardBytes,1.3.6.1.4.1.5468.100.62.1.3.6.1.105,column,counter64,,count,SMI type counter64,read-only,no,no,evcStatusEceInterfaceTxDiscardBytes,Number of egress discarded bytes. This object is only available if the capability object 'ml540mEvcCapabilitiesHasEvcPortCounters' is True.
switch,ML540M-EVC-MIB,ml540mEvcControlEvcInterfaceEvcId,1.3.6.1.4.1.5468.100.62.1.4.5.1.1,column,integer,,,,not-accessible,no,yes,evcControlEvcInterfaceEvcId,"EVC ID, allowed range is [0,EvcMax[."
switch,ML540M-EVC-MIB,ml540mEvcControlEvcInterfaceIfIndex,1.3.6.1.4.1.5468.100.62.1.4.5.1.2,column,textual-convention,VTSSInterfaceIndex,,,not-accessible,no,yes,evcControlEvcInterfaceIfIndex,Logical interface index.
switch,ML540M-EVC-MIB,ml540mEvcControlEvcInterfaceClearStatistics,1.3.6.1.4.1.5468.100.62.1.4.5.1.3,column,boolean,TruthValue,,,read-write,yes,no,evcControlEvcInterfaceClearStatistics,Clear statistics by setting to true. This object is only available if the capability object 'ml540mEvcCapabilitiesHasEvcPortCounters' is True.
switch,ML540M-EVC-MIB,ml540mEvcControlEceInterfaceIndex,1.3.6.1.4.1.5468.100.62.1.4.6.1.1,column,integer,,,,not-accessible,no,yes,evcControlEceInterfaceIndex,"ECE precedence index, allowed range is [0,EceMax[."
switch,ML540M-EVC-MIB,ml540mEvcControlEceInterfaceIfIndex,1.3.6.1.4.1.5468.100.62.1.4.6.1.2,column,textual-convention,VTSSInterfaceIndex,,,not-accessible,no,yes,evcControlEceInterfaceIfIndex,Logical interface index.
switch,ML540M-EVC-MIB,ml540mEvcControlEceInterfaceClearStatistics,1.3.6.1.4.1.5468.100.62.1.4.6.1.3,column,boolean,TruthValue,,,read-write,yes,no,evcControlEceInterfaceClearStatistics,Clear statistics by setting to true. This object is only available if the capability object 'ml540mEvcCapabilitiesHasEvcPortCounters' is True.
switch,ML540M-EPS-MIB,ml540mEpsCapabilitiesInstanceMax,1.3.6.1.4.1.5468.100.45.1.1.1,scalar,unsigned32,,,,read-only,no,no,epsCapabilitiesInstanceMax,Maximum number of created EPS instances
switch,ML540M-EPS-MIB,ml540mEpsCapabilitiesWtrMax,1.3.6.1.4.1.5468.100.45.1.1.2,scalar,unsigned32,,,,read-only,no,no,epsCapabilitiesWtrMax,Maximum WTR timer value
switch,ML540M-EPS-MIB,ml540mEpsCapabilitiesHoldOffOff,1.3.6.1.4.1.5468.100.45.1.1.3,scalar,unsigned32,,,,read-only,no,no,epsCapabilitiesHoldOffOff,Hold Off timer OFF value
switch,ML540M-EPS-MIB,ml540mEpsCapabilitiesHoldOffMax,1.3.6.1.4.1.5468.100.45.1.1.4,scalar,unsigned32,,,,read-only,no,no,epsCapabilitiesHoldOffMax,Maximum Hold Off timer value
switch,ML540M-EPS-MIB,ml540mEpsCapabilitiesMepMax,1.3.6.1.4.1.5468.100.45.1.1.5,scalar,unsigned32,,,,read-only,no,no,epsCapabilitiesMepMax,Maximum MEP relation instance value
switch,ML540M-EPS-MIB,ml540mEpsCapabilitiesMepInvalid,1.3.6.1.4.1.5468.100.45.1.1.6,scalar,unsigned32,,,,read-only,no,no,epsCapabilitiesMepInvalid,Invalid MEP indication. This is returned when EPS has no MEP relations
switch,ML540M-EPS-MIB,ml540mEpsConfigInstanceId,1.3.6.1.4.1.5468.100.45.1.2.1.1.1,column,integer,,,,not-accessible,no,yes,epsConfigInstanceId,The EPS instance ID
switch,ML540M-EPS-MIB,ml540mEpsConfigInstanceArchitecture,1.3.6.1.4.1.5468.100.45.1.2.1.1.2,column,textual-convention,VTSSEpsArchitecture,,,read-write,yes,no,epsConfigInstanceArchitecture,The protection architecture. Cannot be changed after creation.
switch,ML540M-EPS-MIB,ml540mEpsConfigInstanceWorkingFlow,1.3.6.1.4.1.5468.100.45.1.2.1.1.3,column,textual-convention,VTSSInterfaceIndex,,,read-write,yes,no,epsConfigInstanceWorkingFlow,The working flow. Cannot be changed after creation.
switch,ML540M-EPS-MIB,ml540mEpsConfigInstanceProtectingFlow,1.3.6.1.4.1.5468.100.45.1.2.1.1.4,column,textual-convention,VTSSInterfaceIndex,,,read-write,yes,no,epsConfigInstanceProtectingFlow,The protecting flow. Cannot be changed after creation.
switch,ML540M-EPS-MIB,ml540mEpsConfigInstanceAction,1.3.6.1.4.1.5468.100.45.1.2.1.1.100,column,textual-convention,VTSSRowEditorState,,,read-write,yes,no,epsConfigInstanceAction,Action
switch,ML540M-EPS-MIB,ml540mEpsConfigInstanceRowEditorId,1.3.6.1.4.1.5468.100.45.1.2.2.1,scalar,integer,,,,read-write,yes,no,epsConfigInstanceRowEditorId,The EPS instance ID
switch,ML540M-EPS-MIB,ml540mEpsConfigInstanceRowEditorArchitecture,1.3.6.1.4.1.5468.100.45.1.2.2.2,scalar,textual-convention,VTSSEpsArchitecture,,,read-write,yes,no,epsConfigInstanceRowEditorArchitecture,The protection architecture. Cannot be changed after creation.
switch,ML540M-EPS-MIB,ml540mEpsConfigInstanceRowEditorWorkingFlow,1.3.6.1.4.1.5468.100.45.1.2.2.3,scalar,textual-convention,VTSSInterfaceIndex,,,read-write,yes,no,epsConfigInstanceRowEditorWorkingFlow,The working flow. Cannot be changed after creation.
switch,ML540M-EPS-MIB,ml540mEpsConfigInstanceRowEditorProtectingFlow,1.3.6.1.4.1.5468.100.45.1.2.2.4,scalar,textual-convention,VTSSInterfaceIndex,,,read-write,yes,no,epsConfigInstanceRowEditorProtectingFlow,The protecting flow. Cannot be changed after creation.
switch,ML540M-EPS-MIB,ml540mEpsConfigInstanceRowEditorAction,1.3.6.1.4.1.5468.100.45.1.2.2.100,scalar,textual-convention,VTSSRowEditorState,,,read-write,yes,no,epsConfigInstanceRowEditorAction,Action
switch,ML540M-EPS-MIB,ml540mEpsConfigId,1.3.6.1.4.1.5468.100.45.1.2.3.1.1,column,integer,,,,not-accessible,no,yes,epsConfigId,The EPS instance ID
switch,ML540M-EPS-MIB,ml540mEpsConfigDirectional,1.3.6.1.4.1.5468.100.45.1.2.3.1.2,column,textual-convention,VTSSEpsDirectional,,,read-write,yes,no,epsConfigDirectional,Protection is uni or bi directional. Only for 1+1.
switch,ML540M-EPS-MIB,ml540mEpsConfigApsEnable,1.3.6.1.4.1.5468.100.45.1.2.3.1.3,column,boolean,TruthValue,,,read-write,yes,no,epsConfigApsEnable,APS can be enabled or disabled. Only for 1+1.
switch,ML540M-EPS-MIB,ml540mEpsConfigRevertive,1.3.6.1.4.1.5468.100.45.1.2.3.1.4,column,boolean,TruthValue,,,read-write,yes,no,epsConfigRevertive,Revertive operation can enabled or disabled.
switch,ML540M-EPS-MIB,ml540mEpsConfigRestoreTimer,1.3.6.1.4.1.5468.100.45.1.2.3.1.5,column,unsigned32,,seconds,description text,read-write,yes,no,epsConfigRestoreTimer,Wait to restore timer in seconds - max. 720 - min. 1.
switch,ML540M-EPS-MIB,ml540mEpsConfigHoldOffTimer,1.3.6.1.4.1.5468.100.45.1.2.3.1.6,column,unsigned32,,,,read-write,yes,no,epsConfigHoldOffTimer,Hold off timer in 100 ms - max. 100 - 0 means no hold off
switch,ML540M-EPS-MIB,ml540mEpsConfigMepId,1.3.6.1.4.1.5468.100.45.1.2.4.1.1,column,integer,,,,not-accessible,no,yes,epsConfigMepId,The EPS instance ID
switch,ML540M-EPS-MIB,ml540mEpsConfigMepWorkingMep,1.3.6.1.4.1.5468.100.45.1.2.4.1.2,column,unsigned32,,,,read-write,yes,no,epsConfigMepWorkingMep,Working SF MEP reference - max. 100-1 - min. 0. During get 100 indicate no reference
switch,ML540M-EPS-MIB,ml540mEpsConfigMepProtectingMep,1.3.6.1.4.1.5468.100.45.1.2.4.1.3,column,unsigned32,,,,read-write,yes,no,epsConfigMepProtectingMep,Protecting SF MEP reference - max. 100-1 - min. 0. During get 100 indicate no reference
switch,ML540M-EPS-MIB,ml540mEpsConfigMepApsMep,1.3.6.1.4.1.5468.100.45.1.2.4.1.4,column,unsigned32,,,,read-write,yes,no,epsConfigMepApsMep,APS MEP reference - max. 100-1 - min. 0. During get 100 indicate no reference
switch,ML540M-EPS-MIB,ml540mEpsConfigCommandId,1.3.6.1.4.1.5468.100.45.1.2.5.1.1,column,integer,,,,not-accessible,no,yes,epsConfigCommandId,The EPS instance ID
switch,ML540M-EPS-MIB,ml540mEpsConfigCommandCommand,1.3.6.1.4.1.5468.100.45.1.2.5.1.2,column,textual-convention,VTSSEpsCommand,,,read-write,yes,no,epsConfigCommandCommand,protection group command
switch,ML540M-EPS-MIB,ml540mEpsStatusId,1.3.6.1.4.1.5468.100.45.1.3.1.1.1,column,integer,,,,not-accessible,no,yes,epsStatusId,The EPS instance ID
switch,ML540M-EPS-MIB,ml540mEpsStatusProtectionState,1.3.6.1.4.1.5468.100.45.1.3.1.1.2,column,textual-convention,VTSSEpsProtectionState,,,read-only,no,no,epsStatusProtectionState,Protection state according to to G.8031 Annex A
switch,ML540M-EPS-MIB,ml540mEpsStatusWorkingState,1.3.6.1.4.1.5468.100.45.1.3.1.1.3,column,textual-convention,VTSSEpsDefectState,,,read-only,no,no,epsStatusWorkingState,Working flow defect state
switch,ML540M-EPS-MIB,ml540mEpsStatusProtectingState,1.3.6.1.4.1.5468.100.45.1.3.1.1.4,column,textual-convention,VTSSEpsDefectState,,,read-only,no,no,epsStatusProtectingState,Protecting flow defect state
switch,ML540M-EPS-MIB,ml540mEpsStatusTransmittedApsRequest,1.3.6.1.4.1.5468.100.45.1.3.1.1.5,column,textual-convention,VTSSEpsRequest,,,read-only,no,no,epsStatusTransmittedApsRequest,Transmitted APS request
switch,ML540M-EPS-MIB,ml540mEpsStatusTransmittedApsReSignal,1.3.6.1.4.1.5468.100.45.1.3.1.1.6,column,unsigned32,,,,read-only,no,no,epsStatusTransmittedApsReSignal,Transmitted APS requested signal
switch,ML540M-EPS-MIB,ml540mEpsStatusTransmittedApsBrSignal,1.3.6.1.4.1.5468.100.45.1.3.1.1.7,column,unsigned32,,,,read-only,no,no,epsStatusTransmittedApsBrSignal,Transmitted APS bridged signal
switch,ML540M-EPS-MIB,ml540mEpsStatusReceivedApsRequest,1.3.6.1.4.1.5468.100.45.1.3.1.1.8,column,textual-convention,VTSSEpsRequest,,,read-only,no,no,epsStatusReceivedApsRequest,Received APS request
switch,ML540M-EPS-MIB,ml540mEpsStatusReceivedApsReSignal,1.3.6.1.4.1.5468.100.45.1.3.1.1.9,column,unsigned32,,,,read-only,no,no,epsStatusReceivedApsReSignal,Received APS requested signal
switch,ML540M-EPS-MIB,ml540mEpsStatusReceivedApsBrSignal,1.3.6.1.4.1.5468.100.45.1.3.1.1.10,column,unsigned32,,,,read-only,no,no,epsStatusReceivedApsBrSignal,Received APS bridged signal
switch,ML540M-EPS-MIB,ml540mEpsStatusDfopPm,1.3.6.1.4.1.5468.100.45.1.3.1.1.11,column,boolean,TruthValue,,,read-only,no,no,epsStatusDfopPm,FOP Protection type Mismatch - unexpected B bit
switch,ML540M-EPS-MIB,ml540mEpsStatusDfopCm,1.3.6.1.4.1.5468.100.45.1.3.1.1.12,column,boolean,TruthValue,,,read-only,no,no,epsStatusDfopCm,FOP Configuration Mismatch - APS received on working
switch,ML540M-EPS-MIB,ml540mEpsStatusDfopNr,1.3.6.1.4.1.5468.100.45.1.3.1.1.13,column,boolean,TruthValue,,,read-only,no,no,epsStatusDfopNr,FOP Not expected Request - receiving request is not the expected (transmitted)
switch,ML540M-EPS-MIB,ml540mEpsStatusDfopNoAps,1.3.6.1.4.1.5468.100.45.1.3.1.1.14,column,boolean,TruthValue,,,read-only,no,no,epsStatusDfopNoAps,FOP No APS received
switch,ML540M-PSEC-MIB,ml540mPsecConfigGlobalsEnabled,1.3.6.1.4.1.5468.100.66.1.2.1.1,scalar,boolean,TruthValue,,,read-write,yes,no,psecConfigGlobalsEnabled,Globally enable/disable aging of secured entries. This doesn't affect aging of addresses secured by other modules.
switch,ML540M-PSEC-MIB,ml540mPsecConfigGlobalsEnableAging,1.3.6.1.4.1.5468.100.66.1.2.1.2,scalar,boolean,TruthValue,seconds,description text,read-write,yes,no,psecConfigGlobalsEnableAging,"If aging is globally enabled, this is the aging period in seconds. Valid range is [10; 10000000] seconds(max is around 115 days)."
switch,ML540M-PSEC-MIB,ml540mPsecConfigGlobalsAgingPeriodSecs,1.3.6.1.4.1.5468.100.66.1.2.1.3,scalar,unsigned32,,seconds,description text,read-write,yes,no,psecConfigGlobalsAgingPeriodSecs,"If aging is globally enabled, this is the aging period in seconds. Valid range is [10; 10000000] seconds(max is around 115 days)."
switch,ML540M-PSEC-MIB,ml540mPsecConfigPortIfIndex,1.3.6.1.4.1.5468.100.66.1.2.2.1.1,column,textual-convention,VTSSInterfaceIndex,,,not-accessible,no,yes,psecConfigPortIfIndex,Logical interface number of the physical port.
switch,ML540M-PSEC-MIB,ml540mPsecConfigPortEnabled,1.3.6.1.4.1.5468.100.66.1.2.2.1.2,column,boolean,TruthValue,,,read-write,yes,no,psecConfigPortEnabled,Controls whether Port Security Limit Control is enabled for this port.
switch,ML540M-PSEC-MIB,ml540mPsecConfigPortLimit,1.3.6.1.4.1.5468.100.66.1.2.2.1.3,column,unsigned32,,,,read-write,yes,no,psecConfigPortLimit,Maximum number of MAC addresses allowed on this port.Valid values = [PSEC_LIMIT_MIN; PSEC_LIMIT_MAX].
switch,ML540M-PSEC-MIB,ml540mPsecConfigPortAction,1.3.6.1.4.1.5468.100.66.1.2.2.1.4,column,textual-convention,VTSSPsecLimitActionType,,,read-write,yes,no,psecConfigPortAction,"Action to take if number of MAC addresses exceeds the limit. NONE(0) Do nothing, except disallowing further clients. TRAP(1) Send an SNMP trap notific"
switch,ML540M-PSEC-MIB,ml540mPsecStatusPortIfIndex,1.3.6.1.4.1.5468.100.66.1.3.1.1.1,column,textual-convention,VTSSInterfaceIndex,,,not-accessible,no,yes,psecStatusPortIfIndex,Logical interface number of the physical port.
switch,ML540M-PSEC-MIB,ml540mPsecStatusPortUsers,1.3.6.1.4.1.5468.100.66.1.3.1.1.2,column,unsigned32,,,,read-only,no,no,psecStatusPortUsers,"Bit masks to indicate what users currently use port security on this port. Where bit 0 - port security limit, bit 1 - 802.1x, bit 2 - voice VLAN."
switch,ML540M-PSEC-MIB,ml540mPsecStatusPortLimitReached,1.3.6.1.4.1.5468.100.66.1.3.1.1.3,column,boolean,TruthValue,,,read-only,no,no,psecStatusPortLimitReached,"TRUE if the limit is reached on the port, FALSE otherwise."
switch,ML540M-PSEC-MIB,ml540mPsecStatusPortShutdown,1.3.6.1.4.1.5468.100.66.1.3.1.1.4,column,boolean,TruthValue,,,read-only,no,no,psecStatusPortShutdown,"TRUE if the port is shut down, FALSE otherwise."
switch,ML540M-PSEC-MIB,ml540mPsecStatusPortMacCount,1.3.6.1.4.1.5468.100.66.1.3.1.1.5,column,unsigned32,,,,read-only,no,no,psecStatusPortMacCount,Number of MAC addresses currently assigned to this port. The number does NOT include the number of entries that are held due to a H/W failure or S/W f
switch,ML540M-PSEC-MIB,ml540mPsecControlPortReopenIfIndex,1.3.6.1.4.1.5468.100.66.1.4.1.1.1,column,textual-convention,VTSSInterfaceIndex,,,not-accessible,no,yes,psecControlPortReopenIfIndex,Logical interface number of the physical port.
switch,ML540M-PSEC-MIB,ml540mPsecControlPortReopenPortReOpen,1.3.6.1.4.1.5468.100.66.1.4.1.1.2,column,boolean,TruthValue,,,read-write,yes,no,psecControlPortReopenPortReOpen,Set to true to reopen after it is shutdown
switch,ML540M-PSEC-MIB,ml540mPsecStatisticsPortIfIndex,1.3.6.1.4.1.5468.100.66.1.5.1.1.1,column,textual-convention,VTSSInterfaceIndex,,,not-accessible,no,yes,psecStatisticsPortIfIndex,Logical interface number of the physical port.
switch,ML540M-PSEC-MIB,ml540mPsecStatisticsPortAgeOrHold,1.3.6.1.4.1.5468.100.66.1.5.1.1.5,column,textual-convention,VTSSDisplayString,,,read-only,no,no,psecStatisticsPortAgeOrHold,Down-counter used in block and ageing process.
switch,ML540M-PSEC-MIB,ml540mPsecStatisticsPortCreationTime,1.3.6.1.4.1.5468.100.66.1.5.1.1.6,column,textual-convention,VTSSDisplayString,,,read-only,no,no,psecStatisticsPortCreationTime,Time when this entry was orignally added.
switch,ML540M-PSEC-MIB,ml540mPsecStatisticsPortState,1.3.6.1.4.1.5468.100.66.1.5.1.1.7,column,textual-convention,VTSSPsecStateType,,,read-only,no,no,psecStatisticsPortState,"Current State of a entry, expected state can be either FORWARDING or BLOCKED."
switch,ML540M-PSEC-MIB,ml540mPsecStatisticsPortMacId,1.3.6.1.4.1.5468.100.66.1.5.1.1.8,column,mac-address,MacAddress,,,read-only,no,no,psecStatisticsPortMacId,The MAC address that this is all about.
switch,ML540M-PSEC-MIB,ml540mPsecStatisticsPortVlanId,1.3.6.1.4.1.5468.100.66.1.5.1.1.9,column,textual-convention,VTSSUnsigned16,,,read-only,no,no,psecStatisticsPortVlanId,The VID that this is all about.
switch,ML540M-DHCP-SNOOPING-MIB,ml540mDhcpSnoopingConfigGlobalsMode,1.3.6.1.4.1.5468.100.56.1.2.1.1,scalar,boolean,TruthValue,,,read-write,yes,no,dhcpSnoopingConfigGlobalsMode,Indicates the DHCP snooping mode operation. Possible modes are - true: Enable DHCP snooping mode operation. When DHCP snooping mode operation is enabl
switch,ML540M-DHCP-SNOOPING-MIB,ml540mDhcpSnoopingConfigInterfaceIfIndex,1.3.6.1.4.1.5468.100.56.1.2.2.1.1,column,textual-convention,VTSSInterfaceIndex,,,not-accessible,no,yes,dhcpSnoopingConfigInterfaceIfIndex,Logical interface number of the physical port.
switch,ML540M-DHCP-SNOOPING-MIB,ml540mDhcpSnoopingConfigInterfaceTrustMode,1.3.6.1.4.1.5468.100.56.1.2.2.1.2,column,boolean,TruthValue,,,read-write,yes,no,dhcpSnoopingConfigInterfaceTrustMode,Indicates the DHCP snooping port mode. Possible port modes are - true: Configures the port as trusted source of the DHCP messages. false: Configures t
switch,ML540M-DHCP-SNOOPING-MIB,ml540mDhcpSnoopingStatusAssignedIpMacAddress,1.3.6.1.4.1.5468.100.56.1.3.1.1.1,column,mac-address,MacAddress,,,not-accessible,no,yes,dhcpSnoopingStatusAssignedIpMacAddress,MAC address.
switch,ML540M-DHCP-SNOOPING-MIB,ml540mDhcpSnoopingStatusAssignedIpVlanId,1.3.6.1.4.1.5468.100.56.1.3.1.1.2,column,integer,,,,not-accessible,no,yes,dhcpSnoopingStatusAssignedIpVlanId,The VLAN id of the VLAN.
switch,ML540M-DHCP-SNOOPING-MIB,ml540mDhcpSnoopingStatusAssignedIpIfIndex,1.3.6.1.4.1.5468.100.56.1.3.1.1.3,column,textual-convention,VTSSInterfaceIndex,,,read-only,no,no,dhcpSnoopingStatusAssignedIpIfIndex,Logical interface number of the physical port of the DHCP client.
switch,ML540M-DHCP-SNOOPING-MIB,ml540mDhcpSnoopingStatusAssignedIpIpAddress,1.3.6.1.4.1.5468.100.56.1.3.1.1.4,column,ipv4-address,,,,read-only,no,no,dhcpSnoopingStatusAssignedIpIpAddress,IP address assigned to DHCP client by DHCP server.
switch,ML540M-DHCP-SNOOPING-MIB,ml540mDhcpSnoopingStatusAssignedIpNetmask,1.3.6.1.4.1.5468.100.56.1.3.1.1.5,column,ipv4-address,,,,read-only,no,no,dhcpSnoopingStatusAssignedIpNetmask,Netmask assigned to DHCP client by DHCP server.
switch,ML540M-DHCP-SNOOPING-MIB,ml540mDhcpSnoopingStatusAssignedIpDhcpServerIp,1.3.6.1.4.1.5468.100.56.1.3.1.1.6,column,ipv4-address,,,,read-only,no,no,dhcpSnoopingStatusAssignedIpDhcpServerIp,IP address of the DHCP server that assigns the IP address and netmask.
switch,ML540M-DHCP-SNOOPING-MIB,ml540mDhcpSnoopingControlInterfaceClearStatisticsIfIndex,1.3.6.1.4.1.5468.100.56.1.4.1.1.1,column,textual-convention,VTSSInterfaceIndex,,,not-accessible,no,yes,dhcpSnoopingControlInterfaceClearStatisticsIfIndex,Logical interface number of the physical port.
switch,ML540M-DHCP-SNOOPING-MIB,ml540mDhcpSnoopingControlInterfaceClearStatisticsClear,1.3.6.1.4.1.5468.100.56.1.4.1.1.2,column,boolean,TruthValue,,,read-write,yes,no,dhcpSnoopingControlInterfaceClearStatisticsClear,clear statistics per physical port.
switch,ML540M-DHCP-SNOOPING-MIB,ml540mDhcpSnoopingStatisticsInterfaceIfIndex,1.3.6.1.4.1.5468.100.56.1.5.2.1.1,column,textual-convention,VTSSInterfaceIndex,,,not-accessible,no,yes,dhcpSnoopingStatisticsInterfaceIfIndex,Logical interface number of the physical port.
switch,ML540M-DHCP-SNOOPING-MIB,ml540mDhcpSnoopingStatisticsInterfaceRxDiscover,1.3.6.1.4.1.5468.100.56.1.5.2.1.2,column,unsigned32,,packets,description text,read-only,no,no,dhcpSnoopingStatisticsInterfaceRxDiscover,The number of discover (option 53 with value 1) packets received.
switch,ML540M-DHCP-SNOOPING-MIB,ml540mDhcpSnoopingStatisticsInterfaceRxOffer,1.3.6.1.4.1.5468.100.56.1.5.2.1.3,column,unsigned32,,packets,description text,read-only,no,no,dhcpSnoopingStatisticsInterfaceRxOffer,The number of offer (option 53 with value 2) packets received.
switch,ML540M-DHCP-SNOOPING-MIB,ml540mDhcpSnoopingStatisticsInterfaceRxRequest,1.3.6.1.4.1.5468.100.56.1.5.2.1.4,column,unsigned32,,packets,description text,read-only,no,no,dhcpSnoopingStatisticsInterfaceRxRequest,The number of request (option 53 with value 3) packets received.
switch,ML540M-DHCP-SNOOPING-MIB,ml540mDhcpSnoopingStatisticsInterfaceRxDecline,1.3.6.1.4.1.5468.100.56.1.5.2.1.5,column,unsigned32,,packets,description text,read-only,no,no,dhcpSnoopingStatisticsInterfaceRxDecline,The number of decline (option 53 with value 4) packets received.
switch,ML540M-DHCP-SNOOPING-MIB,ml540mDhcpSnoopingStatisticsInterfaceRxAck,1.3.6.1.4.1.5468.100.56.1.5.2.1.6,column,unsigned32,,packets,description text,read-only,no,no,dhcpSnoopingStatisticsInterfaceRxAck,The number of ACK (option 53 with value 5) packets received.
switch,ML540M-DHCP-SNOOPING-MIB,ml540mDhcpSnoopingStatisticsInterfaceRxNak,1.3.6.1.4.1.5468.100.56.1.5.2.1.7,column,unsigned32,,packets,description text,read-only,no,no,dhcpSnoopingStatisticsInterfaceRxNak,The number of NAK (option 53 with value 6) packets received.
switch,ML540M-DHCP-SNOOPING-MIB,ml540mDhcpSnoopingStatisticsInterfaceRxRelease,1.3.6.1.4.1.5468.100.56.1.5.2.1.8,column,unsigned32,,packets,description text,read-only,no,no,dhcpSnoopingStatisticsInterfaceRxRelease,The number of release (option 53 with value 7) packets received.
switch,ML540M-DHCP-SNOOPING-MIB,ml540mDhcpSnoopingStatisticsInterfaceRxInform,1.3.6.1.4.1.5468.100.56.1.5.2.1.9,column,unsigned32,,packets,description text,read-only,no,no,dhcpSnoopingStatisticsInterfaceRxInform,The number of inform (option 53 with value 8) packets received.
switch,ML540M-DHCP-SNOOPING-MIB,ml540mDhcpSnoopingStatisticsInterfaceRxLeaseQuery,1.3.6.1.4.1.5468.100.56.1.5.2.1.10,column,unsigned32,,packets,description text,read-only,no,no,dhcpSnoopingStatisticsInterfaceRxLeaseQuery,The number of lease query (option 53 with value 10) packets received.
switch,ML540M-DHCP-SNOOPING-MIB,ml540mDhcpSnoopingStatisticsInterfaceRxLeaseUnassigned,1.3.6.1.4.1.5468.100.56.1.5.2.1.11,column,unsigned32,,packets,description text,read-only,no,no,dhcpSnoopingStatisticsInterfaceRxLeaseUnassigned,The number of lease unassigned (option 53 with value 11) packets received.
switch,ML540M-DHCP-SNOOPING-MIB,ml540mDhcpSnoopingStatisticsInterfaceRxLeaseUnknown,1.3.6.1.4.1.5468.100.56.1.5.2.1.12,column,unsigned32,,packets,description text,read-only,no,no,dhcpSnoopingStatisticsInterfaceRxLeaseUnknown,The number of lease unknown (option 53 with value 12) packets received.
switch,ML540M-DHCP-SNOOPING-MIB,ml540mDhcpSnoopingStatisticsInterfaceRxLeaseActive,1.3.6.1.4.1.5468.100.56.1.5.2.1.13,column,unsigned32,,packets,description text,read-only,no,no,dhcpSnoopingStatisticsInterfaceRxLeaseActive,The number of lease active (option 53 with value 13) packets received.
switch,ML540M-DHCP-SNOOPING-MIB,ml540mDhcpSnoopingStatisticsInterfaceRxDiscardChksumErr,1.3.6.1.4.1.5468.100.56.1.5.2.1.14,column,unsigned32,,packets,description text,read-only,no,no,dhcpSnoopingStatisticsInterfaceRxDiscardChksumErr,The number of discard packet that IP/UDP checksum is error.
switch,ML540M-DHCP-SNOOPING-MIB,ml540mDhcpSnoopingStatisticsInterfaceRxDiscardUntrust,1.3.6.1.4.1.5468.100.56.1.5.2.1.15,column,unsigned32,,packets,description text,read-only,no,no,dhcpSnoopingStatisticsInterfaceRxDiscardUntrust,The number of discard packet that are coming from untrusted port.
switch,ML540M-DHCP-SNOOPING-MIB,ml540mDhcpSnoopingStatisticsInterfaceTxDiscover,1.3.6.1.4.1.5468.100.56.1.5.2.1.16,column,unsigned32,,packets,description text,read-only,no,no,dhcpSnoopingStatisticsInterfaceTxDiscover,The number of discover (option 53 with value 1) packets transmited.
switch,ML540M-DHCP-SNOOPING-MIB,ml540mDhcpSnoopingStatisticsInterfaceTxOffer,1.3.6.1.4.1.5468.100.56.1.5.2.1.17,column,unsigned32,,packets,description text,read-only,no,no,dhcpSnoopingStatisticsInterfaceTxOffer,The number of offer (option 53 with value 2) packets transmited.
switch,ML540M-DHCP-SNOOPING-MIB,ml540mDhcpSnoopingStatisticsInterfaceTxRequest,1.3.6.1.4.1.5468.100.56.1.5.2.1.18,column,unsigned32,,packets,description text,read-only,no,no,dhcpSnoopingStatisticsInterfaceTxRequest,The number of request (option 53 with value 3) packets transmited.
switch,ML540M-DHCP-SNOOPING-MIB,ml540mDhcpSnoopingStatisticsInterfaceTxDecline,1.3.6.1.4.1.5468.100.56.1.5.2.1.19,column,unsigned32,,packets,description text,read-only,no,no,dhcpSnoopingStatisticsInterfaceTxDecline,The number of decline (option 53 with value 4) packets transmited.
switch,ML540M-DHCP-SNOOPING-MIB,ml540mDhcpSnoopingStatisticsInterfaceTxAck,1.3.6.1.4.1.5468.100.56.1.5.2.1.20,column,unsigned32,,packets,description text,read-only,no,no,dhcpSnoopingStatisticsInterfaceTxAck,The number of ACK (option 53 with value 5) packets transmited.
switch,ML540M-DHCP-SNOOPING-MIB,ml540mDhcpSnoopingStatisticsInterfaceTxNak,1.3.6.1.4.1.5468.100.56.1.5.2.1.21,column,unsigned32,,packets,description text,read-only,no,no,dhcpSnoopingStatisticsInterfaceTxNak,The number of NAK (option 53 with value 6) packets transmited.
switch,ML540M-DHCP-SNOOPING-MIB,ml540mDhcpSnoopingStatisticsInterfaceTxRelease,1.3.6.1.4.1.5468.100.56.1.5.2.1.22,column,unsigned32,,packets,description text,read-only,no,no,dhcpSnoopingStatisticsInterfaceTxRelease,The number of release (option 53 with value 7) packets transmited.
switch,ML540M-DHCP-SNOOPING-MIB,ml540mDhcpSnoopingStatisticsInterfaceTxInform,1.3.6.1.4.1.5468.100.56.1.5.2.1.23,column,unsigned32,,packets,description text,read-only,no,no,dhcpSnoopingStatisticsInterfaceTxInform,The number of inform (option 53 with value 8) packets transmited.
switch,ML540M-DHCP-SNOOPING-MIB,ml540mDhcpSnoopingStatisticsInterfaceTxLeaseQuery,1.3.6.1.4.1.5468.100.56.1.5.2.1.24,column,unsigned32,,packets,description text,read-only,no,no,dhcpSnoopingStatisticsInterfaceTxLeaseQuery,The number of lease query (option 53 with value 10) packets transmited.
switch,ML540M-DHCP-SNOOPING-MIB,ml540mDhcpSnoopingStatisticsInterfaceTxLeaseUnassigned,1.3.6.1.4.1.5468.100.56.1.5.2.1.25,column,unsigned32,,packets,description text,read-only,no,no,dhcpSnoopingStatisticsInterfaceTxLeaseUnassigned,The number of lease unassigned (option 53 with value 11) packets transmited.
switch,ML540M-DHCP-SNOOPING-MIB,ml540mDhcpSnoopingStatisticsInterfaceTxLeaseUnknown,1.3.6.1.4.1.5468.100.56.1.5.2.1.26,column,unsigned32,,packets,description text,read-only,no,no,dhcpSnoopingStatisticsInterfaceTxLeaseUnknown,The number of lease unknown (option 53 with value 12) packets transmited.
switch,ML540M-DHCP-SNOOPING-MIB,ml540mDhcpSnoopingStatisticsInterfaceTxLeaseActive,1.3.6.1.4.1.5468.100.56.1.5.2.1.27,column,unsigned32,,packets,description text,read-only,no,no,dhcpSnoopingStatisticsInterfaceTxLeaseActive,The number of lease active (option 53 with value 13) packets transmited.
switch,ML540M-VOICE-VLAN-MIB,ml540mVoiceVlanCapabilitiesSupportLldpDiscovery,1.3.6.1.4.1.5468.100.70.1.1.1,scalar,boolean,TruthValue,,,read-only,no,no,voiceVlanCapabilitiesSupportLldpDiscovery,The capability to support voice device discovery from LLDP notification.
switch,ML540M-VOICE-VLAN-MIB,ml540mVoiceVlanCapabilitiesMinAgeTime,1.3.6.1.4.1.5468.100.70.1.1.2,scalar,unsigned32,,seconds,description text,read-only,no,no,voiceVlanCapabilitiesMinAgeTime,The minimum time value in second for aging telephony OUI sources in voice VLAN.
switch,ML540M-VOICE-VLAN-MIB,ml540mVoiceVlanCapabilitiesMaxAgeTime,1.3.6.1.4.1.5468.100.70.1.1.3,scalar,unsigned32,,seconds,description text,read-only,no,no,voiceVlanCapabilitiesMaxAgeTime,The maximum time value in second for aging telephony OUI sources in voice VLAN.
switch,ML540M-VOICE-VLAN-MIB,ml540mVoiceVlanCapabilitiesMaxTrafficClass,1.3.6.1.4.1.5468.100.70.1.1.4,scalar,unsigned32,,,,read-only,no,no,voiceVlanCapabilitiesMaxTrafficClass,The maximum allowed CoS (Class of Service) value to be used in forwarding voice VLAN traffic.
switch,ML540M-VOICE-VLAN-MIB,ml540mVoiceVlanCapabilitiesMaxOuiEntryCount,1.3.6.1.4.1.5468.100.70.1.1.5,scalar,unsigned32,,,,read-only,no,no,voiceVlanCapabilitiesMaxOuiEntryCount,The maximum number of telephony OUI entry registration.
switch,ML540M-VOICE-VLAN-MIB,ml540mVoiceVlanConfigGlobalsMgmtAdminState,1.3.6.1.4.1.5468.100.70.1.2.1.1.1,scalar,boolean,TruthValue,,,read-write,yes,no,voiceVlanConfigGlobalsMgmtAdminState,"Administrative control for system wide voice VLAN function, TRUE is to enable the voice VLAN function and FALSE is to disable it."
switch,ML540M-VOICE-VLAN-MIB,ml540mVoiceVlanConfigGlobalsMgmtVlanId,1.3.6.1.4.1.5468.100.70.1.2.1.1.2,scalar,textual-convention,VTSSUnsigned16,,,read-write,yes,no,voiceVlanConfigGlobalsMgmtVlanId,"VLAN ID, which should be unique in the system, for voice VLAN."
switch,ML540M-VOICE-VLAN-MIB,ml540mVoiceVlanConfigGlobalsMgmtAgingTime,1.3.6.1.4.1.5468.100.70.1.2.1.1.3,scalar,unsigned32,,,,read-write,yes,no,voiceVlanConfigGlobalsMgmtAgingTime,MAC address aging time (T) for telephony OUI source registrated by voice VLAN. The actual timing in purging the specific entry ranges from T to 2T.
switch,ML540M-VOICE-VLAN-MIB,ml540mVoiceVlanConfigGlobalsMgmtTrafficClass,1.3.6.1.4.1.5468.100.70.1.2.1.1.4,scalar,unsigned32,,frames,description text,read-write,yes,no,voiceVlanConfigGlobalsMgmtTrafficClass,Traffic class value used in frame CoS queuing insides voice VLAN. All kinds of traffic on voice VLAN apply this traffic class.
switch,ML540M-VOICE-VLAN-MIB,ml540mVoiceVlanConfigInterfacePortIfIndex,1.3.6.1.4.1.5468.100.70.1.2.2.1.1.1,column,textual-convention,VTSSInterfaceIndex,,,not-accessible,no,yes,voiceVlanConfigInterfacePortIfIndex,Logical interface number of the Voice VLAN port.
switch,ML540M-VOICE-VLAN-MIB,ml540mVoiceVlanConfigInterfacePortMode,1.3.6.1.4.1.5468.100.70.1.2.2.1.1.2,column,textual-convention,VTSSVoiceVlanPortManagementType,,,read-write,yes,no,voiceVlanConfigInterfacePortMode,Management mode of the specific port in voice VLAN. 'disabled' will disjoin the port from voice VLAN. 'forced' will force the port to join voice VLAN.
switch,ML540M-VOICE-VLAN-MIB,ml540mVoiceVlanConfigInterfacePortDiscoveryProtocol,1.3.6.1.4.1.5468.100.70.1.2.2.1.1.3,column,textual-convention,VTSSVoiceVlanPortDiscoveryProtocol,,,read-write,yes,no,voiceVlanConfigInterfacePortDiscoveryProtocol,"Specify the protocol for detecting attached VoIP devices. It only works when 'automatic' is set in Mode parameter, and voice VLAN will restart automat"
switch,ML540M-VOICE-VLAN-MIB,ml540mVoiceVlanConfigInterfacePortSecured,1.3.6.1.4.1.5468.100.70.1.2.2.1.1.4,column,boolean,TruthValue,,,read-write,yes,no,voiceVlanConfigInterfacePortSecured,"Manage the security control of this port interface in voice VLAN, TRUE is to enable the security control and FALSE is to disable it. When it is disabl"
switch,ML540M-VOICE-VLAN-MIB,ml540mVoiceVlanConfigOuiPrefix,1.3.6.1.4.1.5468.100.70.1.2.3.1.1.1,column,string,,bytes,description text,not-accessible,no,yes,voiceVlanConfigOuiPrefix,Address prefix of the telephony OUI. A leading 3 bytes index used to denote whether specific MAC address is presenting a voice device.
switch,ML540M-VOICE-VLAN-MIB,ml540mVoiceVlanConfigOuiDescription,1.3.6.1.4.1.5468.100.70.1.2.3.1.1.2,column,textual-convention,VTSSDisplayString,,,read-write,yes,no,voiceVlanConfigOuiDescription,The description for the specific telephony OUI.
switch,ML540M-VOICE-VLAN-MIB,ml540mVoiceVlanConfigOuiAction,1.3.6.1.4.1.5468.100.70.1.2.3.1.1.100,column,textual-convention,VTSSRowEditorState,,,read-write,yes,no,voiceVlanConfigOuiAction,Action
switch,ML540M-VOICE-VLAN-MIB,ml540mVoiceVlanConfigOuiTableRowEditorPrefix,1.3.6.1.4.1.5468.100.70.1.2.3.2.1,scalar,string,,bytes,description text,read-write,yes,no,voiceVlanConfigOuiTableRowEditorPrefix,Address prefix of the telephony OUI. A leading 3 bytes index used to denote whether specific MAC address is presenting a voice device.
switch,ML540M-VOICE-VLAN-MIB,ml540mVoiceVlanConfigOuiTableRowEditorDescription,1.3.6.1.4.1.5468.100.70.1.2.3.2.2,scalar,textual-convention,VTSSDisplayString,,,read-write,yes,no,voiceVlanConfigOuiTableRowEditorDescription,The description for the specific telephony OUI.
switch,ML540M-VOICE-VLAN-MIB,ml540mVoiceVlanConfigOuiTableRowEditorAction,1.3.6.1.4.1.5468.100.70.1.2.3.2.100,scalar,textual-convention,VTSSRowEditorState,,,read-write,yes,no,voiceVlanConfigOuiTableRowEditorAction,Action
switch,ML540M-PVLAN-MIB,ml540mPvlanCapabilitiesHasVlanMembershipMgmt,1.3.6.1.4.1.5468.100.23.1.1.1,scalar,boolean,TruthValue,,,read-only,no,no,pvlanCapabilitiesHasVlanMembershipMgmt,The capability to support PVLAN membership configuration by the device.
switch,ML540M-PVLAN-MIB,ml540mPvlanCapabilitiesVlanIdMax,1.3.6.1.4.1.5468.100.23.1.1.2,scalar,unsigned32,,,,read-only,no,no,pvlanCapabilitiesVlanIdMax,The maximum VLAN ID of PVLAN membership configuration supported by the device.
switch,ML540M-PVLAN-MIB,ml540mPvlanCapabilitiesVlanIdMin,1.3.6.1.4.1.5468.100.23.1.1.3,scalar,unsigned32,,,,read-only,no,no,pvlanCapabilitiesVlanIdMin,The minimum VLAN ID of PVLAN membership configuration supported by the device.
switch,ML540M-PVLAN-MIB,ml540mPvlanConfigInterfaceVlanMembershipPvlanIndex,1.3.6.1.4.1.5468.100.23.1.2.1.1.1.1,column,unsigned32,,,,not-accessible,no,yes,pvlanConfigInterfaceVlanMembershipPvlanIndex,Configuration index of the Private VLAN membership table.
switch,ML540M-PVLAN-MIB,ml540mPvlanConfigInterfaceVlanMembershipPortList,1.3.6.1.4.1.5468.100.23.1.2.1.1.1.2,column,textual-convention,VTSSPortList,,,read-write,yes,no,pvlanConfigInterfaceVlanMembershipPortList,It is used to denote the memberships of the specific Private VLAN configuration.
switch,ML540M-PVLAN-MIB,ml540mPvlanConfigInterfaceVlanMembershipAction,1.3.6.1.4.1.5468.100.23.1.2.1.1.1.100,column,textual-convention,VTSSRowEditorState,,,read-write,yes,no,pvlanConfigInterfaceVlanMembershipAction,Action
switch,ML540M-PVLAN-MIB,ml540mPvlanConfigInterfaceVlanMembershipTableRowEditorPvlanIndex,1.3.6.1.4.1.5468.100.23.1.2.1.2.1,scalar,unsigned32,,,,read-write,yes,no,pvlanConfigInterfaceVlanMembershipTableRowEditorPvlanIndex,Configuration index of the Private VLAN membership table.
switch,ML540M-PVLAN-MIB,ml540mPvlanConfigInterfaceVlanMembershipTableRowEditorPortList,1.3.6.1.4.1.5468.100.23.1.2.1.2.2,scalar,textual-convention,VTSSPortList,,,read-write,yes,no,pvlanConfigInterfaceVlanMembershipTableRowEditorPortList,It is used to denote the memberships of the specific Private VLAN configuration.
switch,ML540M-PVLAN-MIB,ml540mPvlanConfigInterfaceVlanMembershipTableRowEditorAction,1.3.6.1.4.1.5468.100.23.1.2.1.2.100,scalar,textual-convention,VTSSRowEditorState,,,read-write,yes,no,pvlanConfigInterfaceVlanMembershipTableRowEditorAction,Action
switch,ML540M-PVLAN-MIB,ml540mPvlanConfigInterfacePortIsolatationPortIndex,1.3.6.1.4.1.5468.100.23.1.2.1.3.1.1,column,textual-convention,VTSSInterfaceIndex,,,not-accessible,no,yes,pvlanConfigInterfacePortIsolatationPortIndex,Logical interface number of the Private VLAN port isolation.
switch,ML540M-PVLAN-MIB,ml540mPvlanConfigInterfacePortIsolatationEnabled,1.3.6.1.4.1.5468.100.23.1.2.1.3.1.2,column,boolean,TruthValue,,,read-write,yes,no,pvlanConfigInterfacePortIsolatationEnabled,Enable/Disable the Private VLAN isolation functionality.
switch,ML540M-VLAN-TRANSLATION-MIB,ml540mVlanTranslationCapabilitiesMaxNumberOfTranslations,1.3.6.1.4.1.5468.100.85.1.1.1,scalar,unsigned32,,,,read-only,no,no,vlanTranslationCapabilitiesMaxNumberOfTranslations,Maximum number of VLAN translation mappings the user can store in the VLAN Translation mapping table.
switch,ML540M-VLAN-TRANSLATION-MIB,ml540mVlanTranslationConfigTranslationGroupId,1.3.6.1.4.1.5468.100.85.1.2.1.1.1.1,column,integer,,,,not-accessible,no,yes,vlanTranslationConfigTranslationGroupId,Group ID of the VLAN translation mapping key.
switch,ML540M-VLAN-TRANSLATION-MIB,ml540mVlanTranslationConfigTranslationVlanId,1.3.6.1.4.1.5468.100.85.1.2.1.1.1.2,column,integer,,,,not-accessible,no,yes,vlanTranslationConfigTranslationVlanId,Vlan ID of the VLAN translation mapping key.
switch,ML540M-VLAN-TRANSLATION-MIB,ml540mVlanTranslationConfigTranslationTVlanId,1.3.6.1.4.1.5468.100.85.1.2.1.1.1.3,column,integer,,,,read-write,yes,no,vlanTranslationConfigTranslationTVlanId,Translated VLAN ID of the VLAN translation mapping.
switch,ML540M-VLAN-TRANSLATION-MIB,ml540mVlanTranslationConfigTranslationAction,1.3.6.1.4.1.5468.100.85.1.2.1.1.1.100,column,textual-convention,VTSSRowEditorState,,,read-write,yes,no,vlanTranslationConfigTranslationAction,Action
switch,ML540M-VLAN-TRANSLATION-MIB,ml540mVlanTranslationConfigTranslationRowEditorGroupId,1.3.6.1.4.1.5468.100.85.1.2.1.2.1,scalar,integer,,,,read-write,yes,no,vlanTranslationConfigTranslationRowEditorGroupId,Group ID of the VLAN translation mapping key.
switch,ML540M-VLAN-TRANSLATION-MIB,ml540mVlanTranslationConfigTranslationRowEditorVlanId,1.3.6.1.4.1.5468.100.85.1.2.1.2.2,scalar,integer,,,,read-write,yes,no,vlanTranslationConfigTranslationRowEditorVlanId,Vlan ID of the VLAN translation mapping key.
switch,ML540M-VLAN-TRANSLATION-MIB,ml540mVlanTranslationConfigTranslationRowEditorTVlanId,1.3.6.1.4.1.5468.100.85.1.2.1.2.3,scalar,integer,,,,read-write,yes,no,vlanTranslationConfigTranslationRowEditorTVlanId,Translated VLAN ID of the VLAN translation mapping.
switch,ML540M-VLAN-TRANSLATION-MIB,ml540mVlanTranslationConfigTranslationRowEditorAction,1.3.6.1.4.1.5468.100.85.1.2.1.2.100,scalar,textual-convention,VTSSRowEditorState,,,read-write,yes,no,vlanTranslationConfigTranslationRowEditorAction,Action
switch,ML540M-VLAN-TRANSLATION-MIB,ml540mVlanTranslationConfigInterfacesIfIfIndex,1.3.6.1.4.1.5468.100.85.1.2.2.1.1.1,column,textual-convention,VTSSInterfaceIndex,,,not-accessible,no,yes,vlanTranslationConfigInterfacesIfIfIndex,Interface index number.
switch,ML540M-VLAN-TRANSLATION-MIB,ml540mVlanTranslationConfigInterfacesIfGroupId,1.3.6.1.4.1.5468.100.85.1.2.2.1.1.2,column,integer,,,,read-write,yes,no,vlanTranslationConfigInterfacesIfGroupId,Group ID of the interface configuration.
switch,ML540M-PERF-MONITOR-MIB,ml540mPerfMonitorConfigGlobalsMgmtLossMeasurementAdminState,1.3.6.1.4.1.5468.100.117.1.2.1.1.1,scalar,boolean,TruthValue,,,read-write,yes,no,perfMonitorConfigGlobalsMgmtLossMeasurementAdminState,"Administrative control for PM's LM function, TRUE is to enable monitoring LM and FALSE is to disable it."
switch,ML540M-PERF-MONITOR-MIB,ml540mPerfMonitorConfigGlobalsMgmtLossMeasurementStorageState,1.3.6.1.4.1.5468.100.117.1.2.1.1.2,scalar,boolean,TruthValue,,,read-write,yes,no,perfMonitorConfigGlobalsMgmtLossMeasurementStorageState,"Administrative control for storing PM's LM result, TRUE is to enable storing LM statistics and FALSE is to disable it."
switch,ML540M-PERF-MONITOR-MIB,ml540mPerfMonitorConfigGlobalsMgmtLossMeasurementInterval,1.3.6.1.4.1.5468.100.117.1.2.1.1.3,scalar,textual-convention,VTSSUnsigned8,minutes,description text,read-write,yes,no,perfMonitorConfigGlobalsMgmtLossMeasurementInterval,"Interval for tracking LM, in minute. The configurable value ranges from 1 to 60."
switch,ML540M-PERF-MONITOR-MIB,ml540mPerfMonitorConfigGlobalsMgmtDelayMeasurementAdminState,1.3.6.1.4.1.5468.100.117.1.2.1.1.4,scalar,boolean,TruthValue,,,read-write,yes,no,perfMonitorConfigGlobalsMgmtDelayMeasurementAdminState,"Administrative control for PM's DM function, TRUE is to enable monitoring DM and FALSE is to disable it."
switch,ML540M-PERF-MONITOR-MIB,ml540mPerfMonitorConfigGlobalsMgmtDelayMeasurementStorageState,1.3.6.1.4.1.5468.100.117.1.2.1.1.5,scalar,boolean,TruthValue,,,read-write,yes,no,perfMonitorConfigGlobalsMgmtDelayMeasurementStorageState,"Administrative control for storing PM's DM result, TRUE is to enable storing DM statistics and FALSE is to disable it."
switch,ML540M-PERF-MONITOR-MIB,ml540mPerfMonitorConfigGlobalsMgmtDelayMeasurementInterval,1.3.6.1.4.1.5468.100.117.1.2.1.1.6,scalar,textual-convention,VTSSUnsigned8,minutes,description text,read-write,yes,no,perfMonitorConfigGlobalsMgmtDelayMeasurementInterval,"Interval for tracking DM, in minute. The configurable value ranges from 1 to 60."
switch,ML540M-PERF-MONITOR-MIB,ml540mPerfMonitorConfigGlobalsMgmtDelayMeasurementBinStorageState,1.3.6.1.4.1.5468.100.117.1.2.1.1.7,scalar,boolean,TruthValue,,,read-write,yes,no,perfMonitorConfigGlobalsMgmtDelayMeasurementBinStorageState,"Administrative control for storing PM's DM bucket result, TRUE is to enable storing DM bucket statistics and FALSE is to disable it."
switch,ML540M-PERF-MONITOR-MIB,ml540mPerfMonitorConfigGlobalsMgmtEvcAdminState,1.3.6.1.4.1.5468.100.117.1.2.1.1.8,scalar,boolean,TruthValue,,,read-write,yes,no,perfMonitorConfigGlobalsMgmtEvcAdminState,"Administrative control for PM's EVC monitoring function, TRUE is to enable monitoring EVC and FALSE is to disable it."
switch,ML540M-PERF-MONITOR-MIB,ml540mPerfMonitorConfigGlobalsMgmtEvcStorageState,1.3.6.1.4.1.5468.100.117.1.2.1.1.9,scalar,boolean,TruthValue,,,read-write,yes,no,perfMonitorConfigGlobalsMgmtEvcStorageState,"Administrative control for storing PM's EVC monitoring result, TRUE is to enable storing EVC statistics and FALSE is to disable it."
switch,ML540M-PERF-MONITOR-MIB,ml540mPerfMonitorConfigGlobalsMgmtEvcMeasureInterval,1.3.6.1.4.1.5468.100.117.1.2.1.1.10,scalar,textual-convention,VTSSUnsigned8,minutes,description text,read-write,yes,no,perfMonitorConfigGlobalsMgmtEvcMeasureInterval,"Interval for tracking EVC, in minute. The configurable value ranges from 1 to 60."
switch,ML540M-PERF-MONITOR-MIB,ml540mPerfMonitorConfigGlobalsTransferAdminState,1.3.6.1.4.1.5468.100.117.1.2.1.2.1,scalar,boolean,TruthValue,,,read-write,yes,no,perfMonitorConfigGlobalsTransferAdminState,"Administrative control for PM's transfer function, TRUE is to enable sending PM's monitoring result and FALSE is to disable it."
switch,ML540M-PERF-MONITOR-MIB,ml540mPerfMonitorConfigGlobalsTransferServerUrl,1.3.6.1.4.1.5468.100.117.1.2.1.2.2,scalar,textual-convention,VTSSDisplayString,,,read-write,yes,no,perfMonitorConfigGlobalsTransferServerUrl,The URL for the server directory that keeps PM's monitoring result.
switch,ML540M-PERF-MONITOR-MIB,ml540mPerfMonitorConfigGlobalsTransferIntervalMode,1.3.6.1.4.1.5468.100.117.1.2.1.2.3,scalar,textual-convention,VTSSPerfMonitorTransferMode,,,read-write,yes,no,perfMonitorConfigGlobalsTransferIntervalMode,"Transfer mode, based on selected interval type, for sending PM results. When 'all' is set, PM result from all available intervals will be sent. When '"
switch,ML540M-PERF-MONITOR-MIB,ml540mPerfMonitorConfigGlobalsTransferFixedNumberOfInterval,1.3.6.1.4.1.5468.100.117.1.2.1.2.4,scalar,textual-convention,VTSSUnsigned8,,,read-write,yes,no,perfMonitorConfigGlobalsTransferFixedNumberOfInterval,PM result from this fixed number of intervals will be sent. It is working only when 'IntervalMode' is 'fixAmount'. The configurable value ranges from
switch,ML540M-PERF-MONITOR-MIB,ml540mPerfMonitorConfigGlobalsTransferRetryIncompletedTransfer,1.3.6.1.4.1.5468.100.117.1.2.1.2.5,scalar,boolean,TruthValue,,,read-write,yes,no,perfMonitorConfigGlobalsTransferRetryIncompletedTransfer,"Administrative control to retry sending PM result from last incompleted transmission, TRUE is to enable retrying the incompleted PM result transfer an"
switch,ML540M-PERF-MONITOR-MIB,ml540mPerfMonitorConfigGlobalsXferSchedHourIndex,1.3.6.1.4.1.5468.100.117.1.2.1.3.1.1.1,column,unsigned32,,hours,description text,not-accessible,no,yes,perfMonitorConfigGlobalsXferSchedHourIndex,Hour value in 24 hour time.
switch,ML540M-PERF-MONITOR-MIB,ml540mPerfMonitorConfigGlobalsXferSchedHourEnabled,1.3.6.1.4.1.5468.100.117.1.2.1.3.1.1.2,column,boolean,TruthValue,,,read-write,yes,no,perfMonitorConfigGlobalsXferSchedHourEnabled,"Administrative control for managing the transfer schedule, TRUE is to enable specific time for transfer schedule and FALSE is to disable it."
switch,ML540M-PERF-MONITOR-MIB,ml540mPerfMonitorConfigGlobalsXferSchedQuarterIndex,1.3.6.1.4.1.5468.100.117.1.2.1.3.2.1.1,column,unsigned32,,hours,description text,not-accessible,no,yes,perfMonitorConfigGlobalsXferSchedQuarterIndex,Quarter value in a hour.
switch,ML540M-PERF-MONITOR-MIB,ml540mPerfMonitorConfigGlobalsXferSchedQuarterEnabled,1.3.6.1.4.1.5468.100.117.1.2.1.3.2.1.2,column,boolean,TruthValue,,,read-write,yes,no,perfMonitorConfigGlobalsXferSchedQuarterEnabled,"Administrative control for managing the transfer schedule, TRUE is to enable specific time for transfer schedule and FALSE is to disable it."
switch,ML540M-PERF-MONITOR-MIB,ml540mPerfMonitorConfigGlobalsXferSchedOffsetMinute,1.3.6.1.4.1.5468.100.117.1.2.1.3.3.1,scalar,textual-convention,VTSSUnsigned8,minutes,description text,read-write,yes,no,perfMonitorConfigGlobalsXferSchedOffsetMinute,The scheduled transfer time offset by minutes. The configurable value ranges from 0 to 15.
switch,ML540M-PERF-MONITOR-MIB,ml540mPerfMonitorConfigGlobalsXferSchedOffsetRandomSecond,1.3.6.1.4.1.5468.100.117.1.2.1.3.3.2,scalar,textual-convention,VTSSUnsigned16,seconds,description text,read-write,yes,no,perfMonitorConfigGlobalsXferSchedOffsetRandomSecond,The scheduled transfer time random offset by seconds. It provides a range for choosing a random second offset. The configurable value ranges from 0 to
switch,ML540M-PERF-MONITOR-MIB,ml540mPerfMonitorStatusStatisticsLmIntervalId,1.3.6.1.4.1.5468.100.117.1.3.1.1.1.1,column,unsigned32,,,,not-accessible,no,yes,perfMonitorStatusStatisticsLmIntervalId,The measurement interval identifier for the performance monitor data sets.
switch,ML540M-PERF-MONITOR-MIB,ml540mPerfMonitorStatusStatisticsLmEntryId,1.3.6.1.4.1.5468.100.117.1.3.1.1.1.2,column,unsigned32,,,,not-accessible,no,yes,perfMonitorStatusStatisticsLmEntryId,The entry identifier for the performance monitor data sets.
switch,ML540M-PERF-MONITOR-MIB,ml540mPerfMonitorStatusStatisticsLmMepInstance,1.3.6.1.4.1.5468.100.117.1.3.1.1.1.3,column,textual-convention,VTSSUnsigned16,,,read-only,no,no,perfMonitorStatusStatisticsLmMepInstance,The MEP instance for the performance monitor data sets.
switch,ML540M-PERF-MONITOR-MIB,ml540mPerfMonitorStatusStatisticsLmResidencePort,1.3.6.1.4.1.5468.100.117.1.3.1.1.1.4,column,textual-convention,VTSSInterfaceIndex,,,read-only,no,no,perfMonitorStatusStatisticsLmResidencePort,The residence port for the MEP.
switch,ML540M-PERF-MONITOR-MIB,ml540mPerfMonitorStatusStatisticsLmMepId,1.3.6.1.4.1.5468.100.117.1.3.1.1.1.5,column,textual-convention,VTSSUnsigned16,bytes,description text,read-only,no,no,perfMonitorStatusStatisticsLmMepId,Two bytes CCM MEP ID in the transmitted CCM.
switch,ML540M-PERF-MONITOR-MIB,ml540mPerfMonitorStatusStatisticsLmMepMacAddress,1.3.6.1.4.1.5468.100.117.1.3.1.1.1.6,column,mac-address,MacAddress,,,read-only,no,no,perfMonitorStatusStatisticsLmMepMacAddress,MAC address of this MEP which can be used by other MEP when unicast is selected.
switch,ML540M-PERF-MONITOR-MIB,ml540mPerfMonitorStatusStatisticsLmMepPeerMepId,1.3.6.1.4.1.5468.100.117.1.3.1.1.1.7,column,textual-convention,VTSSUnsigned16,,,read-only,no,no,perfMonitorStatusStatisticsLmMepPeerMepId,An expected MEP identifier in the received CCM.
switch,ML540M-PERF-MONITOR-MIB,ml540mPerfMonitorStatusStatisticsLmMepPeerMacAddress,1.3.6.1.4.1.5468.100.117.1.3.1.1.1.8,column,mac-address,MacAddress,,,read-only,no,no,perfMonitorStatusStatisticsLmMepPeerMacAddress,"MAC address to be used when unicast is selected with the peer MEP. Also, this MAC is used to create HW checking of receiving CCM PDU from this MEP."
switch,ML540M-PERF-MONITOR-MIB,ml540mPerfMonitorStatusStatisticsLmMepDirection,1.3.6.1.4.1.5468.100.117.1.3.1.1.1.10,column,textual-convention,VTSSPerfMonitorMepDirection,,,read-only,no,no,perfMonitorStatusStatisticsLmMepDirection,Upstream or downstream that needs to be monitored.
switch,ML540M-PERF-MONITOR-MIB,ml540mPerfMonitorStatusStatisticsLmMepLevel,1.3.6.1.4.1.5468.100.117.1.3.1.1.1.11,column,textual-convention,VTSSUnsigned8,,,read-only,no,no,perfMonitorStatusStatisticsLmMepLevel,The MEG level of this MEP.
switch,ML540M-PERF-MONITOR-MIB,ml540mPerfMonitorStatusStatisticsLmMepFlowInstance,1.3.6.1.4.1.5468.100.117.1.3.1.1.1.12,column,textual-convention,VTSSInterfaceIndex,,,read-only,no,no,perfMonitorStatusStatisticsLmMepFlowInstance,The MEP is related to this flow depends on 'MepDomain'.
switch,ML540M-PERF-MONITOR-MIB,ml540mPerfMonitorStatusStatisticsLmMepTaggedVid,1.3.6.1.4.1.5468.100.117.1.3.1.1.1.13,column,textual-convention,VTSSUnsigned16,,,read-only,no,no,perfMonitorStatusStatisticsLmMepTaggedVid,An outer C/S-tag or the subscriber VID that identifies the subscriber flow in EVC where the MIP is active.
switch,ML540M-PERF-MONITOR-MIB,ml540mPerfMonitorStatusStatisticsLmPriority,1.3.6.1.4.1.5468.100.117.1.3.1.1.1.14,column,unsigned32,,,,read-only,no,no,perfMonitorStatusStatisticsLmPriority,The priority to be inserted as PCP bits in TAG (if any).
switch,ML540M-PERF-MONITOR-MIB,ml540mPerfMonitorStatusStatisticsLmRate,1.3.6.1.4.1.5468.100.117.1.3.1.1.1.15,column,textual-convention,VTSSPerfMonitorMepRate,frames,description text,read-only,no,no,perfMonitorStatusStatisticsLmRate,Frame rate of CCM/LMM PDU which is the inverse of transmission period as described in Y.1731.
switch,ML540M-PERF-MONITOR-MIB,ml540mPerfMonitorStatusStatisticsLmTx,1.3.6.1.4.1.5468.100.117.1.3.1.1.1.16,column,unsigned32,,frames,description text,read-only,no,no,perfMonitorStatusStatisticsLmTx,The number of frame transmitted.
switch,ML540M-PERF-MONITOR-MIB,ml540mPerfMonitorStatusStatisticsLmRx,1.3.6.1.4.1.5468.100.117.1.3.1.1.1.17,column,unsigned32,,frames,description text,read-only,no,no,perfMonitorStatusStatisticsLmRx,The number of frame received.
switch,ML540M-PERF-MONITOR-MIB,ml540mPerfMonitorStatusStatisticsLmNearEndLossCount,1.3.6.1.4.1.5468.100.117.1.3.1.1.1.18,column,unsigned32,,,,read-only,no,no,perfMonitorStatusStatisticsLmNearEndLossCount,The near end loss count.
switch,ML540M-PERF-MONITOR-MIB,ml540mPerfMonitorStatusStatisticsLmNearEndLossRate,1.3.6.1.4.1.5468.100.117.1.3.1.1.1.19,column,unsigned32,,,,read-only,no,no,perfMonitorStatusStatisticsLmNearEndLossRate,The near end loss ratio.
switch,ML540M-PERF-MONITOR-MIB,ml540mPerfMonitorStatusStatisticsLmFarEndLossCount,1.3.6.1.4.1.5468.100.117.1.3.1.1.1.20,column,unsigned32,,,,read-only,no,no,perfMonitorStatusStatisticsLmFarEndLossCount,The far end loss count.
switch,ML540M-PERF-MONITOR-MIB,ml540mPerfMonitorStatusStatisticsLmFarEndLossRate,1.3.6.1.4.1.5468.100.117.1.3.1.1.1.21,column,unsigned32,,,,read-only,no,no,perfMonitorStatusStatisticsLmFarEndLossRate,The far end loss ratio.
switch,ML540M-PERF-MONITOR-MIB,ml540mPerfMonitorStatusStatisticsDmIntervalId,1.3.6.1.4.1.5468.100.117.1.3.1.2.1.1,column,unsigned32,,,,not-accessible,no,yes,perfMonitorStatusStatisticsDmIntervalId,The measurement interval identifier for the performance monitor data sets.
switch,ML540M-PERF-MONITOR-MIB,ml540mPerfMonitorStatusStatisticsDmEntryId,1.3.6.1.4.1.5468.100.117.1.3.1.2.1.2,column,unsigned32,,,,not-accessible,no,yes,perfMonitorStatusStatisticsDmEntryId,The entry identifier for the performance monitor data sets.
switch,ML540M-PERF-MONITOR-MIB,ml540mPerfMonitorStatusStatisticsDmMepInstance,1.3.6.1.4.1.5468.100.117.1.3.1.2.1.3,column,textual-convention,VTSSUnsigned16,,,read-only,no,no,perfMonitorStatusStatisticsDmMepInstance,The MEP instance for the performance monitor data sets.
switch,ML540M-PERF-MONITOR-MIB,ml540mPerfMonitorStatusStatisticsDmResidencePort,1.3.6.1.4.1.5468.100.117.1.3.1.2.1.4,column,textual-convention,VTSSInterfaceIndex,,,read-only,no,no,perfMonitorStatusStatisticsDmResidencePort,The residence port for the MEP.
switch,ML540M-PERF-MONITOR-MIB,ml540mPerfMonitorStatusStatisticsDmMepId,1.3.6.1.4.1.5468.100.117.1.3.1.2.1.5,column,textual-convention,VTSSUnsigned16,bytes,description text,read-only,no,no,perfMonitorStatusStatisticsDmMepId,Two bytes CCM MEP ID in the transmitted CCM.
switch,ML540M-PERF-MONITOR-MIB,ml540mPerfMonitorStatusStatisticsDmMepMacAddress,1.3.6.1.4.1.5468.100.117.1.3.1.2.1.6,column,mac-address,MacAddress,,,read-only,no,no,perfMonitorStatusStatisticsDmMepMacAddress,MAC address of this MEP which can be used by other MEP when unicast is selected.
switch,ML540M-PERF-MONITOR-MIB,ml540mPerfMonitorStatusStatisticsDmMepPeerMepId,1.3.6.1.4.1.5468.100.117.1.3.1.2.1.7,column,textual-convention,VTSSUnsigned16,,,read-only,no,no,perfMonitorStatusStatisticsDmMepPeerMepId,An expected MEP identifier in the received CCM.
switch,ML540M-PERF-MONITOR-MIB,ml540mPerfMonitorStatusStatisticsDmMepPeerMacAddress,1.3.6.1.4.1.5468.100.117.1.3.1.2.1.8,column,mac-address,MacAddress,,,read-only,no,no,perfMonitorStatusStatisticsDmMepPeerMacAddress,"MAC address to be used when unicast is selected with the peer MEP. Also, this MAC is used to create HW checking of receiving CCM PDU from this MEP."
switch,ML540M-PERF-MONITOR-MIB,ml540mPerfMonitorStatusStatisticsDmMepDirection,1.3.6.1.4.1.5468.100.117.1.3.1.2.1.10,column,textual-convention,VTSSPerfMonitorMepDirection,,,read-only,no,no,perfMonitorStatusStatisticsDmMepDirection,Upstream or downstream that needs to be monitored.
switch,ML540M-PERF-MONITOR-MIB,ml540mPerfMonitorStatusStatisticsDmMepLevel,1.3.6.1.4.1.5468.100.117.1.3.1.2.1.11,column,textual-convention,VTSSUnsigned8,,,read-only,no,no,perfMonitorStatusStatisticsDmMepLevel,The MEG level of this MEP.
switch,ML540M-PERF-MONITOR-MIB,ml540mPerfMonitorStatusStatisticsDmMepFlowInstance,1.3.6.1.4.1.5468.100.117.1.3.1.2.1.12,column,textual-convention,VTSSInterfaceIndex,,,read-only,no,no,perfMonitorStatusStatisticsDmMepFlowInstance,The MEP is related to this flow depends on 'MepDomain'.
switch,ML540M-PERF-MONITOR-MIB,ml540mPerfMonitorStatusStatisticsDmMepTaggedVid,1.3.6.1.4.1.5468.100.117.1.3.1.2.1.13,column,textual-convention,VTSSUnsigned16,,,read-only,no,no,perfMonitorStatusStatisticsDmMepTaggedVid,An outer C/S-tag or the subscriber VID that identifies the subscriber flow in EVC where the MIP is active.
switch,ML540M-PERF-MONITOR-MIB,ml540mPerfMonitorStatusStatisticsDmPriority,1.3.6.1.4.1.5468.100.117.1.3.1.2.1.14,column,unsigned32,,,,read-only,no,no,perfMonitorStatusStatisticsDmPriority,The priority to be inserted as PCP bits in TAG (if any).
switch,ML540M-PERF-MONITOR-MIB,ml540mPerfMonitorStatusStatisticsDmRate,1.3.6.1.4.1.5468.100.117.1.3.1.2.1.15,column,textual-convention,VTSSUnsigned8,,,read-only,no,no,perfMonitorStatusStatisticsDmRate,The gap between transmitting 1DM/DMM PDU in 10ms. The range is 10 to 65535.
switch,ML540M-PERF-MONITOR-MIB,ml540mPerfMonitorStatusStatisticsDmUnit,1.3.6.1.4.1.5468.100.117.1.3.1.2.1.16,column,textual-convention,VTSSPerfMonitorMepDmTimeUnit,,,read-only,no,no,perfMonitorStatusStatisticsDmUnit,The time resolution.
switch,ML540M-PERF-MONITOR-MIB,ml540mPerfMonitorStatusStatisticsDmTx,1.3.6.1.4.1.5468.100.117.1.3.1.2.1.17,column,unsigned32,,frames,description text,read-only,no,no,perfMonitorStatusStatisticsDmTx,The number of frame transmitted.
switch,ML540M-PERF-MONITOR-MIB,ml540mPerfMonitorStatusStatisticsDmRx,1.3.6.1.4.1.5468.100.117.1.3.1.2.1.18,column,unsigned32,,frames,description text,read-only,no,no,perfMonitorStatusStatisticsDmRx,The number of frame received.
switch,ML540M-PERF-MONITOR-MIB,ml540mPerfMonitorStatusStatisticsDmFarToNearDelayAverage,1.3.6.1.4.1.5468.100.117.1.3.1.2.1.19,column,unsigned32,,,,read-only,no,no,perfMonitorStatusStatisticsDmFarToNearDelayAverage,The far to near average delay.
switch,ML540M-PERF-MONITOR-MIB,ml540mPerfMonitorStatusStatisticsDmFarToNearDelayAverageVariation,1.3.6.1.4.1.5468.100.117.1.3.1.2.1.20,column,unsigned32,,,,read-only,no,no,perfMonitorStatusStatisticsDmFarToNearDelayAverageVariation,The far to near average delay variation.
switch,ML540M-PERF-MONITOR-MIB,ml540mPerfMonitorStatusStatisticsDmFarToNearDelayMin,1.3.6.1.4.1.5468.100.117.1.3.1.2.1.21,column,unsigned32,,,,read-only,no,no,perfMonitorStatusStatisticsDmFarToNearDelayMin,The minimum far to near delay.
switch,ML540M-PERF-MONITOR-MIB,ml540mPerfMonitorStatusStatisticsDmFarToNearDelayMax,1.3.6.1.4.1.5468.100.117.1.3.1.2.1.22,column,unsigned32,,,,read-only,no,no,perfMonitorStatusStatisticsDmFarToNearDelayMax,The maximum far to near delay.
switch,ML540M-PERF-MONITOR-MIB,ml540mPerfMonitorStatusStatisticsDmNearToFarDelayAverage,1.3.6.1.4.1.5468.100.117.1.3.1.2.1.23,column,unsigned32,,,,read-only,no,no,perfMonitorStatusStatisticsDmNearToFarDelayAverage,The near to far average delay.
switch,ML540M-PERF-MONITOR-MIB,ml540mPerfMonitorStatusStatisticsDmNearToFarDelayAverageVariation,1.3.6.1.4.1.5468.100.117.1.3.1.2.1.24,column,unsigned32,,,,read-only,no,no,perfMonitorStatusStatisticsDmNearToFarDelayAverageVariation,The near to far average delay variation.
switch,ML540M-PERF-MONITOR-MIB,ml540mPerfMonitorStatusStatisticsDmNearToFarDelayMin,1.3.6.1.4.1.5468.100.117.1.3.1.2.1.25,column,unsigned32,,,,read-only,no,no,perfMonitorStatusStatisticsDmNearToFarDelayMin,The minimum near to far delay.
switch,ML540M-PERF-MONITOR-MIB,ml540mPerfMonitorStatusStatisticsDmNearToFarDelayMax,1.3.6.1.4.1.5468.100.117.1.3.1.2.1.26,column,unsigned32,,,,read-only,no,no,perfMonitorStatusStatisticsDmNearToFarDelayMax,The maximum near to far delay.
switch,ML540M-PERF-MONITOR-MIB,ml540mPerfMonitorStatusStatisticsDm2WayDelayAverage,1.3.6.1.4.1.5468.100.117.1.3.1.2.1.27,column,unsigned32,,,,read-only,no,no,perfMonitorStatusStatisticsDm2WayDelayAverage,The two-way average delay.
switch,ML540M-PERF-MONITOR-MIB,ml540mPerfMonitorStatusStatisticsDm2WayDelayAverageVariation,1.3.6.1.4.1.5468.100.117.1.3.1.2.1.28,column,unsigned32,,,,read-only,no,no,perfMonitorStatusStatisticsDm2WayDelayAverageVariation,The two-way average delay variation.
switch,ML540M-PERF-MONITOR-MIB,ml540mPerfMonitorStatusStatisticsDm2WayDelayMin,1.3.6.1.4.1.5468.100.117.1.3.1.2.1.29,column,unsigned32,,,,read-only,no,no,perfMonitorStatusStatisticsDm2WayDelayMin,The minimum two-way delay.
switch,ML540M-PERF-MONITOR-MIB,ml540mPerfMonitorStatusStatisticsDm2WayDelayMax,1.3.6.1.4.1.5468.100.117.1.3.1.2.1.30,column,unsigned32,,,,read-only,no,no,perfMonitorStatusStatisticsDm2WayDelayMax,The maximum two-way delay.
switch,ML540M-PERF-MONITOR-MIB,ml540mPerfMonitorStatusStatisticsDmBinIntervalId,1.3.6.1.4.1.5468.100.117.1.3.1.3.1.1,column,unsigned32,,,,not-accessible,no,yes,perfMonitorStatusStatisticsDmBinIntervalId,The measurement interval identifier for the performance monitor data sets.
switch,ML540M-PERF-MONITOR-MIB,ml540mPerfMonitorStatusStatisticsDmBinEntryId,1.3.6.1.4.1.5468.100.117.1.3.1.3.1.2,column,unsigned32,,,,not-accessible,no,yes,perfMonitorStatusStatisticsDmBinEntryId,The entry identifier for the performance monitor data sets.
switch,ML540M-PERF-MONITOR-MIB,ml540mPerfMonitorStatusStatisticsDmBinType,1.3.6.1.4.1.5468.100.117.1.3.1.3.1.3,column,unsigned32,,frames,description text,not-accessible,no,yes,perfMonitorStatusStatisticsDmBinType,The type for DM bin statistics. It's used for indicating what kinds of delay frame are counted in the bin.'1' presents the frame delay. '2' presents t
switch,ML540M-PERF-MONITOR-MIB,ml540mPerfMonitorStatusStatisticsDmBinDirection,1.3.6.1.4.1.5468.100.117.1.3.1.3.1.4,column,unsigned32,,frames,description text,not-accessible,no,yes,perfMonitorStatusStatisticsDmBinDirection,The direction for DM bin statistics. It's used for indicating the measuring method of the delay frame. '1' presents one-way delay from remote devices
switch,ML540M-PERF-MONITOR-MIB,ml540mPerfMonitorStatusStatisticsDmBinBucketId,1.3.6.1.4.1.5468.100.117.1.3.1.3.1.5,column,unsigned32,,,,not-accessible,no,yes,perfMonitorStatusStatisticsDmBinBucketId,The bin ID.
switch,ML540M-PERF-MONITOR-MIB,ml540mPerfMonitorStatusStatisticsDmBinHitCount,1.3.6.1.4.1.5468.100.117.1.3.1.3.1.6,column,unsigned32,,,,read-only,no,no,perfMonitorStatusStatisticsDmBinHitCount,The hit count for the DM bin
switch,ML540M-PERF-MONITOR-MIB,ml540mPerfMonitorStatusStatisticsEvcIntervalId,1.3.6.1.4.1.5468.100.117.1.3.1.4.1.1,column,unsigned32,,,,not-accessible,no,yes,perfMonitorStatusStatisticsEvcIntervalId,The measurement interval identifier for the performance monitor data sets.
switch,ML540M-PERF-MONITOR-MIB,ml540mPerfMonitorStatusStatisticsEvcEntryId,1.3.6.1.4.1.5468.100.117.1.3.1.4.1.2,column,unsigned32,,,,not-accessible,no,yes,perfMonitorStatusStatisticsEvcEntryId,The entry identifier for the performance monitor data sets.
switch,ML540M-PERF-MONITOR-MIB,ml540mPerfMonitorStatusStatisticsEvcEvcInstance,1.3.6.1.4.1.5468.100.117.1.3.1.4.1.3,column,textual-convention,VTSSUnsigned16,,,read-only,no,no,perfMonitorStatusStatisticsEvcEvcInstance,The EVC instance for the performance monitor data sets.
switch,ML540M-PERF-MONITOR-MIB,ml540mPerfMonitorStatusStatisticsEvcPortType,1.3.6.1.4.1.5468.100.117.1.3.1.4.1.4,column,textual-convention,VTSSPerfMonitorEvcPortType,,,read-only,no,no,perfMonitorStatusStatisticsEvcPortType,The port type for the EVC.
switch,ML540M-PERF-MONITOR-MIB,ml540mPerfMonitorStatusStatisticsEvcPort,1.3.6.1.4.1.5468.100.117.1.3.1.4.1.5,column,textual-convention,VTSSInterfaceIndex,,,read-only,no,no,perfMonitorStatusStatisticsEvcPort,The interface ID for the EVC.
switch,ML540M-PERF-MONITOR-MIB,ml540mPerfMonitorStatusStatisticsEvcCos,1.3.6.1.4.1.5468.100.117.1.3.1.4.1.6,column,unsigned32,,,,read-only,no,no,perfMonitorStatusStatisticsEvcCos,"The COS queue ID on the interface, '4294967295' indicates the port is NNI port."
switch,ML540M-PERF-MONITOR-MIB,ml540mPerfMonitorStatusStatisticsEvcGreenRxFrames,1.3.6.1.4.1.5468.100.117.1.3.1.4.1.7,column,counter64,,count,SMI type counter64,read-only,no,no,perfMonitorStatusStatisticsEvcGreenRxFrames,The number of green frames received.
switch,ML540M-PERF-MONITOR-MIB,ml540mPerfMonitorStatusStatisticsEvcGreenTxFrames,1.3.6.1.4.1.5468.100.117.1.3.1.4.1.8,column,counter64,,count,SMI type counter64,read-only,no,no,perfMonitorStatusStatisticsEvcGreenTxFrames,The number of green frames transmitted.
switch,ML540M-PERF-MONITOR-MIB,ml540mPerfMonitorStatusStatisticsEvcGreenRxBytes,1.3.6.1.4.1.5468.100.117.1.3.1.4.1.9,column,counter64,,count,SMI type counter64,read-only,no,no,perfMonitorStatusStatisticsEvcGreenRxBytes,The number of green bytes received.
switch,ML540M-PERF-MONITOR-MIB,ml540mPerfMonitorStatusStatisticsEvcGreenTxBytes,1.3.6.1.4.1.5468.100.117.1.3.1.4.1.10,column,counter64,,count,SMI type counter64,read-only,no,no,perfMonitorStatusStatisticsEvcGreenTxBytes,The number of green bytes transmitted.
switch,ML540M-PERF-MONITOR-MIB,ml540mPerfMonitorStatusStatisticsEvcYellowRxFrames,1.3.6.1.4.1.5468.100.117.1.3.1.4.1.11,column,counter64,,count,SMI type counter64,read-only,no,no,perfMonitorStatusStatisticsEvcYellowRxFrames,The number of yellow frames received.
switch,ML540M-PERF-MONITOR-MIB,ml540mPerfMonitorStatusStatisticsEvcYellowTxFrames,1.3.6.1.4.1.5468.100.117.1.3.1.4.1.12,column,counter64,,count,SMI type counter64,read-only,no,no,perfMonitorStatusStatisticsEvcYellowTxFrames,The number of yellow frames transmitted.
switch,ML540M-PERF-MONITOR-MIB,ml540mPerfMonitorStatusStatisticsEvcYellowRxBytes,1.3.6.1.4.1.5468.100.117.1.3.1.4.1.13,column,counter64,,count,SMI type counter64,read-only,no,no,perfMonitorStatusStatisticsEvcYellowRxBytes,The number of yellow bytes received.
switch,ML540M-PERF-MONITOR-MIB,ml540mPerfMonitorStatusStatisticsEvcYellowTxBytes,1.3.6.1.4.1.5468.100.117.1.3.1.4.1.14,column,counter64,,count,SMI type counter64,read-only,no,no,perfMonitorStatusStatisticsEvcYellowTxBytes,The number of yellow bytes transmitted.
switch,ML540M-PERF-MONITOR-MIB,ml540mPerfMonitorStatusStatisticsEvcRedRxFrames,1.3.6.1.4.1.5468.100.117.1.3.1.4.1.15,column,counter64,,count,SMI type counter64,read-only,no,no,perfMonitorStatusStatisticsEvcRedRxFrames,The number of red frames received.
switch,ML540M-PERF-MONITOR-MIB,ml540mPerfMonitorStatusStatisticsEvcRedRxBytes,1.3.6.1.4.1.5468.100.117.1.3.1.4.1.16,column,counter64,,count,SMI type counter64,read-only,no,no,perfMonitorStatusStatisticsEvcRedRxBytes,The number of red bytes received.
switch,ML540M-PERF-MONITOR-MIB,ml540mPerfMonitorStatusStatisticsEvcDiscardedRxFrames,1.3.6.1.4.1.5468.100.117.1.3.1.4.1.17,column,counter64,,count,SMI type counter64,read-only,no,no,perfMonitorStatusStatisticsEvcDiscardedRxFrames,The number of frames discarded in the ingress queue system.
switch,ML540M-PERF-MONITOR-MIB,ml540mPerfMonitorStatusStatisticsEvcDiscardedTxFrames,1.3.6.1.4.1.5468.100.117.1.3.1.4.1.18,column,counter64,,count,SMI type counter64,read-only,no,no,perfMonitorStatusStatisticsEvcDiscardedTxFrames,The number of frames discarded in the egress queue system.
switch,ML540M-PERF-MONITOR-MIB,ml540mPerfMonitorStatusStatisticsEvcDiscardedRxBytes,1.3.6.1.4.1.5468.100.117.1.3.1.4.1.19,column,counter64,,count,SMI type counter64,read-only,no,no,perfMonitorStatusStatisticsEvcDiscardedRxBytes,The number of bytes discarded in the ingress queue system.
switch,ML540M-PERF-MONITOR-MIB,ml540mPerfMonitorStatusStatisticsEvcDiscardedTxBytes,1.3.6.1.4.1.5468.100.117.1.3.1.4.1.20,column,counter64,,count,SMI type counter64,read-only,no,no,perfMonitorStatusStatisticsEvcDiscardedTxBytes,The number of bytes discarded in the egress queue system.
switch,ML540M-PERF-MONITOR-MIB,ml540mPerfMonitorStatusIntervalInfoType,1.3.6.1.4.1.5468.100.117.1.3.2.1.1.1,column,unsigned32,,,,not-accessible,no,yes,perfMonitorStatusIntervalInfoType,The type for the performance monitor interval information. '1' presents LM; '2' presents DM; '3' presents EVC.
switch,ML540M-PERF-MONITOR-MIB,ml540mPerfMonitorStatusIntervalInfoIntervalId,1.3.6.1.4.1.5468.100.117.1.3.2.1.1.2,column,unsigned32,,,,not-accessible,no,yes,perfMonitorStatusIntervalInfoIntervalId,The measurement interval identifier for the performance monitor data sets.
switch,ML540M-PERF-MONITOR-MIB,ml540mPerfMonitorStatusIntervalInfoStartTime,1.3.6.1.4.1.5468.100.117.1.3.2.1.1.3,column,textual-convention,VTSSDisplayString,,,read-only,no,no,perfMonitorStatusIntervalInfoStartTime,The date and time when PM starts.
switch,ML540M-PERF-MONITOR-MIB,ml540mPerfMonitorStatusIntervalInfoEndTime,1.3.6.1.4.1.5468.100.117.1.3.2.1.1.4,column,textual-convention,VTSSDisplayString,,,read-only,no,no,perfMonitorStatusIntervalInfoEndTime,The date and time when PM stops.
switch,ML540M-PERF-MONITOR-MIB,ml540mPerfMonitorStatusIntervalInfoElapsedTime,1.3.6.1.4.1.5468.100.117.1.3.2.1.1.5,column,counter64,,count,SMI type counter64,read-only,no,no,perfMonitorStatusIntervalInfoElapsedTime,The elapsed time ticks for the specific monitoring type and the corresponding interval identifier.
switch,ML540M-PERF-MONITOR-MIB,ml540mPerfMonitorControlGlobalsActionDeleteLmStatisticsAll,1.3.6.1.4.1.5468.100.117.1.4.1.1.1,scalar,boolean,TruthValue,,,read-write,yes,no,perfMonitorControlGlobalsActionDeleteLmStatisticsAll,Clear all the LM statistics.
switch,ML540M-PERF-MONITOR-MIB,ml540mPerfMonitorControlGlobalsActionDeleteDmStatisticsAll,1.3.6.1.4.1.5468.100.117.1.4.1.1.2,scalar,boolean,TruthValue,,,read-write,yes,no,perfMonitorControlGlobalsActionDeleteDmStatisticsAll,Clear all the DM statistics.
switch,ML540M-PERF-MONITOR-MIB,ml540mPerfMonitorControlGlobalsActionDeleteEvcStatisticsAll,1.3.6.1.4.1.5468.100.117.1.4.1.1.3,scalar,boolean,TruthValue,,,read-write,yes,no,perfMonitorControlGlobalsActionDeleteEvcStatisticsAll,Clear all the EVC statistics.
switch,ML540M-EEE-MIB,ml540mEeeCapabilitiesGlobalsOptimizationPreferences,1.3.6.1.4.1.5468.100.74.1.1.1.1,scalar,boolean,TruthValue,,,read-only,no,no,eeeCapabilitiesGlobalsOptimizationPreferences,"Indicates whether device supports optimization preferences, true means supported. false means not supported."
switch,ML540M-EEE-MIB,ml540mEeeCapabilitiesInterfaceIfIndex,1.3.6.1.4.1.5468.100.74.1.1.2.1.1,column,textual-convention,VTSSInterfaceIndex,,,not-accessible,no,yes,eeeCapabilitiesInterfaceIfIndex,Logical interface number.
switch,ML540M-EEE-MIB,ml540mEeeCapabilitiesInterfaceMaxEgressQueues,1.3.6.1.4.1.5468.100.74.1.1.2.1.2,column,textual-convention,VTSSUnsigned8,,,read-only,no,no,eeeCapabilitiesInterfaceMaxEgressQueues,Maximum number of supported egress port queues.
switch,ML540M-EEE-MIB,ml540mEeeCapabilitiesInterfaceEEE,1.3.6.1.4.1.5468.100.74.1.1.2.1.3,column,boolean,TruthValue,,,read-only,no,no,eeeCapabilitiesInterfaceEEE,Indicates whether interface supports EEE(IEEE 802.3az). true means EEE supported. false means not supported.
switch,ML540M-EEE-MIB,ml540mEeeConfigGlobalsOptimizationPreferences,1.3.6.1.4.1.5468.100.74.1.2.1.1,scalar,textual-convention,VTSSEeePreference,,,read-write,yes,no,eeeConfigGlobalsOptimizationPreferences,"EEE optimization preferences, either maximum power saving or low traffic latency."
switch,ML540M-EEE-MIB,ml540mEeeConfigInterfaceParamIfIndex,1.3.6.1.4.1.5468.100.74.1.2.2.1.1.1,column,textual-convention,VTSSInterfaceIndex,,,not-accessible,no,yes,eeeConfigInterfaceParamIfIndex,Logical interface number.
switch,ML540M-EEE-MIB,ml540mEeeConfigInterfaceParamEnableEEE,1.3.6.1.4.1.5468.100.74.1.2.2.1.1.2,column,boolean,TruthValue,,,read-write,yes,no,eeeConfigInterfaceParamEnableEEE,Enable EEE (IEEE 802.3az) feature at a interface. true is to advertize EEE(IEEE 802.3az) capabilities to partner device. false is to disable it.
switch,ML540M-EEE-MIB,ml540mEeeConfigInterfaceQueueIfIndex,1.3.6.1.4.1.5468.100.74.1.2.2.2.1.1,column,textual-convention,VTSSInterfaceIndex,,,not-accessible,no,yes,eeeConfigInterfaceQueueIfIndex,Logical interface number.
switch,ML540M-EEE-MIB,ml540mEeeConfigInterfaceQueueIndex,1.3.6.1.4.1.5468.100.74.1.2.2.2.1.2,column,integer,,,,not-accessible,no,yes,eeeConfigInterfaceQueueIndex,Egress port queue index.
switch,ML540M-EEE-MIB,ml540mEeeConfigInterfaceQueueEgressQueueType,1.3.6.1.4.1.5468.100.74.1.2.2.2.1.3,column,textual-convention,VTSSEeeQueueType,,,read-write,yes,no,eeeConfigInterfaceQueueEgressQueueType,Egress port queue is urgent queue or normal queue.
switch,ML540M-EEE-MIB,ml540mEeeStatusInterfaceIfIndex,1.3.6.1.4.1.5468.100.74.1.3.1.1.1,column,textual-convention,VTSSInterfaceIndex,,,not-accessible,no,yes,eeeStatusInterfaceIfIndex,Logical interface number.
switch,ML540M-EEE-MIB,ml540mEeeStatusInterfacePartnerEEE,1.3.6.1.4.1.5468.100.74.1.3.1.1.2,column,textual-convention,VTSSEeeStatusType,,,read-only,no,no,eeeStatusInterfacePartnerEEE,Indicates whether link partner advertising EEE(IEEE 802.3az) capabilities.
switch,ML540M-EEE-MIB,ml540mEeeStatusInterfaceRxPowerSave,1.3.6.1.4.1.5468.100.74.1.3.1.1.3,column,textual-convention,VTSSEeeStatusType,,,read-only,no,no,eeeStatusInterfaceRxPowerSave,Indicates whether interfcae rx path currently in power save state.
switch,ML540M-UDLD-MIB,ml540mUdldConfigInterfaceParamIfIndex,1.3.6.1.4.1.5468.100.123.1.2.1.1.1.1,column,textual-convention,VTSSInterfaceIndex,,,not-accessible,no,yes,udldConfigInterfaceParamIfIndex,Logical interface number.
switch,ML540M-UDLD-MIB,ml540mUdldConfigInterfaceParamUdldMode,1.3.6.1.4.1.5468.100.123.1.2.1.1.1.2,column,textual-convention,VTSSUdldMode,,,read-write,yes,no,udldConfigInterfaceParamUdldMode,Port udld mode disable/normal/aggresive.
switch,ML540M-UDLD-MIB,ml540mUdldConfigInterfaceParamProbeMsgInterval,1.3.6.1.4.1.5468.100.123.1.2.1.1.1.3,column,unsigned32,,seconds,description text,read-write,yes,no,udldConfigInterfaceParamProbeMsgInterval,Port probe message interval(seconds). Valid range: 7 to 90 seconds.
switch,ML540M-UDLD-MIB,ml540mUdldStatusInterfaceIfIndex,1.3.6.1.4.1.5468.100.123.1.3.1.1.1.1,column,textual-convention,VTSSInterfaceIndex,,,not-accessible,no,yes,udldStatusInterfaceIfIndex,Logical interface number.
switch,ML540M-UDLD-MIB,ml540mUdldStatusInterfaceDeviceID,1.3.6.1.4.1.5468.100.123.1.3.1.1.1.2,column,textual-convention,VTSSDisplayString,,,read-only,no,no,udldStatusInterfaceDeviceID,Local device id.
switch,ML540M-UDLD-MIB,ml540mUdldStatusInterfaceDeviceName,1.3.6.1.4.1.5468.100.123.1.3.1.1.1.3,column,textual-convention,VTSSDisplayString,,,read-only,no,no,udldStatusInterfaceDeviceName,Local device name.
switch,ML540M-UDLD-MIB,ml540mUdldStatusInterfaceLinkState,1.3.6.1.4.1.5468.100.123.1.3.1.1.1.4,column,textual-convention,VTSSUdldDetectionState,,,read-only,no,no,udldStatusInterfaceLinkState,Local device link detected state.
switch,ML540M-UDLD-MIB,ml540mUdldStatusInterfaceNeighborIfIndex,1.3.6.1.4.1.5468.100.123.1.3.1.2.1.1,column,textual-convention,VTSSInterfaceIndex,,,not-accessible,no,yes,udldStatusInterfaceNeighborIfIndex,Logical interface number.
switch,ML540M-UDLD-MIB,ml540mUdldStatusInterfaceNeighborNeighborDeviceID,1.3.6.1.4.1.5468.100.123.1.3.1.2.1.2,column,textual-convention,VTSSDisplayString,,,read-only,no,no,udldStatusInterfaceNeighborNeighborDeviceID,Neighbor device id.
switch,ML540M-UDLD-MIB,ml540mUdldStatusInterfaceNeighborNeighborPortID,1.3.6.1.4.1.5468.100.123.1.3.1.2.1.3,column,textual-convention,VTSSDisplayString,,,read-only,no,no,udldStatusInterfaceNeighborNeighborPortID,Neighbor port id.
switch,ML540M-UDLD-MIB,ml540mUdldStatusInterfaceNeighborNeighborDeviceName,1.3.6.1.4.1.5468.100.123.1.3.1.2.1.4,column,textual-convention,VTSSDisplayString,,,read-only,no,no,udldStatusInterfaceNeighborNeighborDeviceName,Neighbor device name.
switch,ML540M-UDLD-MIB,ml540mUdldStatusInterfaceNeighborLinkDetectionState,1.3.6.1.4.1.5468.100.123.1.3.1.2.1.5,column,textual-convention,VTSSUdldDetectionState,,,read-only,no,no,udldStatusInterfaceNeighborLinkDetectionState,Neighbor device link detected state.
